Date,Open,High,Low,Close,Adj Close,Volume
2015-01-05,16.600000381469727,16.6875,16.5,16.637500762939453,11.650155067443848,25182448
2015-01-06,16.4375,16.4375,16.1875,16.225000381469727,11.361307144165039,78007304
2015-01-07,16.174999237060547,16.3125,16.174999237060547,16.25,11.378812789916992,27966168
2015-01-08,16.375,16.649999618530273,16.375,16.625,11.641401290893555,52614100
2015-01-09,16.725000381469727,16.737499237060547,16.512500762939453,16.537500381469727,11.580131530761719,23567924
2015-01-12,16.450000762939453,16.537500381469727,16.412500381469727,16.4375,11.510107040405273,36241316
2015-01-13,16.399999618530273,16.600000381469727,16.350000381469727,16.487499237060547,11.545120239257812,24606508
2015-01-14,16.5,16.512500762939453,16.350000381469727,16.399999618530273,11.48384952545166,28820956
2015-01-15,16.412500381469727,16.487499237060547,16.337499618530273,16.450000762939453,11.5188627243042,14102160
2015-01-16,16.5625,16.600000381469727,16.337499618530273,16.375,11.466343879699707,37270636
2015-01-19,16.575000762939453,16.6875,16.512500762939453,16.5625,11.597637176513672,70365356
2015-01-20,16.625,16.725000381469727,16.587499618530273,16.6875,11.685166358947754,40390900
2015-01-21,16.799999237060547,16.825000762939453,16.75,16.8125,11.772696495056152,70224444
2015-01-22,16.875,16.975000381469727,16.862499237060547,16.899999618530273,11.833966255187988,64500140
2015-01-23,17.0625,17.174999237060547,17.0625,17.174999237060547,12.026529312133789,143438740
2015-01-26,17.137500762939453,17.212499618530273,17.112499237060547,17.174999237060547,12.026529312133789,81841336
2015-01-27,17.25,17.3125,17.200000762939453,17.287500381469727,12.105307579040527,144869392
2015-01-28,17.200000762939453,17.299999237060547,17.200000762939453,17.287500381469727,12.105307579040527,143974480
2015-01-29,17.262500762939453,17.262500762939453,17.037500381469727,17.075000762939453,11.956509590148926,79161816
2015-01-30,17.149999618530273,17.149999618530273,17.0,17.0,11.903989791870117,17057896
2015-02-02,17.049999237060547,17.087499618530273,16.975000381469727,17.037500381469727,11.930249214172363,23243836
2015-02-03,17.087499618530273,17.212499618530273,17.024999618530273,17.162500381469727,12.017777442932129,66582092
2015-02-04,17.299999237060547,17.375,17.262500762939453,17.350000381469727,12.14907169342041,81430672
2015-02-05,17.262500762939453,17.3125,17.200000762939453,17.274999618530273,12.09655475616455,19134272
2015-02-06,17.274999618530273,17.299999237060547,17.162500381469727,17.1875,12.035284042358398,16431592
2015-02-09,17.1875,17.1875,17.0625,17.125,11.991518020629883,14049076
2015-02-10,17.112499237060547,17.125,17.049999237060547,17.0625,11.947754859924316,32092364
2015-02-11,17.174999237060547,17.3125,17.174999237060547,17.25,12.079048156738281,28797600
2015-02-12,17.25,17.299999237060547,17.200000762939453,17.25,12.079048156738281,37241548
2015-02-13,17.337499618530273,17.412500381469727,17.337499618530273,17.362499237060547,12.157825469970703,30399688
2015-02-24,17.487499237060547,17.612499237060547,17.487499237060547,17.5625,12.297871589660645,58198800
2015-02-25,17.674999237060547,17.725000381469727,17.637500762939453,17.700000762939453,12.394155502319336,93015684
2015-02-26,17.637500762939453,17.662500381469727,17.512500762939453,17.575000762939453,12.306626319885254,34754532
2015-03-02,17.575000762939453,17.637500762939453,17.4375,17.5,12.254105567932129,26357504
2015-03-03,17.512500762939453,17.524999618530273,17.375,17.475000381469727,12.236602783203125,20271732
2015-03-04,17.387500762939453,17.512500762939453,17.375,17.487499237060547,12.245356559753418,25658840
2015-03-05,17.487499237060547,17.5,17.337499618530273,17.424999237060547,12.20158863067627,15047544
2015-03-06,17.387500762939453,17.475000381469727,17.325000762939453,17.450000762939453,12.219094276428223,12269192
2015-03-09,17.362499237060547,17.375,17.225000381469727,17.274999618530273,12.09655475616455,29859988
2015-03-10,17.25,17.262500762939453,17.149999618530273,17.237499237060547,12.070294380187988,27833500
2015-03-11,17.087499618530273,17.287500381469727,17.075000762939453,17.262500762939453,12.087799072265625,40156992
2015-03-12,17.212499618530273,17.412500381469727,17.200000762939453,17.412500381469727,12.192838668823242,22841224
2015-03-13,17.412500381469727,17.4375,17.362499237060547,17.362499237060547,12.157825469970703,18110704
2015-03-16,17.337499618530273,17.337499618530273,17.212499618530273,17.225000381469727,12.061539649963379,24319908
2015-03-17,17.299999237060547,17.4375,17.25,17.287500381469727,12.105307579040527,28385376
2015-03-18,17.299999237060547,17.537500381469727,17.299999237060547,17.475000381469727,12.236602783203125,74484372
2015-03-19,17.625,17.725000381469727,17.5625,17.662500381469727,12.367897987365723,49954352
2015-03-20,17.662500381469727,17.662500381469727,17.600000381469727,17.637500762939453,12.350390434265137,17996276
2015-03-23,17.637500762939453,17.725000381469727,17.612499237060547,17.6875,12.385400772094727,30400712
2015-03-24,17.637500762939453,17.712499618530273,17.587499618530273,17.625,12.34163761138916,18018840
2015-03-25,17.625,17.649999618530273,17.524999618530273,17.5625,12.297871589660645,17835032
2015-03-26,17.350000381469727,17.424999237060547,17.287500381469727,17.350000381469727,12.14907169342041,38032500
2015-03-27,17.350000381469727,17.350000381469727,17.162500381469727,17.1875,12.035284042358398,40057776
2015-03-30,17.1875,17.225000381469727,17.137500762939453,17.200000762939453,12.044036865234375,41414268
2015-03-31,17.25,17.3125,17.200000762939453,17.262500762939453,12.087799072265625,30572136
2015-04-01,17.174999237060547,17.212499618530273,17.125,17.162500381469727,12.017777442932129,32936868
2015-04-02,17.225000381469727,17.4375,17.225000381469727,17.375,12.166580200195312,31203732
2015-04-07,17.387500762939453,17.424999237060547,17.337499618530273,17.399999618530273,12.184080123901367,13791888
2015-04-08,17.399999618530273,17.399999618530273,17.212499618530273,17.25,12.079048156738281,20279520
2015-04-09,17.25,17.462499618530273,17.237499237060547,17.274999618530273,12.09655475616455,24822068
2015-04-10,17.424999237060547,17.450000762939453,17.362499237060547,17.412500381469727,12.192838668823242,18401804
2015-04-13,17.475000381469727,17.487499237060547,17.412500381469727,17.462499618530273,12.2278470993042,16799036
2015-04-14,17.462499618530273,17.462499618530273,17.375,17.375,12.166580200195312,18250424
2015-04-15,17.3125,17.375,17.100000381469727,17.162500381469727,12.017777442932129,69067668
2015-04-16,17.237499237060547,17.424999237060547,17.225000381469727,17.424999237060547,12.20158863067627,63097896
2015-04-17,17.387500762939453,17.387500762939453,17.225000381469727,17.262500762939453,12.087799072265625,36948764
2015-04-20,17.174999237060547,17.287500381469727,17.137500762939453,17.237499237060547,12.070294380187988,38286004
2015-04-21,17.262500762939453,17.325000762939453,17.212499618530273,17.237499237060547,12.070294380187988,11457452
2015-04-22,17.325000762939453,17.450000762939453,17.3125,17.412500381469727,12.192838668823242,45247916
2015-04-23,17.549999237060547,17.875,17.537500381469727,17.875,12.516694068908691,97336372
2015-04-24,17.924999237060547,18.212499618530273,17.924999237060547,18.049999237060547,12.639238357543945,106108680
2015-04-27,18.25,18.325000762939453,18.149999618530273,18.1875,12.73552131652832,53126644
2015-04-28,18.212499618530273,18.274999618530273,18.087499618530273,18.149999618530273,12.709260940551758,65861048
2015-04-29,18.125,18.174999237060547,17.899999618530273,17.950000762939453,12.5692138671875,40298736
2015-04-30,17.899999618530273,17.950000762939453,17.787500381469727,17.862499237060547,12.507942199707031,27122128
2015-05-04,17.862499237060547,17.912500381469727,17.712499618530273,17.899999618530273,12.534201622009277,21525504
2015-05-05,17.850000381469727,17.850000381469727,17.725000381469727,17.799999237060547,12.464177131652832,27204200
2015-05-06,17.700000762939453,17.850000381469727,17.625,17.825000762939453,12.481682777404785,26413952
2015-05-07,17.700000762939453,17.700000762939453,17.537500381469727,17.612499237060547,12.332880020141602,40816896
2015-05-08,17.612499237060547,17.662500381469727,17.612499237060547,17.625,12.34163761138916,22589184
2015-05-11,17.75,17.799999237060547,17.575000762939453,17.712499618530273,12.402908325195312,44889028
2015-05-12,17.649999618530273,17.712499618530273,17.637500762939453,17.674999237060547,12.3766508102417,36256088
2015-05-13,17.674999237060547,17.799999237060547,17.674999237060547,17.774999618530273,12.446670532226562,27496332
2015-05-14,17.712499618530273,17.737499237060547,17.5,17.524999618530273,12.271612167358398,66081056
2015-05-15,17.575000762939453,17.587499618530273,17.424999237060547,17.5,12.254105567932129,46571468
2015-05-18,17.512500762939453,17.575000762939453,17.5,17.5625,12.297871589660645,12993168
2015-05-19,17.600000381469727,17.862499237060547,17.600000381469727,17.825000762939453,12.481682777404785,33833088
2015-05-20,17.8125,17.8125,17.700000762939453,17.700000762939453,12.394155502319336,30122424
2015-05-21,17.537500381469727,17.549999237060547,17.4375,17.537500381469727,12.280364036560059,46271728
2015-05-22,17.549999237060547,17.737499237060547,17.549999237060547,17.674999237060547,12.3766508102417,24611032
2015-05-25,17.612499237060547,17.737499237060547,17.575000762939453,17.674999237060547,12.3766508102417,9564232
2015-05-26,17.799999237060547,17.899999618530273,17.700000762939453,17.75,12.429165840148926,30085248
2015-05-27,17.712499618530273,17.825000762939453,17.674999237060547,17.787500381469727,12.455422401428223,23249432
2015-05-28,17.9375,17.975000381469727,17.8125,17.875,12.516694068908691,23160576
2015-05-29,17.924999237060547,17.924999237060547,17.762500762939453,17.774999618530273,12.446670532226562,19600592
2015-06-01,17.774999618530273,17.787500381469727,17.5625,17.625,12.34163761138916,31400892
2015-06-02,17.612499237060547,17.625,17.5,17.600000381469727,12.324131965637207,19469648
2015-06-03,17.575000762939453,17.600000381469727,17.475000381469727,17.487499237060547,12.245356559753418,26233216
2015-06-04,17.450000762939453,17.475000381469727,17.087499618530273,17.149999618530273,12.009026527404785,112729268
2015-06-05,17.125,17.149999618530273,17.049999237060547,17.112499237060547,11.982767105102539,60425224
2015-06-08,17.075000762939453,17.262500762939453,17.0,17.225000381469727,12.061539649963379,36376508
2015-06-09,17.125,17.149999618530273,17.0,17.087499618530273,11.96526050567627,73719804
2015-06-10,17.137500762939453,17.225000381469727,17.112499237060547,17.162500381469727,12.017777442932129,34667604
2015-06-11,17.200000762939453,17.225000381469727,17.100000381469727,17.212499618530273,12.052787780761719,29410284
2015-06-12,17.225000381469727,17.25,17.112499237060547,17.200000762939453,12.044036865234375,12703196
2015-06-15,17.200000762939453,17.25,17.125,17.162500381469727,12.017777442932129,15046464
2015-06-16,17.162500381469727,17.162500381469727,17.012500762939453,17.049999237060547,11.93899917602539,34726808
2015-06-17,17.049999237060547,17.1875,17.049999237060547,17.125,11.991518020629883,22258320
2015-06-18,17.112499237060547,17.137500762939453,17.049999237060547,17.100000381469727,11.974013328552246,42753080
2015-06-22,17.1875,17.350000381469727,17.1875,17.337499618530273,12.140320777893066,45240660
2015-06-23,17.387500762939453,17.462499618530273,17.337499618530273,17.387500762939453,12.175333023071289,21245052
2015-06-24,17.399999618530273,17.424999237060547,17.350000381469727,17.412500381469727,12.192838668823242,24508192
2015-06-25,17.5,17.662500381469727,17.5,17.612499237060547,12.332880020141602,55261700
2015-06-26,17.612499237060547,17.612499237060547,17.537500381469727,17.612499237060547,12.332880020141602,19706932
2015-06-29,17.337499618530273,17.399999618530273,17.1875,17.200000762939453,12.044036865234375,46304644
2015-06-30,17.200000762939453,17.350000381469727,17.200000762939453,17.350000381469727,12.14907169342041,16373960
2015-07-01,17.350000381469727,17.575000762939453,17.3125,17.512500762939453,12.262860298156738,24252684
2015-07-02,17.549999237060547,17.5625,17.462499618530273,17.524999618530273,12.271612167358398,17362688
2015-07-03,17.5,17.549999237060547,17.3125,17.524999618530273,12.271612167358398,31049856
2015-07-06,17.387500762939453,17.512500762939453,17.299999237060547,17.325000762939453,12.131567001342773,30338536
2015-07-07,17.412500381469727,17.524999618530273,17.362499237060547,17.399999618530273,12.184080123901367,18827676
2015-07-08,17.299999237060547,17.299999237060547,16.862499237060547,16.875,11.816462516784668,151599060
2015-07-09,16.700000762939453,16.837499618530273,16.524999618530273,16.774999618530273,11.74643611907959,132332512
2015-07-10,16.774999618530273,16.774999618530273,16.774999618530273,16.774999618530273,11.74643611907959,0
2015-07-13,17.0,17.024999618530273,16.799999237060547,17.024999618530273,11.921496391296387,63226916
2015-07-14,17.075000762939453,17.174999237060547,17.012500762939453,17.024999618530273,11.921496391296387,38474128
2015-07-15,17.075000762939453,17.162500381469727,17.0,17.0625,11.947754859924316,35462816
2015-07-16,17.149999618530273,17.237499237060547,17.049999237060547,17.149999618530273,12.009026527404785,27758332
2015-07-17,17.087499618530273,17.162500381469727,17.075000762939453,17.125,11.991518020629883,13728556
2015-07-20,17.25,17.299999237060547,16.950000762939453,17.0,11.903989791870117,31328176
2015-07-21,17.087499618530273,17.162500381469727,17.0,17.162500381469727,12.017777442932129,13454792
2015-07-22,17.049999237060547,17.075000762939453,16.924999237060547,16.950000762939453,11.868977546691895,56559756
2015-07-23,16.875,16.962499618530273,16.712499618530273,16.787500381469727,11.755188941955566,83924324
2015-07-24,16.762500762939453,16.8125,16.625,16.6875,11.685166358947754,79688192
2015-07-27,16.600000381469727,16.637500762939453,16.387500762939453,16.450000762939453,11.5188627243042,113785248
2015-07-28,16.4375,16.575000762939453,16.375,16.462499618530273,11.527615547180176,70075120
2015-07-29,16.475000381469727,16.475000381469727,16.274999618530273,16.350000381469727,11.448836326599121,73970396
2015-07-30,16.399999618530273,16.637500762939453,16.387500762939453,16.625,11.641401290893555,29895572
2015-07-31,16.625,16.637500762939453,16.450000762939453,16.537500381469727,11.580131530761719,44678108
2015-08-03,16.475000381469727,16.475000381469727,16.225000381469727,16.3125,11.422579765319824,63033688
2015-08-04,16.375,16.5,16.25,16.325000762939453,11.431329727172852,49241700
2015-08-05,16.387500762939453,16.5,16.325000762939453,16.424999237060547,11.501355171203613,39500416
2015-08-06,16.5,16.512500762939453,16.137500762939453,16.25,11.378812789916992,94483752
2015-08-07,16.125,16.25,16.049999237060547,16.174999237060547,11.326295852661133,27594688
2015-08-10,16.149999618530273,16.1875,16.0,16.137500762939453,11.300039291381836,40330104
2015-08-11,16.325000762939453,16.450000762939453,16.100000381469727,16.137500762939453,11.300039291381836,69645700
2015-08-12,16.0625,16.112499237060547,15.75,15.862500190734863,11.107473373413086,96875892
2015-08-13,15.862500190734863,15.975000381469727,15.837499618530273,15.887499809265137,11.124977111816406,64588420
2015-08-14,15.862500190734863,15.9375,15.787500381469727,15.824999809265137,11.08121395111084,33620136
2015-08-17,15.824999809265137,15.824999809265137,15.675000190734863,15.725000381469727,11.01119327545166,55411544
2015-08-18,15.75,15.824999809265137,15.612500190734863,15.637499809265137,10.949920654296875,39366724
2015-08-19,15.600000381469727,15.625,15.324999809265137,15.399999618530273,10.783613204956055,70382588
2015-08-20,15.3125,15.462499618530273,15.237500190734863,15.350000381469727,10.748604774475098,77317364
2015-08-21,15.149999618530273,15.1875,14.949999809265137,14.949999809265137,10.468510627746582,112305968
2015-08-24,14.774999618530273,14.774999618530273,13.850000381469727,14.375,10.065874099731445,245269636
2015-08-25,14.375,15.0,14.375,15.0,10.503521919250488,173951984
2015-08-26,14.824999809265137,15.125,14.662500381469727,15.087499618530273,10.564790725708008,68495612
2015-08-27,15.149999618530273,15.162500381469727,15.0,15.037500381469727,10.529779434204102,73305896
2015-08-28,15.25,15.475000381469727,15.25,15.449999809265137,10.81862735748291,74739296
2015-08-31,15.324999809265137,15.587499618530273,15.300000190734863,15.574999809265137,10.906157493591309,75831660
2015-09-01,15.475000381469727,15.649999618530273,15.375,15.4375,10.809873580932617,49362608
2015-09-02,15.274999618530273,15.574999809265137,15.237500190734863,15.524999618530273,10.871143341064453,72681908
2015-09-03,15.587499618530273,15.600000381469727,15.399999618530273,15.537500381469727,10.87989616394043,30175576
2015-09-04,15.537500381469727,15.637499809265137,15.337499618530273,15.337499618530273,10.739849090576172,63235844
2015-09-07,15.324999809265137,15.574999809265137,15.274999618530273,15.3125,10.722344398498535,40622104
2015-09-08,15.375,15.412500381469727,15.274999618530273,15.362500190734863,10.757355690002441,38568992
2015-09-09,15.662500381469727,16.037500381469727,15.662500381469727,16.037500381469727,11.23001480102539,96009052
2015-09-10,15.949999809265137,15.949999809265137,15.787500381469727,15.862500190734863,11.107473373413086,40739132
2015-09-11,15.824999809265137,15.925000190734863,15.762499809265137,15.875,11.116225242614746,31845168
2015-09-14,15.975000381469727,16.0,15.8125,15.912500381469727,11.142485618591309,17558684
2015-09-15,15.9375,15.962499618530273,15.762499809265137,15.787500381469727,11.05495834350586,23071448
2015-09-16,15.912500381469727,16.0,15.850000381469727,15.975000381469727,11.186250686645508,29691268
2015-09-17,16.125,16.287500381469727,16.125,16.25,11.378812789916992,51639404
2015-09-18,16.25,16.25,16.137500762939453,16.212499618530273,11.352553367614746,14028932
2015-09-21,16.012500762939453,16.024999618530273,15.800000190734863,15.862500190734863,11.107473373413086,39950376
2015-09-22,15.887499809265137,15.987500190734863,15.887499809265137,15.949999809265137,11.168745994567871,17323500
2015-09-23,15.800000190734863,15.800000190734863,15.550000190734863,15.587499618530273,10.914907455444336,40182412
2015-09-24,15.637499809265137,15.712499618530273,15.475000381469727,15.5,10.8536376953125,29459824
2015-09-25,15.537500381469727,15.587499618530273,15.399999618530273,15.5625,10.8974027633667,23928716
2015-09-29,15.5625,15.5625,15.5625,15.5625,10.8974027633667,0
2015-09-30,15.362500190734863,15.649999618530273,15.362500190734863,15.600000381469727,10.923664093017578,34296492
2015-10-01,15.649999618530273,15.925000190734863,15.550000190734863,15.899999618530273,11.1337308883667,47947396
2015-10-02,15.837499618530273,15.899999618530273,15.774999618530273,15.8125,11.072461128234863,30287628
2015-10-05,15.949999809265137,16.0,15.8125,15.850000381469727,11.098721504211426,21532752
2015-10-06,16.037500381469727,16.174999237060547,15.962499618530273,15.975000381469727,11.186250686645508,33202088
2015-10-07,15.975000381469727,16.212499618530273,15.975000381469727,16.212499618530273,11.352553367614746,34548176
2015-10-08,16.274999618530273,16.325000762939453,16.149999618530273,16.174999237060547,11.326295852661133,49441508
2015-10-12,16.262500762939453,16.475000381469727,16.262500762939453,16.387500762939453,11.475095748901367,69862572
2015-10-13,16.399999618530273,16.412500381469727,16.287500381469727,16.325000762939453,11.431329727172852,29959156
2015-10-14,16.325000762939453,16.325000762939453,16.237499237060547,16.262500762939453,11.387566566467285,28543832
2015-10-15,16.412500381469727,16.587499618530273,16.412500381469727,16.5,11.553872108459473,57431960
2015-10-16,16.487499237060547,16.5,16.399999618530273,16.4375,11.510107040405273,32757704
2015-10-19,16.5,16.549999237060547,16.424999237060547,16.487499237060547,11.545120239257812,29644636
2015-10-20,16.5,16.524999618530273,16.450000762939453,16.487499237060547,11.545120239257812,18107092
2015-10-21,16.524999618530273,16.537500381469727,16.350000381469727,16.375,11.466343879699707,45993828
2015-10-22,16.325000762939453,16.399999618530273,16.3125,16.375,11.466343879699707,32264944
2015-10-23,16.549999237060547,16.625,16.462499618530273,16.475000381469727,11.536367416381836,82751032
2015-10-26,16.125,16.212499618530273,16.112499237060547,16.137500762939453,11.653716087341309,48328160
2015-10-27,16.125,16.137500762939453,15.987500190734863,16.049999237060547,11.590526580810547,22892952
2015-10-28,16.049999237060547,16.0625,15.899999618530273,15.9375,11.509285926818848,20302760
2015-10-29,16.024999618530273,16.075000762939453,15.774999618530273,15.824999809265137,11.428043365478516,33655348
2015-10-30,15.824999809265137,15.862500190734863,15.699999809265137,15.800000190734863,11.409990310668945,23967300
2015-11-02,15.774999618530273,15.850000381469727,15.649999618530273,15.824999809265137,11.428043365478516,19325108
2015-11-03,15.949999809265137,16.100000381469727,15.949999809265137,16.075000762939453,11.608583450317383,37172988
2015-11-04,16.1875,16.399999618530273,16.174999237060547,16.387500762939453,11.834253311157227,66205444
2015-11-05,16.412500381469727,16.412500381469727,16.3125,16.350000381469727,11.807171821594238,23609368
2015-11-06,16.350000381469727,16.350000381469727,15.912500381469727,16.024999618530273,11.572474479675293,47662236
2015-11-09,16.0,16.087499618530273,15.899999618530273,15.912500381469727,11.491232872009277,22131276
2015-11-10,15.824999809265137,15.850000381469727,15.712499618530273,15.725000381469727,11.35583209991455,35388764
2015-11-11,15.725000381469727,15.75,15.487500190734863,15.537500381469727,11.220425605773926,65172616
2015-11-12,15.550000190734863,15.600000381469727,15.462499618530273,15.5625,11.238479614257812,56855872
2015-11-13,15.449999809265137,15.612500190734863,15.387499809265137,15.399999618530273,11.121129035949707,81538236
2015-11-16,15.300000190734863,15.324999809265137,15.149999618530273,15.287500381469727,11.039887428283691,53719004
2015-11-17,15.5,15.649999618530273,15.5,15.587499618530273,11.256531715393066,34913792
2015-11-18,15.587499618530273,15.587499618530273,15.300000190734863,15.350000381469727,11.08502197265625,59925748
2015-11-19,15.487500190734863,15.574999809265137,15.387499809265137,15.574999809265137,11.24750804901123,40525304
2015-11-20,15.587499618530273,15.625,15.512499809265137,15.574999809265137,11.24750804901123,21686748
2015-11-23,15.649999618530273,15.6875,15.537500381469727,15.649999618530273,11.301669120788574,13851312
2015-11-24,15.625,15.662500381469727,15.462499618530273,15.487500190734863,11.184317588806152,26393992
2015-11-25,15.462499618530273,15.524999618530273,15.375,15.487500190734863,11.184317588806152,23856544
2015-11-26,15.574999809265137,15.737500190734863,15.574999809265137,15.699999809265137,11.337775230407715,34569348
2015-11-27,15.725000381469727,15.725000381469727,15.449999809265137,15.487500190734863,11.184317588806152,25162904
2015-11-30,15.225000381469727,15.300000190734863,15.112500190734863,15.300000190734863,11.048914909362793,93074088
2015-12-01,15.425000190734863,15.612500190734863,15.362500190734863,15.600000381469727,11.26556396484375,33639916
2015-12-02,15.612500190734863,15.6875,15.537500381469727,15.574999809265137,11.24750804901123,25444828
2015-12-03,15.475000381469727,15.637499809265137,15.425000190734863,15.600000381469727,11.26556396484375,24260312
2015-12-04,15.487500190734863,15.487500190734863,15.350000381469727,15.4375,11.148210525512695,60194600
2015-12-07,15.550000190734863,15.75,15.550000190734863,15.625,11.283614158630371,59257732
2015-12-08,15.5625,15.574999809265137,15.300000190734863,15.375,11.103075981140137,36803436
2015-12-09,15.300000190734863,15.337499618530273,15.175000190734863,15.1875,10.967674255371094,64357768
2015-12-10,15.100000381469727,15.1875,14.9375,15.137499809265137,10.93156623840332,66464068
2015-12-11,15.137499809265137,15.175000190734863,14.949999809265137,14.962499618530273,10.805187225341797,55343128
2015-12-14,14.8125,14.912500381469727,14.75,14.850000381469727,10.723945617675781,38114844
2015-12-15,14.925000190734863,15.012499809265137,14.837499618530273,14.862500190734863,10.732973098754883,27187368
2015-12-16,15.0,15.100000381469727,14.925000190734863,15.087499618530273,10.89545726776123,26121188
2015-12-17,15.137499809265137,15.262499809265137,15.087499618530273,15.262499809265137,11.021833419799805,30436996
2015-12-18,15.212499618530273,15.3125,15.125,15.1875,10.967674255371094,19572584
2015-12-21,15.012499809265137,15.1875,14.975000381469727,15.162500381469727,10.949617385864258,17362548
2015-12-22,15.175000190734863,15.225000381469727,15.100000381469727,15.199999809265137,10.976698875427246,20554364
2015-12-23,15.237500190734863,15.324999809265137,15.199999809265137,15.225000381469727,10.994754791259766,29054268
2015-12-24,15.337499618530273,15.412500381469727,15.300000190734863,15.300000190734863,11.048914909362793,33825888
2015-12-25,15.300000190734863,15.399999618530273,15.300000190734863,15.399999618530273,11.121129035949707,26184032
2015-12-28,15.425000190734863,15.425000190734863,15.350000381469727,15.362500190734863,11.094049453735352,13797212
2015-12-29,15.350000381469727,15.350000381469727,15.199999809265137,15.25,11.012808799743652,15866208
2015-12-30,15.287500381469727,15.287500381469727,15.112500190734863,15.137499809265137,10.93156623840332,29049864
2015-12-31,15.137499809265137,15.237500190734863,15.125,15.1875,10.967674255371094,15577916
2016-01-04,15.199999809265137,15.237500190734863,14.762499809265137,14.887499809265137,10.75102710723877,67712252
2016-01-05,14.875,14.9375,14.712499618530273,14.762499809265137,10.660758972167969,87135876
2016-01-06,14.762499809265137,14.762499809265137,14.475000381469727,14.612500190734863,10.552434921264648,115758200
2016-01-07,14.574999809265137,14.574999809265137,14.175000190734863,14.337499618530273,10.353843688964844,159849204
2016-01-08,14.25,14.425000190734863,14.212499618530273,14.362500190734863,10.371898651123047,101802936
2016-01-11,14.225000381469727,14.237500190734863,14.0,14.137499809265137,10.209415435791016,97425076
2016-01-12,14.199999809265137,14.25,14.074999809265137,14.125,10.200387954711914,70599544
2016-01-13,14.25,14.375,14.1875,14.287500381469727,10.31773567199707,47393728
2016-01-14,14.125,14.175000190734863,13.962499618530273,14.175000190734863,10.236494064331055,61949440
2016-01-15,14.274999618530273,14.375,14.0625,14.175000190734863,10.236494064331055,83391512
2016-01-18,13.975000381469727,14.324999809265137,13.949999809265137,14.274999618530273,10.308710098266602,52057360
2016-01-19,14.25,14.3125,14.162500381469727,14.3125,10.33579158782959,32443260
2016-01-20,14.212499618530273,14.212499618530273,13.899999618530273,13.975000381469727,10.092063903808594,90753472
2016-01-21,14.024999618530273,14.074999809265137,13.899999618530273,13.949999809265137,10.074010848999023,41800220
2016-01-22,14.087499618530273,14.149999618530273,14.0,14.137499809265137,10.209415435791016,55774064
2016-01-25,14.25,14.449999809265137,14.25,14.387499809265137,10.389949798583984,51092780
2016-01-26,14.25,14.287500381469727,14.175000190734863,14.25,10.290657997131348,30335480
2016-01-27,14.350000381469727,14.362500190734863,14.237500190734863,14.3125,10.33579158782959,36404484
2016-01-28,14.287500381469727,14.4375,14.25,14.387499809265137,10.389949798583984,40899440
2016-01-29,14.375,14.774999618530273,14.3125,14.75,10.651731491088867,80830444
2016-02-01,14.875,14.899999618530273,14.774999618530273,14.887499809265137,10.75102710723877,31870400
2016-02-02,14.862500190734863,14.887499809265137,14.75,14.837499618530273,10.714920043945312,18337108
2016-02-03,14.75,14.8125,14.649999618530273,14.737500190734863,10.64270305633545,27961676
2016-02-15,14.574999809265137,14.774999618530273,14.524999618530273,14.75,10.651731491088867,28885644
2016-02-16,14.774999618530273,15.087499618530273,14.774999618530273,15.0625,10.877405166625977,71289676
2016-02-17,15.100000381469727,15.125,14.987500190734863,14.987500190734863,10.823243141174316,49894088
2016-02-18,15.199999809265137,15.287500381469727,15.125,15.225000381469727,10.994754791259766,67946956
2016-02-19,15.199999809265137,15.262499809265137,15.149999618530273,15.212499618530273,10.985725402832031,45409724
2016-02-22,15.212499618530273,15.399999618530273,15.137499809265137,15.199999809265137,10.976698875427246,46457612
2016-02-23,15.25,15.287500381469727,15.175000190734863,15.212499618530273,10.985725402832031,19664720
2016-02-24,15.199999809265137,15.324999809265137,15.050000190734863,15.074999809265137,10.886430740356445,31057392
2016-02-25,15.149999618530273,15.337499618530273,15.125,15.274999618530273,11.030861854553223,67735880
2016-02-26,15.337499618530273,15.425000190734863,15.225000381469727,15.3125,11.057943344116211,58052368
2016-03-01,15.3125,15.487500190734863,15.274999618530273,15.462499618530273,11.166264533996582,68947384
2016-03-02,15.587499618530273,15.6875,15.5625,15.587499618530273,11.256531715393066,91482164
2016-03-03,15.587499618530273,15.824999809265137,15.587499618530273,15.737500190734863,11.364855766296387,130410920
2016-03-04,15.725000381469727,15.824999809265137,15.6875,15.774999618530273,11.391936302185059,96203100
2016-03-07,15.800000190734863,15.925000190734863,15.725000381469727,15.774999618530273,11.391936302185059,85990856
2016-03-08,15.75,15.774999618530273,15.625,15.762499809265137,11.382909774780273,54539440
2016-03-09,15.762499809265137,15.787500381469727,15.662500381469727,15.774999618530273,11.391936302185059,32389496
2016-03-10,15.762499809265137,15.850000381469727,15.712499618530273,15.8125,11.419017791748047,85411112
2016-03-11,15.800000190734863,15.9375,15.762499809265137,15.887499809265137,11.473176002502441,90729384
2016-03-14,16.0,16.0625,15.987500190734863,16.0,11.554420471191406,103327276
2016-03-15,16.0,16.024999618530273,15.75,15.762499809265137,11.382909774780273,75622432
2016-03-16,15.837499618530273,15.9375,15.837499618530273,15.899999618530273,11.482205390930176,145109572
2016-03-17,16.137500762939453,16.225000381469727,16.012500762939453,16.075000762939453,11.608583450317383,80125676
2016-03-18,16.100000381469727,16.212499618530273,16.075000762939453,16.174999237060547,11.680795669555664,124480816
2016-03-21,16.225000381469727,16.262500762939453,16.049999237060547,16.149999618530273,11.662744522094727,24227168
2016-03-22,16.087499618530273,16.137500762939453,15.962499618530273,16.100000381469727,11.62663745880127,32722016
2016-03-23,16.100000381469727,16.212499618530273,16.0625,16.087499618530273,11.617607116699219,47987940
2016-03-24,16.0625,16.125,15.925000190734863,16.087499618530273,11.617607116699219,34123088
2016-03-25,16.125,16.125,15.987500190734863,16.012500762939453,11.56344985961914,15258532
2016-03-28,16.012500762939453,16.100000381469727,15.949999809265137,16.024999618530273,11.572474479675293,29387992
2016-03-29,16.0,16.075000762939453,15.875,15.912500381469727,11.491232872009277,42966584
2016-03-30,16.012500762939453,16.225000381469727,16.0,16.174999237060547,11.680795669555664,116474352
2016-03-31,16.274999618530273,16.350000381469727,16.112499237060547,16.162500381469727,11.671770095825195,64187836
2016-04-01,16.0625,16.087499618530273,15.899999618530273,15.975000381469727,11.536368370056152,18617456
2016-04-06,15.824999809265137,15.824999809265137,15.587499618530273,15.600000381469727,11.26556396484375,35828700
2016-04-07,15.625,15.625,15.399999618530273,15.537500381469727,11.220425605773926,80898456
2016-04-08,15.449999809265137,15.699999809265137,15.449999809265137,15.6875,11.32874870300293,27010928
2016-04-11,15.625,15.774999618530273,15.537500381469727,15.75,11.373882293701172,21421640
2016-04-12,15.762499809265137,15.875,15.6875,15.737500190734863,11.364855766296387,11015460
2016-04-13,15.8125,16.049999237060547,15.8125,16.012500762939453,11.56344985961914,47386028
2016-04-14,16.100000381469727,16.149999618530273,16.024999618530273,16.0625,11.599555969238281,32500628
2016-04-15,15.949999809265137,16.075000762939453,15.887499809265137,16.0625,11.599555969238281,46693960
2016-04-18,16.012500762939453,16.049999237060547,15.962499618530273,15.962499618530273,11.527339935302734,8582916
2016-04-19,16.075000762939453,16.162500381469727,15.875,15.899999618530273,11.482205390930176,23364776
2016-04-20,15.875,16.024999618530273,15.637499809265137,15.662500381469727,11.31069564819336,35926052
2016-04-21,15.725000381469727,15.787500381469727,15.637499809265137,15.737500190734863,11.364855766296387,12388568
2016-04-22,15.737500190734863,15.850000381469727,15.699999809265137,15.800000190734863,11.409990310668945,10740744
2016-04-25,15.800000190734863,15.837499618530273,15.725000381469727,15.8125,11.419017791748047,11457840
2016-04-26,15.774999618530273,15.975000381469727,15.774999618530273,15.875,11.464152336120605,19579076
2016-04-27,15.800000190734863,15.899999618530273,15.75,15.850000381469727,11.446100234985352,9880480
2016-04-28,15.875,15.887499809265137,15.537500381469727,15.600000381469727,11.26556396484375,41286844
2016-04-29,15.462499618530273,15.5,15.337499618530273,15.399999618530273,11.121129035949707,29067032
2016-05-03,15.399999618530273,15.399999618530273,15.175000190734863,15.1875,10.967674255371094,38846508
2016-05-04,15.1875,15.212499618530273,14.949999809265137,15.024999618530273,10.850322723388672,58016552
2016-05-05,15.024999618530273,15.0625,14.912500381469727,15.050000190734863,10.868377685546875,58365476
2016-05-06,15.0,15.0,14.862500190734863,14.925000190734863,10.77811050415039,88018576
2016-05-09,14.975000381469727,15.0,14.850000381469727,14.925000190734863,10.77811050415039,57996284
2016-05-10,14.925000190734863,15.050000190734863,14.850000381469727,15.0,10.832270622253418,52610572
2016-05-11,15.050000190734863,15.074999809265137,14.887499809265137,14.962499618530273,10.805187225341797,76214200
2016-05-12,14.925000190734863,15.0,14.912500381469727,14.949999809265137,10.796163558959961,53589268
2016-05-13,14.887499809265137,14.887499809265137,14.75,14.787500381469727,10.678812026977539,118674476
2016-05-16,14.787500381469727,14.925000190734863,14.774999618530273,14.899999618530273,10.760056495666504,26582164
2016-05-17,14.912500381469727,15.024999618530273,14.8125,15.012499809265137,10.84129524230957,49379568
2016-05-18,14.925000190734863,15.0,14.8125,14.987500190734863,10.823243141174316,34319828
2016-05-19,15.0,15.012499809265137,14.824999809265137,14.912500381469727,10.769081115722656,32201988
2016-05-20,14.962499618530273,15.074999809265137,14.899999618530273,15.0,10.832270622253418,32504416
2016-05-23,15.024999618530273,15.5,14.962499618530273,15.5,11.193345069885254,86657260
2016-05-24,15.4375,15.462499618530273,15.337499618530273,15.337499618530273,11.075994491577148,25671360
2016-05-25,15.4375,15.5625,15.4375,15.5,11.193345069885254,103435004
2016-05-26,15.512499809265137,15.537500381469727,15.449999809265137,15.537500381469727,11.220425605773926,104179588
2016-05-27,15.600000381469727,15.662500381469727,15.550000190734863,15.649999618530273,11.301669120788574,103038856
2016-05-30,15.649999618530273,15.837499618530273,15.625,15.787500381469727,11.400965690612793,107648932
2016-05-31,15.762499809265137,15.837499618530273,15.699999809265137,15.787500381469727,11.400965690612793,34715948
2016-06-01,15.737500190734863,15.962499618530273,15.737500190734863,15.925000190734863,11.500261306762695,100006512
2016-06-02,15.925000190734863,16.012500762939453,15.850000381469727,15.925000190734863,11.500261306762695,54885488
2016-06-03,15.899999618530273,16.0,15.899999618530273,15.962499618530273,11.527339935302734,47172268
2016-06-06,16.0,16.149999618530273,15.912500381469727,16.012500762939453,11.56344985961914,51965784
2016-06-07,16.075000762939453,16.237499237060547,16.075000762939453,16.225000381469727,11.716904640197754,123350308
2016-06-08,16.25,16.387500762939453,16.25,16.3125,11.7800931930542,104258364
2016-06-13,16.075000762939453,16.112499237060547,15.925000190734863,15.9375,11.509285926818848,38080492
2016-06-14,15.875,16.049999237060547,15.875,16.037500381469727,11.581502914428711,25647780
2016-06-15,16.037500381469727,16.100000381469727,15.899999618530273,16.0625,11.599555969238281,90333460
2016-06-16,16.024999618530273,16.024999618530273,15.75,15.837499618530273,11.437070846557617,35996524
2016-06-17,15.962499618530273,16.100000381469727,15.962499618530273,16.012500762939453,11.56344985961914,23235888
2016-06-20,16.125,16.162500381469727,16.087499618530273,16.125,11.644691467285156,41230268
2016-06-21,16.125,16.237499237060547,16.112499237060547,16.1875,11.689823150634766,72453344
2016-06-22,16.1875,16.237499237060547,16.137500762939453,16.237499237060547,11.725931167602539,42227324
2016-06-23,16.200000762939453,16.212499618530273,16.137500762939453,16.200000762939453,11.6988525390625,128753308
2016-06-24,16.1875,16.225000381469727,15.512499809265137,15.774999618530273,11.391936302185059,126660260
2016-06-27,15.800000190734863,15.9375,15.75,15.9375,11.509285926818848,19725056
2016-06-28,15.774999618530273,16.012500762939453,15.762499809265137,16.0,11.554420471191406,21382312
2016-06-29,16.037500381469727,16.25,16.037500381469727,16.174999237060547,11.680795669555664,36405632
2016-06-30,16.287500381469727,16.362499237060547,16.162500381469727,16.362499237060547,11.81619930267334,101380544
2016-07-01,16.462499618530273,16.600000381469727,16.412500381469727,16.5625,11.960631370544434,122673720
2016-07-04,16.524999618530273,16.6875,16.5,16.575000762939453,11.969657897949219,39958748
2016-07-05,16.549999237060547,16.5625,16.462499618530273,16.524999618530273,11.933549880981445,23991848
2016-07-06,16.399999618530273,16.399999618530273,16.174999237060547,16.225000381469727,11.716904640197754,34922552
2016-07-07,16.362499237060547,16.4375,16.337499618530273,16.424999237060547,11.861335754394531,26350232
2016-07-08,16.424999237060547,16.424999237060547,16.424999237060547,16.424999237060547,11.861335754394531,0
2016-07-11,16.674999237060547,16.8125,16.674999237060547,16.75,12.096034049987793,88833128
2016-07-12,16.787500381469727,16.899999618530273,16.787500381469727,16.899999618530273,12.204358100891113,61589704
2016-07-13,16.962499618530273,16.975000381469727,16.774999618530273,16.912500381469727,12.213385581970215,37739664
2016-07-14,16.875,16.962499618530273,16.825000762939453,16.924999237060547,12.222411155700684,40439392
2016-07-15,16.950000762939453,17.125,16.950000762939453,17.125,12.366840362548828,62172584
2016-07-18,17.112499237060547,17.287500381469727,17.112499237060547,17.287500381469727,12.48419189453125,147391620
2016-07-19,17.299999237060547,17.325000762939453,17.200000762939453,17.3125,12.502243041992188,68182348
2016-07-20,17.25,17.325000762939453,17.200000762939453,17.299999237060547,12.493218421936035,98872448
2016-07-21,17.362499237060547,17.475000381469727,17.337499618530273,17.387500762939453,12.55640697479248,39920284
2016-07-22,17.387500762939453,17.424999237060547,17.299999237060547,17.325000762939453,12.511271476745605,13060376
2016-07-25,17.375,17.487499237060547,17.087499618530273,17.25,12.457109451293945,46705892
2016-07-26,17.25,17.350000381469727,17.212499618530273,17.350000381469727,12.52932357788086,52849320
2016-07-27,17.412500381469727,17.487499237060547,17.375,17.424999237060547,12.583483695983887,44472784
2016-07-28,17.25,17.3125,17.149999618530273,17.262500762939453,12.620037078857422,45809772
2016-07-29,17.212499618530273,17.299999237060547,17.137500762939453,17.137500762939453,12.528656959533691,77561492
2016-08-01,17.200000762939453,17.362499237060547,17.200000762939453,17.325000762939453,12.665730476379395,41629484
2016-08-02,17.3125,17.350000381469727,17.274999618530273,17.325000762939453,12.665730476379395,28467896
2016-08-03,17.125,17.225000381469727,17.012500762939453,17.1875,12.565207481384277,55204428
2016-08-04,17.212499618530273,17.237499237060547,17.087499618530273,17.225000381469727,12.592623710632324,42698796
2016-08-05,17.274999618530273,17.4375,17.225000381469727,17.399999618530273,12.72055721282959,49691456
2016-08-08,17.5,17.5625,17.424999237060547,17.512500762939453,12.80280590057373,31611788
2016-08-09,17.5,17.612499237060547,17.487499237060547,17.600000381469727,12.866775512695312,46273940
2016-08-10,17.575000762939453,17.649999618530273,17.512500762939453,17.649999618530273,12.903327941894531,25991192
2016-08-11,17.549999237060547,17.637500762939453,17.362499237060547,17.487499237060547,12.784531593322754,43613680
2016-08-12,17.537500381469727,17.625,17.512500762939453,17.549999237060547,12.830223083496094,21034824
2016-08-15,17.549999237060547,17.625,17.475000381469727,17.587499618530273,12.857633590698242,19189900
2016-08-16,17.575000762939453,17.625,17.424999237060547,17.487499237060547,12.784531593322754,17727968
2016-08-17,17.475000381469727,17.524999618530273,17.4375,17.512500762939453,12.80280590057373,35701440
2016-08-18,17.5,17.537500381469727,17.450000762939453,17.475000381469727,12.77539348602295,13100136
2016-08-19,17.475000381469727,17.612499237060547,17.299999237060547,17.299999237060547,12.647457122802734,33199204
2016-08-22,17.25,17.287500381469727,17.112499237060547,17.174999237060547,12.556072235107422,28333644
2016-08-23,17.225000381469727,17.399999618530273,17.225000381469727,17.350000381469727,12.684006690979004,28336036
2016-08-24,17.337499618530273,17.387500762939453,17.299999237060547,17.299999237060547,12.647457122802734,20285916
2016-08-25,17.325000762939453,17.537500381469727,17.325000762939453,17.5,12.793664932250977,32090272
2016-08-26,17.487499237060547,17.575000762939453,17.450000762939453,17.524999618530273,12.811945915222168,11967756
2016-08-29,17.475000381469727,17.537500381469727,17.299999237060547,17.512500762939453,12.80280590057373,14219696
2016-08-30,17.5,17.5625,17.450000762939453,17.5,12.793664932250977,15164888
2016-08-31,17.462499618530273,17.512500762939453,17.325000762939453,17.350000381469727,12.684006690979004,20824324
2016-09-01,17.325000762939453,17.325000762939453,17.149999618530273,17.262500762939453,12.620037078857422,23860716
2016-09-02,17.274999618530273,17.325000762939453,17.200000762939453,17.287500381469727,12.638317108154297,10461928
2016-09-05,17.450000762939453,17.575000762939453,17.450000762939453,17.575000762939453,12.848499298095703,34092164
2016-09-06,17.5625,17.725000381469727,17.5625,17.712499618530273,12.949018478393555,29371884
2016-09-07,17.737499237060547,17.975000381469727,17.737499237060547,17.962499618530273,13.131783485412598,38747108
2016-09-08,17.950000762939453,17.950000762939453,17.850000381469727,17.899999618530273,13.086095809936523,18697316
2016-09-09,17.725000381469727,17.725000381469727,17.587499618530273,17.600000381469727,12.866775512695312,20921496
2016-09-12,17.337499618530273,17.337499618530273,17.174999237060547,17.212499618530273,12.583483695983887,28945744
2016-09-13,17.274999618530273,17.299999237060547,17.049999237060547,17.212499618530273,12.583483695983887,28493144
2016-09-14,17.125,17.262500762939453,17.112499237060547,17.112499237060547,12.510381698608398,22496644
2016-09-19,17.350000381469727,17.75,17.350000381469727,17.75,12.976433753967285,39551620
2016-09-20,17.725000381469727,17.75,17.649999618530273,17.725000381469727,12.958159446716309,11180720
2016-09-21,17.6875,17.837499618530273,17.637500762939453,17.8125,13.022126197814941,48624876
2016-09-22,17.975000381469727,18.0,17.8125,17.850000381469727,13.049543380737305,19717528
2016-09-23,17.875,17.975000381469727,17.850000381469727,17.975000381469727,13.140924453735352,16862952
2016-09-26,17.875,17.875,17.75,17.75,12.976433753967285,14946312
2016-09-27,17.75,17.75,17.75,17.75,12.976433753967285,0
2016-09-28,17.75,17.75,17.75,17.75,12.976433753967285,0
2016-09-29,17.962499618530273,18.037500381469727,17.850000381469727,17.975000381469727,13.140924453735352,38497932
2016-09-30,17.787500381469727,17.837499618530273,17.700000762939453,17.737499237060547,12.96729564666748,23375756
2016-10-03,17.799999237060547,17.899999618530273,17.774999618530273,17.862499237060547,13.05867862701416,15552136
2016-10-04,17.862499237060547,17.9375,17.825000762939453,17.9375,13.113510131835938,20679396
2016-10-05,17.899999618530273,17.962499618530273,17.862499237060547,17.875,13.067816734313965,11353240
2016-10-06,17.924999237060547,17.9375,17.862499237060547,17.924999237060547,13.104371070861816,8287072
2016-10-07,17.899999618530273,17.950000762939453,17.899999618530273,17.912500381469727,13.095235824584961,12213700
2016-10-11,18.087499618530273,18.112499237060547,17.799999237060547,17.862499237060547,13.05867862701416,27783292
2016-10-12,17.875,18.075000762939453,17.837499618530273,18.0625,13.2048921585083,24228792
2016-10-13,18.049999237060547,18.075000762939453,17.862499237060547,17.924999237060547,13.104371070861816,21819768
2016-10-14,17.825000762939453,17.975000381469727,17.825000762939453,17.862499237060547,13.05867862701416,14532872
2016-10-17,17.862499237060547,17.899999618530273,17.649999618530273,17.862499237060547,13.05867862701416,17688392
2016-10-18,17.875,17.987499237060547,17.825000762939453,17.987499237060547,13.150059700012207,14479784
2016-10-19,18.0,18.149999618530273,18.0,18.087499618530273,13.223170280456543,86301328
2016-10-20,18.087499618530273,18.1875,18.087499618530273,18.162500381469727,13.278000831604004,19344128
2016-10-21,18.162500381469727,18.262500762939453,18.137500762939453,18.149999618530273,13.268860816955566,16938960
2016-10-24,18.212499618530273,18.237499237060547,18.149999618530273,18.174999237060547,13.28713607788086,13060488
2016-10-25,18.212499618530273,18.375,18.212499618530273,18.350000381469727,13.41507339477539,14863092
2016-10-26,18.25,18.287500381469727,18.225000381469727,18.25,13.341968536376953,11473816
2016-10-27,18.25,18.287500381469727,18.100000381469727,18.149999618530273,13.268860816955566,12681616
2016-10-28,18.149999618530273,18.1875,18.112499237060547,18.149999618530273,13.268860816955566,17100148
2016-10-31,18.0625,18.174999237060547,17.924999237060547,18.149999618530273,13.268860816955566,21856584
2016-11-01,18.0625,18.149999618530273,18.024999618530273,18.149999618530273,13.268860816955566,8097348
2016-11-02,17.987499237060547,18.0,17.899999618530273,17.9375,13.113510131835938,22009916
2016-11-03,17.862499237060547,17.899999618530273,17.774999618530273,17.799999237060547,13.012988090515137,18218928
2016-11-04,17.75,17.799999237060547,17.712499618530273,17.75,12.976433753967285,17385484
2016-11-07,17.950000762939453,18.0,17.862499237060547,18.0,13.159200668334961,12941500
2016-11-08,18.037500381469727,18.100000381469727,18.0,18.087499618530273,13.223170280456543,10776436
2016-11-09,18.212499618530273,18.262500762939453,17.5,17.5,12.793664932250977,79746700
2016-11-10,17.950000762939453,18.024999618530273,17.9375,18.0,13.159200668334961,26798796
2016-11-11,17.587499618530273,17.674999237060547,17.487499237060547,17.512500762939453,12.80280590057373,33503324
2016-11-14,17.487499237060547,17.575000762939453,17.362499237060547,17.524999618530273,12.811945915222168,28468604
2016-11-15,17.450000762939453,17.524999618530273,17.4375,17.475000381469727,12.77539348602295,16062736
2016-11-16,17.549999237060547,17.625,17.487499237060547,17.5,12.793664932250977,98998440
2016-11-17,17.5,17.549999237060547,17.4375,17.549999237060547,12.830223083496094,13253944
2016-11-18,17.524999618530273,17.600000381469727,17.475000381469727,17.600000381469727,12.866775512695312,8478156
2016-11-21,17.575000762939453,17.625,17.524999618530273,17.625,12.885050773620605,10599960
2016-11-22,17.6875,17.912500381469727,17.6875,17.862499237060547,13.05867862701416,21175128
2016-11-23,17.875,17.975000381469727,17.862499237060547,17.950000762939453,13.122648239135742,7630868
2016-11-24,17.899999618530273,17.899999618530273,17.799999237060547,17.850000381469727,13.049543380737305,9213640
2016-11-25,17.837499618530273,17.912500381469727,17.8125,17.837499618530273,13.040403366088867,10597000
2016-11-28,17.837499618530273,18.0,17.837499618530273,17.9375,13.113510131835938,10584196
2016-11-29,17.975000381469727,18.0,17.912500381469727,17.912500381469727,13.095235824584961,5671484
2016-11-30,17.924999237060547,17.975000381469727,17.875,17.924999237060547,13.104371070861816,7673300
2016-12-01,17.899999618530273,18.024999618530273,17.899999618530273,18.0,13.159200668334961,7823268
2016-12-02,17.799999237060547,17.799999237060547,17.725000381469727,17.799999237060547,13.012988090515137,13230792
2016-12-05,17.799999237060547,17.799999237060547,17.700000762939453,17.774999618530273,12.994709968566895,5552676
2016-12-06,17.950000762939453,18.049999237060547,17.9375,18.0,13.159200668334961,9743816
2016-12-07,18.049999237060547,18.087499618530273,17.975000381469727,18.0,13.159200668334961,5869508
2016-12-08,18.075000762939453,18.25,18.075000762939453,18.225000381469727,13.32369327545166,24342380
2016-12-09,18.262500762939453,18.299999237060547,18.237499237060547,18.287500381469727,13.369384765625,21673124
2016-12-12,18.325000762939453,18.387500762939453,18.1875,18.212499618530273,13.314553260803223,12834224
2016-12-13,18.212499618530273,18.25,18.162500381469727,18.237499237060547,13.332829475402832,10194560
2016-12-14,18.299999237060547,18.325000762939453,18.225000381469727,18.274999618530273,13.360243797302246,11311920
2016-12-15,18.137500762939453,18.25,18.100000381469727,18.25,13.341968536376953,12071144
2016-12-16,18.200000762939453,18.200000762939453,18.075000762939453,18.075000762939453,13.214032173156738,8593712
2016-12-19,18.0625,18.075000762939453,17.962499618530273,17.962499618530273,13.131783485412598,10723840
2016-12-20,17.987499237060547,17.987499237060547,17.887500762939453,17.9375,13.113510131835938,8119164
2016-12-21,17.9375,17.962499618530273,17.875,17.924999237060547,13.104371070861816,37284788
2016-12-22,17.887500762939453,17.887500762939453,17.700000762939453,17.700000762939453,12.939881324768066,19886148
2016-12-23,17.649999618530273,17.712499618530273,17.587499618530273,17.637500762939453,12.894190788269043,20503824
2016-12-26,17.662500381469727,17.700000762939453,17.637500762939453,17.700000762939453,12.939881324768066,8419716
2016-12-27,17.700000762939453,17.725000381469727,17.662500381469727,17.6875,12.930742263793945,9977116
2016-12-28,17.712499618530273,17.899999618530273,17.712499618530273,17.899999618530273,13.086095809936523,14744040
2016-12-29,17.862499237060547,17.862499237060547,17.799999237060547,17.8125,13.022126197814941,7644424
2016-12-30,17.912500381469727,18.0,17.887500762939453,17.950000762939453,13.122648239135742,10905812
2017-01-03,17.924999237060547,17.975000381469727,17.875,17.975000381469727,13.140924453735352,9325724
2017-01-04,18.0,18.024999618530273,17.9375,17.962499618530273,13.131783485412598,17136780
2017-01-05,17.962499618530273,18.125,17.950000762939453,18.125,13.250584602355957,18294400
2017-01-06,18.112499237060547,18.1875,18.112499237060547,18.162500381469727,13.278000831604004,15011992
2017-01-09,18.1875,18.237499237060547,18.075000762939453,18.112499237060547,13.241447448730469,20153160
2017-01-10,18.112499237060547,18.149999618530273,18.100000381469727,18.100000381469727,13.23231029510498,7431412
2017-01-11,18.200000762939453,18.212499618530273,18.100000381469727,18.100000381469727,13.23231029510498,7592212
2017-01-12,18.149999618530273,18.325000762939453,18.149999618530273,18.287500381469727,13.369384765625,19429836
2017-01-13,18.200000762939453,18.200000762939453,18.149999618530273,18.149999618530273,13.268860816955566,15639440
2017-01-16,18.100000381469727,18.100000381469727,17.950000762939453,18.0,13.159200668334961,9673756
2017-01-17,18.0,18.100000381469727,18.0,18.075000762939453,13.214032173156738,6290964
2017-01-18,18.049999237060547,18.049999237060547,18.012500762939453,18.037500381469727,13.186617851257324,15351272
2017-01-19,17.962499618530273,18.024999618530273,17.899999618530273,17.987499237060547,13.150059700012207,16262236
2017-01-20,17.987499237060547,18.0625,17.987499237060547,18.037500381469727,13.186617851257324,9688696
2017-01-23,18.137500762939453,18.25,18.137500762939453,18.1875,13.29627799987793,23860356
2017-01-24,18.25,18.325000762939453,18.225000381469727,18.325000762939453,13.396798133850098,18300416
2017-02-02,18.375,18.412500381469727,18.1875,18.225000381469727,13.32369327545166,27996588
2017-02-03,18.237499237060547,18.287500381469727,18.162500381469727,18.212499618530273,13.314553260803223,11236776
2017-02-06,18.25,18.350000381469727,18.237499237060547,18.3125,13.387659072875977,11788984
2017-02-07,18.274999618530273,18.362499237060547,18.274999618530273,18.325000762939453,13.396798133850098,17220928
2017-02-08,17.975000381469727,17.975000381469727,17.837499618530273,17.9375,13.424863815307617,17735756
2017-02-09,17.9375,18.049999237060547,17.912500381469727,18.0,13.471640586853027,14193680
2017-02-10,18.024999618530273,18.237499237060547,18.024999618530273,18.200000762939453,13.62132453918457,19479148
2017-02-13,18.200000762939453,18.274999618530273,18.200000762939453,18.237499237060547,13.649391174316406,13320588
2017-02-14,18.350000381469727,18.375,18.274999618530273,18.299999237060547,13.696167945861816,24286672
2017-02-15,18.325000762939453,18.475000381469727,18.299999237060547,18.475000381469727,13.827141761779785,37628016
2017-02-16,18.5,18.549999237060547,18.337499618530273,18.362499237060547,13.74294376373291,21866524
2017-02-17,18.412500381469727,18.424999237060547,18.337499618530273,18.337499618530273,13.724231719970703,20771092
2017-02-20,18.387500762939453,18.412500381469727,18.274999618530273,18.274999618530273,13.677456855773926,11210424
2017-02-21,18.299999237060547,18.350000381469727,18.262500762939453,18.3125,13.705523490905762,13349556
2017-02-22,18.399999618530273,18.424999237060547,18.287500381469727,18.325000762939453,13.71487808227539,11753588
2017-02-23,18.3125,18.387500762939453,18.274999618530273,18.274999618530273,13.677456855773926,9329768
2017-02-24,18.262500762939453,18.325000762939453,18.212499618530273,18.287500381469727,13.686812400817871,7379160
2017-03-01,18.274999618530273,18.274999618530273,18.087499618530273,18.087499618530273,13.537127494812012,12429400
2017-03-02,18.237499237060547,18.3125,18.0625,18.137500762939453,13.57455062866211,28231488
2017-03-03,18.075000762939453,18.087499618530273,18.0,18.024999618530273,13.490351676940918,17640904
2017-03-06,18.012500762939453,18.0625,18.0,18.037500381469727,13.49970817565918,8709452
2017-03-07,18.0625,18.149999618530273,18.0625,18.112499237060547,13.555840492248535,8109184
2017-03-08,18.162500381469727,18.212499618530273,18.112499237060547,18.212499618530273,13.630681037902832,8728588
2017-03-09,18.149999618530273,18.149999618530273,17.987499237060547,18.012500762939453,13.480996131896973,13525580
2017-03-10,17.987499237060547,18.012500762939453,17.887500762939453,18.0,13.471640586853027,21693140
2017-03-13,18.037500381469727,18.125,18.037500381469727,18.125,13.565193176269531,10061528
2017-03-14,18.149999618530273,18.274999618530273,18.149999618530273,18.25,13.658748626708984,15793412
2017-03-15,18.200000762939453,18.25,18.149999618530273,18.212499618530273,13.630681037902832,13961488
2017-03-16,18.325000762939453,18.462499618530273,18.325000762939453,18.450000762939453,13.808430671691895,30180596
2017-03-17,18.462499618530273,18.524999618530273,18.4375,18.5,13.84585189819336,21063500
2017-03-20,18.487499237060547,18.537500381469727,18.462499618530273,18.487499237060547,13.83649730682373,20292744
2017-03-21,18.575000762939453,18.725000381469727,18.575000762939453,18.725000381469727,14.014246940612793,34045080
2017-03-22,18.5625,18.5625,18.5,18.549999237060547,13.883270263671875,19759900
2017-03-23,18.649999618530273,18.662500381469727,18.537500381469727,18.587499618530273,13.91133975982666,16423820
2017-03-24,18.587499618530273,18.600000381469727,18.524999618530273,18.5625,13.892624855041504,13232480
2017-03-27,18.5,18.600000381469727,18.462499618530273,18.549999237060547,13.883270263671875,9897360
2017-03-28,18.637500762939453,18.649999618530273,18.487499237060547,18.5625,13.892624855041504,22262136
2017-03-29,18.612499237060547,18.625,18.5,18.5,13.84585189819336,9856772
2017-03-30,18.5,18.5625,18.475000381469727,18.475000381469727,13.827141761779785,8725832
2017-03-31,18.487499237060547,18.524999618530273,18.424999237060547,18.424999237060547,13.789719581604004,8035548
2017-04-05,18.487499237060547,18.700000762939453,18.487499237060547,18.662500381469727,13.96746826171875,14377472
2017-04-06,18.700000762939453,18.700000762939453,18.575000762939453,18.600000381469727,13.920693397521973,11244600
2017-04-07,18.575000762939453,18.575000762939453,18.350000381469727,18.524999618530273,13.864558219909668,7556660
2017-04-10,18.524999618530273,18.5625,18.5,18.549999237060547,13.883270263671875,4243156
2017-04-11,18.524999618530273,18.600000381469727,18.4375,18.475000381469727,13.827141761779785,5067836
2017-04-12,18.475000381469727,18.524999618530273,18.412500381469727,18.512500762939453,13.855207443237305,7760588
2017-04-13,18.475000381469727,18.612499237060547,18.475000381469727,18.600000381469727,13.920693397521973,24018700
2017-04-14,18.475000381469727,18.475000381469727,18.375,18.387500762939453,13.761652946472168,10697120
2017-04-17,18.387500762939453,18.450000762939453,18.337499618530273,18.399999618530273,13.771011352539062,21357960
2017-04-18,18.462499618530273,18.5,18.375,18.399999618530273,13.771011352539062,16399696
2017-04-19,18.274999618530273,18.3125,18.162500381469727,18.200000762939453,13.62132453918457,36741784
2017-04-20,18.137500762939453,18.225000381469727,18.125,18.200000762939453,13.62132453918457,12569024
2017-04-21,18.3125,18.375,18.274999618530273,18.375,13.752300262451172,12988852
2017-04-24,18.475000381469727,18.487499237060547,18.362499237060547,18.412500381469727,13.780364036560059,17237856
2017-04-25,18.462499618530273,18.600000381469727,18.424999237060547,18.587499618530273,13.91133975982666,22792244
2017-04-26,18.674999237060547,18.674999237060547,18.600000381469727,18.637500762939453,13.948760986328125,16471812
2017-04-27,18.587499618530273,18.625,18.537500381469727,18.625,13.939406394958496,14741160
2017-04-28,18.625,18.649999618530273,18.575000762939453,18.637500762939453,13.948760986328125,17692400
2017-05-02,18.75,18.850000381469727,18.75,18.799999237060547,14.070377349853516,62913456
2017-05-03,18.825000762939453,18.912500381469727,18.825000762939453,18.887500762939453,14.135863304138184,18847812
2017-05-04,18.887500762939453,18.912500381469727,18.837499618530273,18.912500381469727,14.154576301574707,15987300
2017-05-05,18.862499237060547,18.862499237060547,18.774999618530273,18.787500381469727,14.06102466583252,21151260
2017-05-08,18.887500762939453,18.924999237060547,18.8125,18.924999237060547,14.163932800292969,16333496
2017-05-09,18.924999237060547,19.125,18.924999237060547,18.987499237060547,14.21070671081543,16760944
2017-05-10,19.037500381469727,19.087499618530273,19.0,19.0625,14.266839981079102,7052140
2017-05-11,19.024999618530273,19.125,19.0,19.125,14.313612937927246,8073252
2017-05-12,19.0625,19.125,19.037500381469727,19.075000762939453,14.27619743347168,11243956
2017-05-15,19.075000762939453,19.137500762939453,19.049999237060547,19.125,14.313612937927246,5142880
2017-05-16,19.125,19.149999618530273,19.0625,19.125,14.313612937927246,6393328
2017-05-17,19.075000762939453,19.100000381469727,19.012500762939453,19.075000762939453,14.27619743347168,5326112
2017-05-18,18.912500381469727,18.975000381469727,18.825000762939453,18.975000381469727,14.20135498046875,17087712
2017-05-19,18.912500381469727,18.975000381469727,18.912500381469727,18.962499618530273,14.192000389099121,4651388
2017-05-22,18.987499237060547,19.037500381469727,18.9375,19.012500762939453,14.229419708251953,10304548
2017-05-23,19.012500762939453,19.112499237060547,19.0,19.087499618530273,14.285550117492676,15377404
2017-05-24,19.087499618530273,19.112499237060547,19.0625,19.075000762939453,14.27619743347168,11545072
2017-05-25,19.174999237060547,19.25,19.112499237060547,19.25,14.407172203063965,18727908
2017-05-26,19.25,19.287500381469727,19.1875,19.237499237060547,14.397814750671387,16073316
2017-05-31,19.237499237060547,19.375,19.100000381469727,19.125,14.313612937927246,10805204
2017-06-01,19.125,19.225000381469727,19.125,19.225000381469727,14.388459205627441,8886768
2017-06-02,19.325000762939453,19.325000762939453,19.262500762939453,19.299999237060547,14.444589614868164,14163736
2017-06-05,19.337499618530273,19.5,19.3125,19.5,14.594278335571289,13127008
2017-06-06,19.487499237060547,19.487499237060547,19.424999237060547,19.487499237060547,14.584918022155762,4812028
2017-06-07,19.475000381469727,19.524999618530273,19.424999237060547,19.487499237060547,14.584918022155762,7379160
2017-06-08,19.487499237060547,19.5625,19.450000762939453,19.5625,14.64105224609375,7547444
2017-06-09,19.512500762939453,19.587499618530273,19.487499237060547,19.5,14.594278335571289,12041656
2017-06-12,19.287500381469727,19.375,19.262500762939453,19.287500381469727,14.435234069824219,13203260
2017-06-13,19.287500381469727,19.325000762939453,19.25,19.3125,14.453947067260742,6463920
2017-06-14,19.350000381469727,19.350000381469727,19.125,19.212499618530273,14.379106521606445,13522368
2017-06-15,19.200000762939453,19.225000381469727,19.149999618530273,19.225000381469727,14.388459205627441,6029904
2017-06-16,19.225000381469727,19.424999237060547,19.212499618530273,19.424999237060547,14.538146018981934,16932372
2017-06-19,19.424999237060547,19.637500762939453,19.424999237060547,19.637500762939453,14.697188377380371,20579340
2017-06-20,19.649999618530273,19.912500381469727,19.649999618530273,19.862499237060547,14.865578651428223,16187336
2017-06-21,19.799999237060547,19.975000381469727,19.712499618530273,19.887500762939453,14.884291648864746,54451816
2017-06-22,19.899999618530273,19.962499618530273,19.887500762939453,19.9375,14.921708106994629,24451200
2017-06-23,19.9375,20.012500762939453,19.912500381469727,19.924999237060547,14.91235637664795,34068356
2017-06-26,19.950000762939453,20.375,19.950000762939453,20.350000381469727,15.230438232421875,57017924
2017-06-27,20.350000381469727,20.375,20.25,20.325000762939453,15.211730003356934,12104808
2017-06-28,20.225000381469727,20.262500762939453,20.075000762939453,20.137500762939453,15.071398735046387,25147648
2017-06-29,20.25,20.262500762939453,20.125,20.162500381469727,15.090109825134277,5709020
2017-06-30,20.024999618530273,20.100000381469727,19.950000762939453,20.100000381469727,15.043333053588867,12282612
2017-07-03,20.100000381469727,20.149999618530273,20.049999237060547,20.112499237060547,15.052687644958496,6204184
2017-07-04,20.112499237060547,20.149999618530273,20.0,20.0,14.968490600585938,4948796
2017-07-05,20.024999618530273,20.1875,19.9375,20.1875,15.108818054199219,9097248
2017-07-06,20.1875,20.1875,20.049999237060547,20.100000381469727,15.043333053588867,9969676
2017-07-07,20.0625,20.0625,19.950000762939453,19.987499237060547,14.95913314819336,14279240
2017-07-10,20.0,20.112499237060547,20.0,20.087499618530273,15.033976554870605,14199716
2017-07-11,20.174999237060547,20.387500762939453,20.137500762939453,20.387500762939453,15.258505821228027,16555084
2017-07-12,20.375,20.450000762939453,20.325000762939453,20.387500762939453,15.258505821228027,15792908
2017-07-13,20.487499237060547,20.600000381469727,20.4375,20.549999237060547,15.380123138427734,15970496
2017-07-14,20.5,20.537500381469727,20.450000762939453,20.512500762939453,15.352058410644531,9126536
2017-07-17,20.625,20.637500762939453,20.5,20.549999237060547,15.380123138427734,10750572
2017-07-18,20.549999237060547,20.600000381469727,20.462499618530273,20.600000381469727,15.417545318603516,13110824
2017-07-19,20.587499618530273,20.75,20.587499618530273,20.674999237060547,15.473671913146973,29070760
2017-07-20,20.712499618530273,20.725000381469727,20.637500762939453,20.662500381469727,15.46431827545166,8082744
2017-07-21,20.649999618530273,20.649999618530273,20.512500762939453,20.524999618530273,15.361408233642578,17863648
2017-07-24,20.487499237060547,20.575000762939453,20.4375,20.575000762939453,15.398833274841309,9457268
2017-07-25,20.575000762939453,20.625,20.524999618530273,20.612499237060547,15.426899909973145,8506584
2017-07-26,20.637500762939453,20.6875,20.512500762939453,20.537500381469727,15.370766639709473,9429780
2017-07-27,20.549999237060547,20.75,20.549999237060547,20.75,15.529807090759277,8854880
2017-07-28,20.600000381469727,20.612499237060547,20.487499237060547,20.524999618530273,15.361408233642578,17606404
2017-07-31,20.362499237060547,20.375,20.262500762939453,20.337499618530273,15.351978302001953,11226396
2017-08-01,20.537500381469727,20.537500381469727,20.387500762939453,20.450000762939453,15.436896324157715,10569560
2017-08-02,20.5,20.662500381469727,20.5,20.625,15.569000244140625,20181832
2017-08-03,20.462499618530273,20.587499618530273,20.424999237060547,20.549999237060547,15.512385368347168,16116432
2017-08-04,20.537500381469727,20.587499618530273,20.512500762939453,20.587499618530273,15.540689468383789,4575992
2017-08-07,20.612499237060547,20.75,20.612499237060547,20.737499237060547,15.653921127319336,16435276
2017-08-08,20.762500762939453,20.8125,20.637500762939453,20.725000381469727,15.644485473632812,11942984
2017-08-09,20.637500762939453,20.649999618530273,20.512500762939453,20.537500381469727,15.502947807312012,12488912
2017-08-10,20.587499618530273,20.612499237060547,20.337499618530273,20.399999618530273,15.399151802062988,12675976
2017-08-11,20.212499618530273,20.337499618530273,20.1875,20.3125,15.33310317993164,10989160
2017-08-14,20.362499237060547,20.399999618530273,20.1875,20.1875,15.238746643066406,8981648
2017-08-15,20.325000762939453,20.375,20.237499237060547,20.325000762939453,15.342543601989746,10835444
2017-08-16,20.287500381469727,20.3125,20.149999618530273,20.25,15.285928726196289,25131344
2017-08-17,20.3125,20.424999237060547,20.287500381469727,20.412500381469727,15.408592224121094,7875208
2017-08-18,20.25,20.287500381469727,20.162500381469727,20.287500381469727,15.314233779907227,9262572
2017-08-21,20.262500762939453,20.299999237060547,20.1875,20.262500762939453,15.29535961151123,8201116
2017-08-22,20.362499237060547,20.475000381469727,20.362499237060547,20.462499618530273,15.446335792541504,15946580
2017-08-23,20.5,20.5625,20.4375,20.4375,15.427462577819824,22018028
2017-08-24,20.462499618530273,20.637500762939453,20.462499618530273,20.637500762939453,15.578434944152832,13951484
2017-08-25,20.662500381469727,20.6875,20.600000381469727,20.674999237060547,15.606738090515137,10459032
2017-08-28,20.674999237060547,20.700000762939453,20.600000381469727,20.637500762939453,15.578434944152832,11092904
2017-08-29,20.5625,20.600000381469727,20.487499237060547,20.575000762939453,15.531255722045898,4914728
2017-08-30,20.662500381469727,20.725000381469727,20.649999618530273,20.674999237060547,15.606738090515137,16479772
2017-08-31,20.787500381469727,20.787500381469727,20.674999237060547,20.737499237060547,15.653921127319336,13137268
2017-09-01,20.737499237060547,20.799999237060547,20.662500381469727,20.75,15.663355827331543,17717428
2017-09-04,20.725000381469727,20.762500762939453,20.674999237060547,20.712499618530273,15.635049819946289,10383840
2017-09-05,20.725000381469727,20.75,20.662500381469727,20.737499237060547,15.653921127319336,10256056
2017-09-06,20.674999237060547,20.725000381469727,20.587499618530273,20.649999618530273,15.587871551513672,11565836
2017-09-07,20.700000762939453,20.712499618530273,20.549999237060547,20.5625,15.521818161010742,5475400
2017-09-08,20.600000381469727,20.725000381469727,20.600000381469727,20.674999237060547,15.606738090515137,11367228
2017-09-11,20.8125,20.837499618530273,20.625,20.637500762939453,15.578434944152832,6510960
2017-09-12,20.737499237060547,20.762500762939453,20.662500381469727,20.712499618530273,15.635049819946289,5577004
2017-09-13,20.725000381469727,20.75,20.5625,20.575000762939453,15.531255722045898,8701656
2017-09-14,20.575000762939453,20.637500762939453,20.537500381469727,20.587499618530273,15.540689468383789,6998744
2017-09-15,20.587499618530273,20.625,20.524999618530273,20.587499618530273,15.540689468383789,7284024
2017-09-18,20.712499618530273,20.787500381469727,20.649999618530273,20.787500381469727,15.691661834716797,10771272
2017-09-19,20.799999237060547,20.825000762939453,20.662500381469727,20.6875,15.616177558898926,5825792
2017-09-20,20.625,20.662500381469727,20.524999618530273,20.549999237060547,15.512385368347168,39854696
2017-09-21,20.512500762939453,20.700000762939453,20.487499237060547,20.674999237060547,15.606738090515137,7320912
2017-09-22,20.649999618530273,20.649999618530273,20.387500762939453,20.399999618530273,15.399151802062988,22423144
2017-09-25,20.387500762939453,20.387500762939453,20.1875,20.237499237060547,15.2764892578125,28284184
2017-09-26,20.200000762939453,20.262500762939453,20.075000762939453,20.075000762939453,15.153824806213379,47009200
2017-09-27,20.149999618530273,20.225000381469727,20.137500762939453,20.174999237060547,15.229310989379883,24971608
2017-09-28,20.1875,20.200000762939453,20.075000762939453,20.100000381469727,15.172698974609375,27597268
2017-09-29,20.112499237060547,20.162500381469727,20.075000762939453,20.162500381469727,15.219877243041992,13775460
2017-10-02,20.3125,20.399999618530273,20.3125,20.375,15.380281448364258,13040768
2017-10-03,20.387500762939453,20.424999237060547,20.325000762939453,20.375,15.380281448364258,6312412
2017-10-05,20.375,20.524999618530273,20.375,20.462499618530273,15.446335792541504,25628312
2017-10-06,20.524999618530273,20.549999237060547,20.487499237060547,20.524999618530273,15.493509292602539,16507124
2017-10-11,20.612499237060547,20.850000381469727,20.612499237060547,20.850000381469727,15.738842964172363,63901824
2017-10-12,20.887500762939453,21.049999237060547,20.887500762939453,21.049999237060547,15.889812469482422,35080176
2017-10-13,20.987499237060547,21.012500762939453,20.9375,21.012500762939453,15.8615083694458,14384064
2017-10-16,21.012500762939453,21.125,21.012500762939453,21.125,15.946427345275879,16182852
2017-10-17,21.137500762939453,21.174999237060547,21.075000762939453,21.075000762939453,15.90868854522705,12935588
2017-10-18,21.200000762939453,21.25,21.075000762939453,21.149999618530273,15.96529769897461,17890512
2017-10-19,21.174999237060547,21.299999237060547,21.174999237060547,21.225000381469727,16.02191162109375,9789764
2017-10-20,21.100000381469727,21.212499618530273,21.100000381469727,21.137500762939453,15.955864906311035,6902248
2017-10-23,21.174999237060547,21.237499237060547,21.112499237060547,21.125,15.946427345275879,7087432
2017-10-24,21.125,21.125,21.049999237060547,21.100000381469727,15.927558898925781,4288612
2017-10-25,21.075000762939453,21.149999618530273,21.049999237060547,21.087499618530273,15.918122291564941,9666564
2017-10-26,21.037500381469727,21.100000381469727,21.0,21.0625,15.899250030517578,12905928
2017-10-27,21.075000762939453,21.1875,21.049999237060547,21.075000762939453,15.90868854522705,8564552
2017-10-30,21.274999618530273,21.337499618530273,21.200000762939453,21.237499237060547,16.031352996826172,13431968
2017-10-31,21.25,21.337499618530273,21.200000762939453,21.299999237060547,16.078529357910156,8525736
2017-11-01,21.337499618530273,21.350000381469727,21.237499237060547,21.274999618530273,16.059659957885742,5254992
2017-11-02,21.237499237060547,21.262500762939453,21.174999237060547,21.200000762939453,16.003042221069336,6250148
2017-11-03,21.237499237060547,21.262500762939453,21.149999618530273,21.174999237060547,15.984171867370605,5823476
2017-11-06,21.299999237060547,21.325000762939453,21.149999618530273,21.212499618530273,16.012479782104492,6293204
2017-11-07,21.25,21.325000762939453,21.212499618530273,21.325000762939453,16.097400665283203,8845884
2017-11-08,21.299999237060547,21.299999237060547,21.237499237060547,21.237499237060547,16.031352996826172,3239520
2017-11-09,21.237499237060547,21.262500762939453,21.100000381469727,21.100000381469727,15.927558898925781,5033196
2017-11-10,21.075000762939453,21.137500762939453,20.987499237060547,21.137500762939453,15.955864906311035,3692824
2017-11-13,21.0625,21.100000381469727,21.049999237060547,21.075000762939453,15.90868854522705,3917128
2017-11-14,21.075000762939453,21.075000762939453,20.987499237060547,21.037500381469727,15.880377769470215,4063196
2017-11-15,20.950000762939453,20.962499618530273,20.787500381469727,20.825000762939453,15.719968795776367,24280764
2017-11-16,20.825000762939453,20.9375,20.799999237060547,20.899999618530273,15.776583671569824,8707248
2017-11-17,21.075000762939453,21.112499237060547,21.037500381469727,21.087499618530273,15.918122291564941,28784476
2017-11-20,21.100000381469727,21.112499237060547,20.975000381469727,21.0,15.852070808410645,9204096
2017-11-21,20.975000381469727,21.200000762939453,20.975000381469727,21.1875,15.993607521057129,17878752
2017-11-22,21.287500381469727,21.399999618530273,21.225000381469727,21.287500381469727,16.069091796875,19654892
2017-11-23,21.287500381469727,21.337499618530273,21.237499237060547,21.299999237060547,16.078529357910156,6208204
2017-11-24,21.3125,21.325000762939453,21.237499237060547,21.287500381469727,16.069091796875,4274136
2017-11-27,21.287500381469727,21.287500381469727,21.024999618530273,21.037500381469727,15.880377769470215,8509216
2017-11-28,20.987499237060547,21.0,20.875,20.899999618530273,15.776583671569824,8028492
2017-11-29,20.912500381469727,20.987499237060547,20.887500762939453,20.924999237060547,15.795455932617188,5527436
2017-11-30,20.75,20.75,20.5625,20.5625,15.521818161010742,32153968
2017-12-01,20.537500381469727,20.725000381469727,20.412500381469727,20.649999618530273,15.587871551513672,22481288
2017-12-04,20.662500381469727,20.737499237060547,20.587499618530273,20.725000381469727,15.644485473632812,6014996
2017-12-05,20.637500762939453,20.662500381469727,20.549999237060547,20.5625,15.521818161010742,7520528
2017-12-06,20.524999618530273,20.524999618530273,20.212499618530273,20.212499618530273,15.257614135742188,52941612
2017-12-07,20.299999237060547,20.3125,20.112499237060547,20.225000381469727,15.267051696777344,29236120
2017-12-08,20.375,20.375,20.162500381469727,20.225000381469727,15.267051696777344,25120068
2017-12-11,20.299999237060547,20.412500381469727,20.299999237060547,20.375,15.380281448364258,10955980
2017-12-12,20.350000381469727,20.375,20.137500762939453,20.237499237060547,15.2764892578125,15762584
2017-12-13,20.274999618530273,20.299999237060547,20.225000381469727,20.25,15.285928726196289,6707996
2017-12-14,20.387500762939453,20.5,20.337499618530273,20.4375,15.427462577819824,8985120
2017-12-15,20.412500381469727,20.412500381469727,20.162500381469727,20.274999618530273,15.304800987243652,16308644
2017-12-18,20.299999237060547,20.3125,20.212499618530273,20.299999237060547,15.323668479919434,15370456
2017-12-19,20.299999237060547,20.350000381469727,20.174999237060547,20.200000762939453,15.24818229675293,16380392
2017-12-20,20.200000762939453,20.274999618530273,20.1875,20.262500762939453,15.29535961151123,18609096
2017-12-21,20.274999618530273,20.337499618530273,20.25,20.25,15.285928726196289,4963292
2017-12-22,20.200000762939453,20.337499618530273,20.174999237060547,20.325000762939453,15.342543601989746,6579364
2017-12-25,20.325000762939453,20.387500762939453,20.325000762939453,20.362499237060547,15.370847702026367,4011732
2017-12-26,20.362499237060547,20.362499237060547,20.125,20.162500381469727,15.219877243041992,10312784
2017-12-27,20.149999618530273,20.225000381469727,20.137500762939453,20.225000381469727,15.267051696777344,14400572
2017-12-28,20.3125,20.4375,20.3125,20.424999237060547,15.418025016784668,12379264
2017-12-29,20.4375,20.549999237060547,20.4375,20.537500381469727,15.502947807312012,18761184
2018-01-02,20.537500381469727,20.649999618530273,20.537500381469727,20.649999618530273,15.587871551513672,14452796
2018-01-03,20.737499237060547,20.862499237060547,20.737499237060547,20.837499618530273,15.729408264160156,28785748
2018-01-04,20.875,20.912500381469727,20.799999237060547,20.875,15.75771427154541,22510260
2018-01-05,20.875,20.950000762939453,20.825000762939453,20.9375,15.80489444732666,30467184
2018-01-08,20.950000762939453,21.037500381469727,20.924999237060547,21.024999618530273,15.870944023132324,20758444
2018-01-09,21.024999618530273,21.0625,20.975000381469727,21.037500381469727,15.880377769470215,14658864
2018-01-10,21.024999618530273,21.0625,20.887500762939453,20.9375,15.80489444732666,22998388
2018-01-11,20.912500381469727,20.924999237060547,20.774999618530273,20.850000381469727,15.738842964172363,10316900
2018-01-12,20.887500762939453,21.049999237060547,20.875,21.024999618530273,15.870944023132324,11484772
2018-01-15,21.137500762939453,21.174999237060547,21.100000381469727,21.162500381469727,15.974737167358398,11279408
2018-01-16,21.162500381469727,21.25,21.125,21.25,16.040786743164062,15823364
2018-01-17,21.162500381469727,21.362499237060547,21.162500381469727,21.287500381469727,16.069091796875,22793072
2018-01-18,21.375,21.637500762939453,21.375,21.575000762939453,16.286115646362305,27595212
2018-01-19,21.587499618530273,21.787500381469727,21.587499618530273,21.787500381469727,16.44652557373047,21208288
2018-01-22,21.787500381469727,21.987499237060547,21.787500381469727,21.987499237060547,16.597497940063477,17764244
2018-01-23,22.012500762939453,22.100000381469727,21.975000381469727,22.075000762939453,16.66354751586914,23199728
2018-01-24,22.0,22.0,21.712499618530273,21.799999237060547,16.455963134765625,20413716
2018-01-25,21.8125,22.075000762939453,21.787500381469727,21.862499237060547,16.50313949584961,19934736
2018-01-26,21.862499237060547,21.899999618530273,21.712499618530273,21.875,16.512575149536133,31098692
2018-01-29,21.375,21.537500381469727,21.299999237060547,21.387500762939453,16.560970306396484,25783188
2018-01-30,21.299999237060547,21.337499618530273,21.125,21.137500762939453,16.367387771606445,19865044
2018-01-31,21.100000381469727,21.25,21.037500381469727,21.162500381469727,16.386747360229492,17006956
2018-02-01,21.1875,21.375,21.1875,21.3125,16.502893447875977,11658156
2018-02-02,21.212499618530273,21.287500381469727,21.087499618530273,21.225000381469727,16.43514060974121,12326368
2018-02-05,20.799999237060547,20.9375,20.725000381469727,20.899999618530273,16.18348503112793,28303608
2018-02-06,20.212499618530273,20.274999618530273,19.700000762939453,19.912500381469727,15.418835639953613,128890380
2018-02-07,20.337499618530273,20.350000381469727,20.149999618530273,20.162500381469727,15.612418174743652,40727628
2018-02-08,20.162500381469727,20.237499237060547,20.075000762939453,20.149999618530273,15.602738380432129,18058764
2018-02-09,19.649999618530273,19.799999237060547,19.5,19.762500762939453,15.302685737609863,64844948
2018-02-12,19.887500762939453,19.975000381469727,19.850000381469727,19.924999237060547,15.428513526916504,33775180
2018-02-21,20.350000381469727,20.424999237060547,20.274999618530273,20.375,15.776959419250488,46584340
2018-02-22,20.375,20.375,20.1875,20.25,15.68017292022705,14999640
2018-02-23,20.350000381469727,20.524999618530273,20.350000381469727,20.5,15.873748779296875,14317264
2018-02-26,20.637500762939453,20.700000762939453,20.587499618530273,20.600000381469727,15.951188087463379,13156828
2018-02-27,20.774999618530273,20.799999237060547,20.587499618530273,20.587499618530273,15.941502571105957,30654984
2018-03-01,20.387500762939453,20.487499237060547,20.287500381469727,20.4375,15.825356483459473,17376880
2018-03-02,20.212499618530273,20.299999237060547,20.112499237060547,20.287500381469727,15.709210395812988,25049444
2018-03-05,20.274999618530273,20.375,20.162500381469727,20.1875,15.631772994995117,14895028
2018-03-06,20.412500381469727,20.537500381469727,20.399999618530273,20.537500381469727,15.902790069580078,22128816
2018-03-07,20.4375,20.612499237060547,20.424999237060547,20.450000762939453,15.83503532409668,10476644
2018-03-08,20.537500381469727,20.700000762939453,20.537500381469727,20.6875,16.018938064575195,12930332
2018-03-09,20.725000381469727,20.75,20.674999237060547,20.712499618530273,16.038297653198242,11328256
2018-03-12,20.899999618530273,21.0625,20.887500762939453,21.037500381469727,16.289953231811523,35009296
2018-03-13,21.087499618530273,21.237499237060547,21.075000762939453,21.237499237060547,16.444820404052734,39349740
2018-03-14,21.087499618530273,21.112499237060547,21.0,21.075000762939453,16.318992614746094,13663712
2018-03-15,21.0,21.075000762939453,20.975000381469727,21.0625,16.30931282043457,14027592
2018-03-16,21.0,21.049999237060547,20.774999618530273,20.975000381469727,16.241561889648438,22042684
2018-03-19,20.912500381469727,21.024999618530273,20.862499237060547,20.962499618530273,16.231874465942383,8142136
2018-03-20,20.799999237060547,20.950000762939453,20.799999237060547,20.950000762939453,16.222198486328125,11581400
2018-03-21,20.950000762939453,21.024999618530273,20.899999618530273,20.962499618530273,16.231874465942383,19566108
2018-03-22,21.0,21.149999618530273,20.862499237060547,20.887500762939453,16.173805236816406,13719700
2018-03-23,20.462499618530273,20.600000381469727,20.450000762939453,20.524999618530273,15.893111228942871,32238952
2018-03-26,20.462499618530273,20.549999237060547,20.399999618530273,20.549999237060547,15.912468910217285,17476488
2018-03-27,20.75,20.850000381469727,20.737499237060547,20.850000381469727,16.1447696685791,13110272
2018-03-28,20.725000381469727,20.725000381469727,20.549999237060547,20.5625,15.922148704528809,16644768
2018-03-29,20.5625,20.587499618530273,20.450000762939453,20.524999618530273,15.893111228942871,16399420
2018-03-30,20.662500381469727,20.762500762939453,20.662500381469727,20.712499618530273,16.038297653198242,19976360
2018-04-02,20.712499618530273,20.737499237060547,20.537500381469727,20.5625,15.922148704528809,14949196
2018-04-03,20.375,20.387500762939453,20.299999237060547,20.375,15.776959419250488,24750092
2018-04-09,20.537500381469727,20.575000762939453,20.399999618530273,20.549999237060547,15.912468910217285,13605720
2018-04-10,20.524999618530273,20.712499618530273,20.4375,20.625,15.970545768737793,15441988
2018-04-11,20.725000381469727,20.774999618530273,20.6875,20.712499618530273,16.038297653198242,10414612
2018-04-12,20.762500762939453,20.787500381469727,20.5625,20.625,15.970545768737793,14366292
2018-04-13,20.674999237060547,20.700000762939453,20.575000762939453,20.625,15.970545768737793,11930928
2018-04-16,20.662500381469727,20.662500381469727,20.5,20.575000762939453,15.931825637817383,7236792
2018-04-17,20.600000381469727,20.600000381469727,20.337499618530273,20.350000381469727,15.75760269165039,17300160
2018-04-18,20.399999618530273,20.524999618530273,20.337499618530273,20.399999618530273,15.796317100524902,14959348
2018-04-19,20.475000381469727,20.662500381469727,20.475000381469727,20.662500381469727,15.999579429626465,17845076
2018-04-20,20.25,20.274999618530273,20.125,20.1875,15.631772994995117,36070860
2018-04-23,20.0625,20.112499237060547,19.975000381469727,19.987499237060547,15.476907730102539,42499120
2018-04-24,19.975000381469727,19.987499237060547,19.762500762939453,19.887500762939453,15.399476051330566,67471148
2018-04-25,19.8125,19.825000762939453,19.700000762939453,19.825000762939453,15.351078987121582,65843988
2018-04-26,19.924999237060547,19.924999237060547,19.700000762939453,19.762500762939453,15.302685737609863,65943112
2018-04-27,19.899999618530273,19.912500381469727,19.700000762939453,19.799999237060547,15.3317232131958,49582444
2018-04-30,19.912500381469727,20.037500381469727,19.762500762939453,20.0,15.486588478088379,26067932
2018-05-02,20.012500762939453,20.037500381469727,19.850000381469727,19.850000381469727,15.37043571472168,22053992
2018-05-03,19.762500762939453,19.762500762939453,19.587499618530273,19.637500762939453,15.205896377563477,35293736
2018-05-04,19.637500762939453,19.75,19.600000381469727,19.737499237060547,15.283329010009766,13901692
2018-05-07,19.875,19.887500762939453,19.700000762939453,19.875,15.389799118041992,15433528
2018-05-08,19.850000381469727,20.012500762939453,19.837499618530273,20.0,15.486588478088379,21408464
2018-05-09,20.0,20.137500762939453,20.0,20.112499237060547,15.573698997497559,13436088
2018-05-10,20.174999237060547,20.174999237060547,20.112499237060547,20.162500381469727,15.612418174743652,23909216
2018-05-11,20.274999618530273,20.424999237060547,20.262500762939453,20.399999618530273,15.796317100524902,70617188
2018-05-14,20.5,20.649999618530273,20.475000381469727,20.625,15.970545768737793,68790744
2018-05-15,20.587499618530273,20.600000381469727,20.412500381469727,20.412500381469727,15.805996894836426,28889928
2018-05-16,20.362499237060547,20.450000762939453,20.350000381469727,20.4375,15.825356483459473,33174404
2018-05-17,20.487499237060547,20.5,20.299999237060547,20.299999237060547,15.71888542175293,7763112
2018-05-18,20.299999237060547,20.375,20.212499618530273,20.237499237060547,15.670491218566895,9442848
2018-05-21,20.299999237060547,20.524999618530273,20.299999237060547,20.512500762939453,15.88343334197998,15558644
2018-05-22,20.450000762939453,20.575000762939453,20.4375,20.4375,15.825356483459473,7349796
2018-05-23,20.475000381469727,20.5,20.325000762939453,20.337499618530273,15.7479248046875,8497492
2018-05-24,20.337499618530273,20.424999237060547,20.3125,20.387500762939453,15.786642074584961,4541296
2018-05-25,20.387500762939453,20.512500762939453,20.350000381469727,20.462499618530273,15.844717979431152,12462992
2018-05-28,20.512500762939453,20.5625,20.5,20.549999237060547,15.912468910217285,11761532
2018-05-29,20.549999237060547,20.549999237060547,20.375,20.462499618530273,15.844717979431152,5554160
2018-05-30,20.350000381469727,20.350000381469727,20.075000762939453,20.100000381469727,15.564023971557617,24711276
2018-05-31,20.200000762939453,20.237499237060547,20.137500762939453,20.1875,15.631772994995117,6423688
2018-06-01,20.200000762939453,20.362499237060547,20.200000762939453,20.337499618530273,15.7479248046875,7394776
2018-06-04,20.450000762939453,20.649999618530273,20.450000762939453,20.649999618530273,15.989900588989258,28324256
2018-06-05,20.674999237060547,20.674999237060547,20.5625,20.625,15.970545768737793,10783684
2018-06-06,20.662500381469727,20.837499618530273,20.662500381469727,20.825000762939453,16.125410079956055,25593288
2018-06-07,20.875,20.899999618530273,20.75,20.862499237060547,16.154447555541992,26817272
2018-06-08,20.825000762939453,20.825000762939453,20.625,20.637500762939453,15.980223655700684,13878156
2018-06-11,20.700000762939453,20.737499237060547,20.600000381469727,20.662500381469727,15.999579429626465,13057500
2018-06-12,20.5625,20.625,20.487499237060547,20.625,15.970545768737793,8972896
2018-06-13,20.612499237060547,20.774999618530273,20.587499618530273,20.75,16.06733512878418,18672580
2018-06-14,20.625,20.637500762939453,20.4375,20.4375,15.825356483459473,14257072
2018-06-15,20.399999618530273,20.487499237060547,20.299999237060547,20.487499237060547,15.864072799682617,15448488
2018-06-19,20.274999618530273,20.299999237060547,20.149999618530273,20.149999618530273,15.602738380432129,19976952
2018-06-20,20.162500381469727,20.424999237060547,20.075000762939453,20.375,15.776959419250488,31467980
2018-06-21,20.375,20.399999618530273,20.299999237060547,20.3125,15.728565216064453,8539404
2018-06-22,20.200000762939453,20.299999237060547,20.087499618530273,20.287500381469727,15.709210395812988,25929844
2018-06-25,20.212499618530273,20.262500762939453,20.174999237060547,20.225000381469727,15.660807609558105,31972724
2018-06-26,20.174999237060547,20.174999237060547,20.0,20.174999237060547,15.622096061706543,65736564
2018-06-27,20.1875,20.225000381469727,20.075000762939453,20.100000381469727,15.564023971557617,33232196
2018-06-28,20.012500762939453,20.100000381469727,19.950000762939453,20.012500762939453,15.496268272399902,48256080
2018-06-29,20.075000762939453,20.387500762939453,20.049999237060547,20.362499237060547,15.767284393310547,26336852
2018-07-02,20.375,20.475000381469727,20.25,20.262500762939453,15.689846992492676,16702512
2018-07-03,20.325000762939453,20.487499237060547,20.149999618530273,20.287500381469727,15.709210395812988,20094748
2018-07-04,20.287500381469727,20.399999618530273,20.274999618530273,20.350000381469727,15.75760269165039,6985796
2018-07-05,20.362499237060547,20.362499237060547,20.149999618530273,20.1875,15.631772994995117,12476328
2018-07-06,20.274999618530273,20.287500381469727,20.049999237060547,20.237499237060547,15.670491218566895,21405968
2018-07-09,20.4375,20.612499237060547,20.387500762939453,20.5625,15.922148704528809,36155112
2018-07-10,20.662500381469727,20.700000762939453,20.587499618530273,20.612499237060547,15.960865020751953,19655208
2018-07-11,20.424999237060547,20.475000381469727,20.325000762939453,20.424999237060547,15.815674781799316,15596276
2018-07-12,20.399999618530273,20.662500381469727,20.375,20.662500381469727,15.999579429626465,27531384
2018-07-13,20.75,20.850000381469727,20.700000762939453,20.837499618530273,16.135089874267578,54647116
2018-07-16,20.825000762939453,20.862499237060547,20.75,20.75,16.06733512878418,21321728
2018-07-17,20.712499618530273,20.712499618530273,20.600000381469727,20.637500762939453,15.980223655700684,11971004
2018-07-18,20.787500381469727,20.875,20.737499237060547,20.762500762939453,16.07701301574707,52697820
2018-07-19,20.774999618530273,20.950000762939453,20.762500762939453,20.825000762939453,16.125410079956055,52870644
2018-07-20,21.0,21.174999237060547,21.0,21.162500381469727,16.386747360229492,73613480
2018-07-23,21.075000762939453,21.1875,20.962499618530273,21.137500762939453,16.503862380981445,34017888
2018-07-24,21.112499237060547,21.174999237060547,21.037500381469727,21.174999237060547,16.53314208984375,20467256
2018-07-25,21.012500762939453,21.212499618530273,21.012500762939453,21.1875,16.54290199279785,25408804
2018-07-26,21.1875,21.3125,21.1875,21.25,16.59170150756836,33884680
2018-07-27,21.274999618530273,21.4375,21.274999618530273,21.424999237060547,16.72833824157715,23788472
2018-07-30,21.412500381469727,21.475000381469727,21.350000381469727,21.387500762939453,16.69906234741211,12921640
2018-07-31,21.337499618530273,21.424999237060547,21.262500762939453,21.387500762939453,16.69906234741211,10958652
2018-08-01,21.450000762939453,21.549999237060547,21.450000762939453,21.537500381469727,16.816177368164062,16050028
2018-08-02,21.524999618530273,21.537500381469727,21.212499618530273,21.212499618530273,16.562423706054688,19099800
2018-08-03,21.350000381469727,21.424999237060547,21.337499618530273,21.387500762939453,16.69906234741211,4900664
2018-08-06,21.387500762939453,21.524999618530273,21.337499618530273,21.424999237060547,16.72833824157715,9698684
2018-08-07,21.424999237060547,21.450000762939453,21.350000381469727,21.375,16.689298629760742,4797124
2018-08-08,21.450000762939453,21.600000381469727,21.450000762939453,21.537500381469727,16.816177368164062,16299936
2018-08-09,21.524999618530273,21.5625,21.424999237060547,21.537500381469727,16.816177368164062,6527156
2018-08-10,21.424999237060547,21.537500381469727,21.412500381469727,21.424999237060547,16.72833824157715,5119668
2018-08-13,21.262500762939453,21.262500762939453,20.912500381469727,20.987499237060547,16.38674545288086,29139736
2018-08-14,21.100000381469727,21.149999618530273,21.012500762939453,21.137500762939453,16.503862380981445,8972820
2018-08-15,21.125,21.125,20.862499237060547,20.9375,16.34770965576172,17118684
2018-08-16,20.8125,21.024999618530273,20.762500762939453,20.950000762939453,16.357467651367188,18130168
2018-08-17,20.987499237060547,21.037500381469727,20.899999618530273,20.912500381469727,16.328187942504883,18560156
2018-08-20,20.975000381469727,21.024999618530273,20.924999237060547,20.987499237060547,16.38674545288086,12591984
2018-08-21,20.975000381469727,21.162500381469727,20.975000381469727,21.137500762939453,16.503862380981445,20092232
2018-08-22,21.174999237060547,21.212499618530273,21.087499618530273,21.162500381469727,16.52338409423828,14183072
2018-08-23,21.200000762939453,21.299999237060547,21.149999618530273,21.262500762939453,16.601463317871094,15476944
2018-08-24,21.25,21.274999618530273,21.112499237060547,21.200000762939453,16.552663803100586,10196696
2018-08-27,21.25,21.387500762939453,21.25,21.387500762939453,16.69906234741211,20073816
2018-08-28,21.487499237060547,21.600000381469727,21.487499237060547,21.5625,16.835697174072266,33152312
2018-08-29,21.612499237060547,21.837499618530273,21.612499237060547,21.8125,17.030893325805664,53535384
2018-08-30,21.950000762939453,22.087499618530273,21.862499237060547,21.887500762939453,17.089452743530273,39576708
2018-08-31,21.75,21.75,21.612499237060547,21.737499237060547,16.972332000732422,16982440
2018-09-03,21.737499237060547,21.799999237060547,21.600000381469727,21.612499237060547,16.874738693237305,14668308
2018-09-04,21.700000762939453,21.75,21.612499237060547,21.75,16.98209571838379,9430900
2018-09-05,21.75,21.825000762939453,21.674999237060547,21.75,16.98209571838379,9985232
2018-09-06,21.725000381469727,21.725000381469727,21.549999237060547,21.625,16.884498596191406,7783556
2018-09-07,21.549999237060547,21.612499237060547,21.5,21.600000381469727,16.864974975585938,10023632
2018-09-10,21.649999618530273,21.649999618530273,21.412500381469727,21.5,16.786897659301758,21205124
2018-09-11,21.487499237060547,21.5,21.350000381469727,21.412500381469727,16.71858024597168,78101616
2018-09-12,21.462499618530273,21.475000381469727,21.3125,21.387500762939453,16.69906234741211,74335892
2018-09-13,21.450000762939453,21.450000762939453,21.225000381469727,21.237499237060547,16.581941604614258,83984800
2018-09-14,21.4375,21.625,21.399999618530273,21.625,16.884498596191406,34465500
2018-09-17,21.625,21.625,21.424999237060547,21.462499618530273,16.757617950439453,35955840
2018-09-18,21.399999618530273,21.424999237060547,21.299999237060547,21.350000381469727,16.66977882385254,24562284
2018-09-19,21.450000762939453,21.575000762939453,21.424999237060547,21.537500381469727,16.816177368164062,27526508
2018-09-20,21.612499237060547,21.637500762939453,21.450000762939453,21.475000381469727,16.767379760742188,16639104
2018-09-21,21.5625,21.712499618530273,21.475000381469727,21.712499618530273,16.95281410217285,29481756
2018-09-25,21.662500381469727,21.787500381469727,21.649999618530273,21.774999618530273,17.001617431640625,30025008
2018-09-26,21.725000381469727,21.75,21.6875,21.725000381469727,16.96257781982422,32146012
2018-09-27,21.649999618530273,21.862499237060547,21.649999618530273,21.837499618530273,17.0504150390625,111200144
2018-09-28,21.837499618530273,21.912500381469727,21.649999618530273,21.725000381469727,16.96257781982422,52809484
2018-10-01,21.725000381469727,21.850000381469727,21.725000381469727,21.837499618530273,17.0504150390625,23648936
2018-10-02,21.8125,21.8125,21.5,21.512500762939453,16.796655654907227,21737328
2018-10-03,21.512500762939453,21.575000762939453,21.450000762939453,21.487499237060547,16.777137756347656,17478760
2018-10-04,21.424999237060547,21.424999237060547,21.200000762939453,21.225000381469727,16.57218360900879,38947872
2018-10-05,21.125,21.125,20.75,20.862499237060547,16.289148330688477,106976384
2018-10-08,20.737499237060547,20.850000381469727,20.625,20.75,16.20130729675293,186048816
2018-10-09,20.762500762939453,20.850000381469727,20.700000762939453,20.8125,16.25010871887207,82123588
2018-10-11,20.037500381469727,20.037500381469727,19.337499618530273,19.350000381469727,15.108207702636719,274206496
2018-10-12,19.424999237060547,20.012500762939453,19.375,20.012500762939453,15.625481605529785,92733128
2018-10-15,19.875,19.875,19.662500381469727,19.799999237060547,15.459564208984375,196954632
2018-10-16,19.75,19.875,19.649999618530273,19.825000762939453,15.479081153869629,66706580
2018-10-17,20.112499237060547,20.125,19.837499618530273,19.850000381469727,15.498601913452148,81220148
2018-10-18,19.875,19.9375,19.737499237060547,19.787500381469727,15.449804306030273,31893128
2018-10-19,19.549999237060547,19.825000762939453,19.5,19.825000762939453,15.479081153869629,48256144
2018-10-22,19.587499618530273,19.887500762939453,19.5,19.799999237060547,15.459564208984375,49813812
2018-10-23,19.524999618530273,19.649999618530273,19.424999237060547,19.4375,15.176528930664062,99593568
2018-10-24,19.450000762939453,19.487499237060547,19.174999237060547,19.350000381469727,15.108207702636719,52010000
2018-10-25,18.875,19.049999237060547,18.825000762939453,18.875,14.737335205078125,115743544
2018-10-26,19.0625,19.112499237060547,18.625,18.850000381469727,14.717817306518555,71135124
2018-10-29,18.962499618530273,19.024999618530273,18.837499618530273,18.9375,14.786133766174316,39533040
2018-10-30,18.950000762939453,19.0625,18.875,18.987499237060547,14.825172424316406,24460200
2018-10-31,19.149999618530273,19.387500762939453,19.149999618530273,19.387500762939453,15.137490272521973,39552896
2018-11-01,19.462499618530273,19.612499237060547,19.387500762939453,19.600000381469727,15.303404808044434,27189176
2018-11-02,19.600000381469727,19.700000762939453,19.5,19.662500381469727,15.352203369140625,26829316
2018-11-05,19.524999618530273,19.5625,19.399999618530273,19.5625,15.274126052856445,18483000
2018-11-06,19.612499237060547,19.625,19.4375,19.5,15.22532844543457,24737928
2018-11-07,19.549999237060547,19.637500762939453,19.512500762939453,19.600000381469727,15.303404808044434,24743000
2018-11-08,19.787500381469727,19.850000381469727,19.625,19.712499618530273,15.391242980957031,41055940
2018-11-09,19.625,19.625,19.412500381469727,19.450000762939453,15.18628978729248,147344044
2018-11-12,19.4375,19.575000762939453,19.387500762939453,19.5,15.22532844543457,24513040
2018-11-13,19.037500381469727,19.3125,18.924999237060547,19.274999618530273,15.04964828491211,42823476
2018-11-14,19.3125,19.350000381469727,19.25,19.337499618530273,15.098450660705566,25145500
2018-11-15,19.375,19.412500381469727,19.1875,19.399999618530273,15.147248268127441,22737472
2018-11-16,19.487499237060547,19.487499237060547,19.212499618530273,19.237499237060547,15.020369529724121,35511616
2018-11-19,19.262500762939453,19.287500381469727,19.149999618530273,19.174999237060547,14.971569061279297,28221480
2018-11-20,19.100000381469727,19.125,18.9375,19.0,14.834933280944824,34404492
2018-11-21,18.825000762939453,19.012500762939453,18.712499618530273,19.0,14.834933280944824,60492172
2018-11-22,19.024999618530273,19.0625,18.899999618530273,18.899999618530273,14.756851196289062,23731212
2018-11-23,18.924999237060547,18.962499618530273,18.762500762939453,18.837499618530273,14.70805549621582,16128860
2018-11-26,18.975000381469727,19.237499237060547,18.9375,19.037500381469727,14.864212989807129,25285068
2018-11-27,18.987499237060547,19.012500762939453,18.799999237060547,19.012500762939453,14.844694137573242,30455732
2018-11-28,19.037500381469727,19.237499237060547,18.9375,19.225000381469727,15.010611534118652,30123040
2018-11-29,19.424999237060547,19.487499237060547,19.262500762939453,19.262500762939453,15.039891242980957,35502348
2018-11-30,19.299999237060547,19.337499618530273,19.1875,19.1875,14.981328964233398,16836844
2018-12-03,19.462499618530273,19.75,19.450000762939453,19.700000762939453,15.381482124328613,55367944
2018-12-04,19.625,19.625,19.524999618530273,19.5625,15.274126052856445,16317136
2018-12-05,19.274999618530273,19.299999237060547,19.162500381469727,19.162500381469727,14.961811065673828,38529464
2018-12-06,18.962499618530273,18.962499618530273,18.712499618530273,18.774999618530273,14.659258842468262,81301684
2018-12-07,18.899999618530273,18.9375,18.825000762939453,18.862499237060547,14.727577209472656,27108032
2018-12-10,18.625,18.725000381469727,18.612499237060547,18.612499237060547,14.532379150390625,52041136
2018-12-11,18.625,18.774999618530273,18.612499237060547,18.762500762939453,14.649497032165527,21232912
2018-12-12,18.912500381469727,19.0625,18.850000381469727,19.049999237060547,14.873970985412598,34658780
2018-12-13,19.049999237060547,19.125,18.987499237060547,19.075000762939453,14.893491744995117,24950320
2018-12-14,18.950000762939453,18.950000762939453,18.737499237060547,18.837499618530273,14.70805549621582,35047356
2018-12-17,18.837499618530273,19.012500762939453,18.787500381469727,18.987499237060547,14.825172424316406,22553732
2018-12-18,18.875,18.887500762939453,18.762500762939453,18.825000762939453,14.698297500610352,30620004
2018-12-19,18.875,18.987499237060547,18.837499618530273,18.975000381469727,14.815414428710938,17973840
2018-12-20,18.75,18.887500762939453,18.75,18.762500762939453,14.649497032165527,38230852
2018-12-21,18.737499237060547,18.8125,18.612499237060547,18.799999237060547,14.678773880004883,33860572
2018-12-24,18.712499618530273,18.75,18.637500762939453,18.674999237060547,14.581177711486816,23809316
2018-12-25,18.537500381469727,18.537500381469727,18.325000762939453,18.4375,14.395742416381836,48285016
2018-12-26,18.5,18.575000762939453,18.375,18.387500762939453,14.356701850891113,35679876
2018-12-27,18.700000762939453,18.787500381469727,18.625,18.762500762939453,14.649497032165527,38461436
2018-12-28,18.774999618530273,18.875,18.712499618530273,18.875,14.737335205078125,18519500
2019-01-02,18.962499618530273,18.975000381469727,18.487499237060547,18.512500762939453,14.454302787780762,34128292
2019-01-03,18.450000762939453,18.5,18.3125,18.337499618530273,14.31766128540039,53388588
2019-01-04,18.200000762939453,18.200000762939453,18.0,18.049999237060547,14.093188285827637,85169860
2019-01-07,18.387500762939453,18.512500762939453,18.3125,18.487499237060547,14.434781074523926,58422552
2019-01-08,18.537500381469727,18.537500381469727,18.387500762939453,18.412500381469727,14.376220703125,44026800
2019-01-09,18.487499237060547,18.787500381469727,18.487499237060547,18.75,14.63973617553711,45722092
2019-01-10,18.700000762939453,18.725000381469727,18.625,18.700000762939453,14.60069751739502,11293132
2019-01-11,18.825000762939453,18.9375,18.787500381469727,18.875,14.737335205078125,41451660
2019-01-14,18.862499237060547,18.862499237060547,18.6875,18.75,14.63973617553711,21193620
2019-01-15,18.762500762939453,18.950000762939453,18.762500762939453,18.912500381469727,14.766613960266113,47345800
2019-01-16,18.912500381469727,18.924999237060547,18.837499618530273,18.887500762939453,14.747093200683594,61370012
2019-01-17,18.899999618530273,18.975000381469727,18.787500381469727,18.887500762939453,14.747093200683594,40082956
2019-01-18,18.9375,19.024999618530273,18.850000381469727,18.987499237060547,14.825172424316406,33173964
2019-01-21,19.087499618530273,19.174999237060547,19.0625,19.125,14.932528495788574,41019024
2019-01-22,18.600000381469727,18.600000381469727,18.450000762939453,18.512500762939453,14.90234661102295,35355724
2019-01-23,18.5,18.5,18.412500381469727,18.424999237060547,14.831907272338867,25629768
2019-01-24,18.487499237060547,18.537500381469727,18.4375,18.512500762939453,14.90234661102295,14002024
2019-01-25,18.649999618530273,18.774999618530273,18.637500762939453,18.75,15.09352970123291,29283112
2019-01-28,18.787500381469727,18.862499237060547,18.762500762939453,18.787500381469727,15.123716354370117,15300572
2019-01-29,18.625,18.637500762939453,18.549999237060547,18.625,14.992905616760254,17679160
2019-01-30,18.625,18.662500381469727,18.549999237060547,18.587499618530273,14.962719917297363,21020916
2019-02-11,18.837499618530273,18.912500381469727,18.712499618530273,18.787500381469727,15.123716354370117,26459600
2019-02-12,18.837499618530273,18.9375,18.837499618530273,18.912500381469727,15.224339485168457,24656600
2019-02-13,18.987499237060547,18.987499237060547,18.850000381469727,18.875,15.19415283203125,16630800
2019-02-14,18.875,18.9375,18.8125,18.8125,15.143840789794922,14566168
2019-02-15,18.825000762939453,18.899999618530273,18.725000381469727,18.762500762939453,15.103592872619629,14064444
2019-02-18,18.875,18.975000381469727,18.875,18.912500381469727,15.224339485168457,26384652
2019-02-19,18.924999237060547,18.924999237060547,18.875,18.875,15.19415283203125,11448276
2019-02-20,18.975000381469727,19.125,18.975000381469727,19.087499618530273,15.36521053314209,137231412
2019-02-21,19.100000381469727,19.274999618530273,19.100000381469727,19.274999618530273,15.516145706176758,74659260
2019-02-22,19.237499237060547,19.237499237060547,19.125,19.237499237060547,15.485960006713867,39524068
2019-02-25,19.337499618530273,19.4375,19.325000762939453,19.375,15.59664535522461,77461416
2019-02-26,19.412500381469727,19.450000762939453,19.325000762939453,19.424999237060547,15.636897087097168,63612204
2019-02-27,19.424999237060547,19.424999237060547,19.337499618530273,19.412500381469727,15.62683391571045,51629956
2019-03-04,19.387500762939453,19.387500762939453,19.174999237060547,19.237499237060547,15.485960006713867,33878280
2019-03-05,19.149999618530273,19.225000381469727,19.112499237060547,19.1875,15.445709228515625,37601972
2019-03-06,19.212499618530273,19.262500762939453,19.1875,19.237499237060547,15.485960006713867,78319168
2019-03-07,19.225000381469727,19.262500762939453,19.149999618530273,19.162500381469727,15.425585746765137,72959080
2019-03-08,19.049999237060547,19.087499618530273,18.950000762939453,19.0,15.29477596282959,39900800
2019-03-11,18.962499618530273,19.037500381469727,18.924999237060547,19.037500381469727,15.32496452331543,18569560
2019-03-12,19.212499618530273,19.362499237060547,19.200000762939453,19.3125,15.54633617401123,55429872
2019-03-13,19.262500762939453,19.299999237060547,19.200000762939453,19.274999618530273,15.516145706176758,40594116
2019-03-14,19.325000762939453,19.350000381469727,19.237499237060547,19.262500762939453,15.506087303161621,20835024
2019-03-15,19.337499618530273,19.424999237060547,19.287500381469727,19.399999618530273,15.616772651672363,45935004
2019-03-18,19.4375,19.524999618530273,19.412500381469727,19.524999618530273,15.71739673614502,48874832
2019-03-19,19.524999618530273,19.600000381469727,19.462499618530273,19.600000381469727,15.777769088745117,34417184
2019-03-20,19.587499618530273,19.637500762939453,19.549999237060547,19.625,15.797893524169922,47424108
2019-03-21,19.700000762939453,19.787500381469727,19.662500381469727,19.787500381469727,15.928707122802734,45364852
2019-03-22,19.875,19.924999237060547,19.762500762939453,19.837499618530273,15.968954086303711,27721428
2019-03-25,19.524999618530273,19.587499618530273,19.5,19.537500381469727,15.727458953857422,28083024
2019-03-26,19.625,19.674999237060547,19.600000381469727,19.662500381469727,15.828080177307129,10800360
2019-03-27,19.612499237060547,19.674999237060547,19.549999237060547,19.625,15.797893524169922,10222736
2019-03-28,19.575000762939453,19.649999618530273,19.537500381469727,19.625,15.797893524169922,13661728
2019-03-29,19.674999237060547,19.787500381469727,19.5625,19.787500381469727,15.928707122802734,22721936
2019-04-01,20.0,20.100000381469727,19.899999618530273,19.962499618530273,16.069576263427734,44213620
2019-04-02,20.024999618530273,20.112499237060547,20.024999618530273,20.037500381469727,16.12994956970215,22420368
2019-04-03,20.100000381469727,20.112499237060547,19.987499237060547,20.037500381469727,16.12994956970215,27468696
2019-04-08,20.200000762939453,20.25,20.174999237060547,20.225000381469727,16.280885696411133,31963128
2019-04-09,20.237499237060547,20.350000381469727,20.212499618530273,20.350000381469727,16.38150978088379,61088188
2019-04-10,20.274999618530273,20.387500762939453,20.274999618530273,20.375,16.401634216308594,43452644
2019-04-11,20.337499618530273,20.387500762939453,20.225000381469727,20.287500381469727,16.331201553344727,33089720
2019-04-12,20.287500381469727,20.325000762939453,20.25,20.274999618530273,16.32114028930664,29993636
2019-04-15,20.412500381469727,20.5,20.387500762939453,20.462499618530273,16.472076416015625,30726216
2019-04-16,20.462499618530273,20.537500381469727,20.450000762939453,20.524999618530273,16.522380828857422,31071724
2019-04-17,20.575000762939453,20.725000381469727,20.575000762939453,20.6875,16.6531925201416,92419348
2019-04-18,20.725000381469727,20.837499618530273,20.612499237060547,20.674999237060547,16.643129348754883,82761460
2019-04-19,20.8125,20.875,20.674999237060547,20.700000762939453,16.663259506225586,50062636
2019-04-22,20.75,20.774999618530273,20.662500381469727,20.674999237060547,16.643129348754883,11497248
2019-04-23,20.674999237060547,20.799999237060547,20.637500762939453,20.762500762939453,16.71356773376465,24048124
2019-04-24,20.850000381469727,20.887500762939453,20.725000381469727,20.799999237060547,16.743751525878906,12434224
2019-04-25,20.774999618530273,20.862499237060547,20.75,20.850000381469727,16.784006118774414,14116156
2019-04-26,20.700000762939453,20.700000762939453,20.549999237060547,20.612499237060547,16.592819213867188,15260360
2019-04-29,20.649999618530273,20.737499237060547,20.625,20.700000762939453,16.663259506225586,12647828
2019-04-30,20.700000762939453,20.725000381469727,20.600000381469727,20.700000762939453,16.663259506225586,12991564
2019-05-02,20.737499237060547,20.862499237060547,20.725000381469727,20.75,16.70350456237793,24622252
2019-05-03,20.774999618530273,20.950000762939453,20.774999618530273,20.9375,16.854442596435547,121297864
2019-05-06,20.649999618530273,20.649999618530273,20.512500762939453,20.575000762939453,16.562633514404297,29854448
2019-05-07,20.662500381469727,20.825000762939453,20.662500381469727,20.787500381469727,16.733694076538086,56045768
2019-05-08,20.600000381469727,20.712499618530273,20.5625,20.637500762939453,16.612945556640625,54292568
2019-05-09,20.537500381469727,20.549999237060547,20.3125,20.387500762939453,16.411697387695312,27694692
2019-05-10,20.387500762939453,20.537500381469727,20.225000381469727,20.375,16.401634216308594,47176540
2019-05-13,20.274999618530273,20.274999618530273,20.024999618530273,20.037500381469727,16.12994956970215,74712424
2019-05-14,19.899999618530273,20.012500762939453,19.725000381469727,19.912500381469727,16.029329299926758,81118520
2019-05-15,19.912500381469727,20.0,19.862499237060547,19.9375,16.04945182800293,69047356
2019-05-16,19.875,19.899999618530273,19.75,19.762500762939453,15.908580780029297,68399896
2019-05-17,19.875,19.887500762939453,19.5625,19.5625,15.747583389282227,94295304
2019-05-20,19.625,19.700000762939453,19.537500381469727,19.549999237060547,15.737523078918457,57219052
2019-05-21,19.5,19.612499237060547,19.424999237060547,19.600000381469727,15.777769088745117,79259372
2019-05-22,19.549999237060547,19.662500381469727,19.524999618530273,19.600000381469727,15.777769088745117,42231964
2019-05-23,19.462499618530273,19.462499618530273,19.212499618530273,19.237499237060547,15.485960006713867,102730308
2019-05-24,19.262500762939453,19.375,19.25,19.337499618530273,15.566460609436035,24117696
2019-05-27,19.375,19.375,19.212499618530273,19.287500381469727,15.526208877563477,46164288
2019-05-28,19.3125,19.3125,19.212499618530273,19.274999618530273,15.516145706176758,39249240
2019-05-29,19.125,19.200000762939453,19.075000762939453,19.1875,15.445709228515625,38638076
2019-05-30,19.1875,19.375,19.1875,19.350000381469727,15.576521873474121,30634636
2019-05-31,19.337499618530273,19.612499237060547,19.325000762939453,19.612499237060547,15.787833213806152,30265240
2019-06-03,19.549999237060547,19.662500381469727,19.412500381469727,19.637500762939453,15.80795955657959,24070776
2019-06-04,19.612499237060547,19.649999618530273,19.5,19.512500762939453,15.707332611083984,28915316
2019-06-05,19.712499618530273,19.737499237060547,19.5625,19.575000762939453,15.757649421691895,28207576
2019-06-06,19.424999237060547,19.462499618530273,19.362499237060547,19.424999237060547,15.636897087097168,29824812
2019-06-10,19.662500381469727,19.762500762939453,19.587499618530273,19.762500762939453,15.908580780029297,30667052
2019-06-11,19.799999237060547,19.950000762939453,19.762500762939453,19.850000381469727,15.97901725769043,42495944
2019-06-12,19.850000381469727,19.950000762939453,19.8125,19.924999237060547,16.039392471313477,37033184
2019-06-13,19.850000381469727,19.887500762939453,19.737499237060547,19.762500762939453,15.908580780029297,23659764
2019-06-14,19.75,19.787500381469727,19.700000762939453,19.725000381469727,15.878395080566406,12656348
2019-06-17,19.612499237060547,19.737499237060547,19.524999618530273,19.674999237060547,15.838140487670898,24564512
2019-06-18,19.700000762939453,19.75,19.649999618530273,19.725000381469727,15.878395080566406,11561508
2019-06-19,20.0,20.200000762939453,19.987499237060547,20.1875,16.25069808959961,87330036
2019-06-20,20.1875,20.25,20.162500381469727,20.212499618530273,16.270822525024414,46327976
2019-06-21,20.274999618530273,20.299999237060547,20.200000762939453,20.212499618530273,16.270822525024414,61374128
2019-06-24,20.200000762939453,20.375,20.174999237060547,20.299999237060547,16.341262817382812,66402988
2019-06-25,20.287500381469727,20.350000381469727,20.149999618530273,20.1875,16.25069808959961,31764512
2019-06-26,20.149999618530273,20.149999618530273,20.0625,20.087499618530273,16.17020034790039,23653408
2019-06-27,20.137500762939453,20.399999618530273,20.137500762939453,20.375,16.401634216308594,61405316
2019-06-28,20.362499237060547,20.387500762939453,20.212499618530273,20.225000381469727,16.280885696411133,15762744
2019-07-01,20.512500762939453,20.700000762939453,20.512500762939453,20.662500381469727,16.633068084716797,55085580
2019-07-02,20.662500381469727,20.674999237060547,20.600000381469727,20.612499237060547,16.592819213867188,20837160
2019-07-03,20.587499618530273,20.587499618530273,20.337499618530273,20.375,16.401634216308594,34461696
2019-07-04,20.450000762939453,20.549999237060547,20.450000762939453,20.5,16.50225830078125,23110224
2019-07-05,20.524999618530273,20.587499618530273,20.450000762939453,20.475000381469727,16.482133865356445,6451732
2019-07-08,20.450000762939453,20.5,20.350000381469727,20.399999618530273,16.4217586517334,15436232
2019-07-09,20.4375,20.4375,20.350000381469727,20.375,16.401634216308594,16332620
2019-07-10,20.487499237060547,20.5625,20.462499618530273,20.549999237060547,16.542509078979492,17710920
2019-07-11,20.662500381469727,20.762500762939453,20.625,20.712499618530273,16.673316955566406,41519092
2019-07-12,20.712499618530273,20.75,20.674999237060547,20.6875,16.6531925201416,11890020
2019-07-15,20.712499618530273,20.837499618530273,20.5625,20.799999237060547,16.743751525878906,37344172
2019-07-16,20.799999237060547,20.862499237060547,20.787500381469727,20.837499618530273,16.773944854736328,22012980
2019-07-17,20.8125,20.8125,20.700000762939453,20.700000762939453,16.663259506225586,42394120
2019-07-18,20.649999618530273,20.737499237060547,20.649999618530273,20.674999237060547,16.643129348754883,30164104
2019-07-19,20.75,20.862499237060547,20.75,20.75,16.84609603881836,39123688
2019-07-22,20.774999618530273,20.875,20.774999618530273,20.850000381469727,16.927284240722656,33474176
2019-07-23,20.899999618530273,20.975000381469727,20.875,20.899999618530273,16.96787452697754,23596464
2019-07-24,20.9375,20.975000381469727,20.887500762939453,20.887500762939453,16.957727432250977,13457344
2019-07-25,20.887500762939453,20.950000762939453,20.850000381469727,20.950000762939453,17.00847053527832,19726636
2019-07-26,20.850000381469727,20.850000381469727,20.799999237060547,20.8125,16.896839141845703,12518748
2019-07-29,20.774999618530273,20.862499237060547,20.762500762939453,20.862499237060547,16.93743133544922,12168984
2019-07-30,20.899999618530273,20.924999237060547,20.799999237060547,20.799999237060547,16.886686325073242,8333496
2019-07-31,20.787500381469727,20.787500381469727,20.612499237060547,20.700000762939453,16.80550765991211,12477048
2019-08-01,20.549999237060547,20.637500762939453,20.524999618530273,20.575000762939453,16.704021453857422,20171772
2019-08-02,20.262500762939453,20.299999237060547,20.149999618530273,20.237499237060547,16.430017471313477,67385608
2019-08-05,20.174999237060547,20.212499618530273,19.975000381469727,20.037500381469727,16.26764488220215,82638024
2019-08-06,19.662500381469727,20.112499237060547,19.625,20.024999618530273,16.257497787475586,99607384
2019-08-07,20.037500381469727,20.049999237060547,19.887500762939453,19.924999237060547,16.176313400268555,67424016
2019-08-08,20.012500762939453,20.200000762939453,20.0,20.162500381469727,16.36913299560547,20144484
2019-08-12,20.162500381469727,20.212499618530273,20.037500381469727,20.149999618530273,16.35898208618164,12672120
2019-08-13,20.037500381469727,20.037500381469727,19.887500762939453,19.924999237060547,16.176313400268555,29726076
2019-08-14,20.174999237060547,20.200000762939453,20.075000762939453,20.075000762939453,16.298091888427734,29528552
2019-08-15,19.799999237060547,19.899999618530273,19.774999618530273,19.850000381469727,16.11542320251465,63888356
2019-08-16,19.862499237060547,20.087499618530273,19.8125,20.087499618530273,16.308238983154297,24634992
2019-08-19,20.1875,20.225000381469727,20.075000762939453,20.200000762939453,16.399572372436523,25901408
2019-08-20,20.212499618530273,20.274999618530273,20.200000762939453,20.25,16.440168380737305,16716788
2019-08-21,20.237499237060547,20.287500381469727,20.225000381469727,20.274999618530273,16.460466384887695,24371584
2019-08-22,20.325000762939453,20.412500381469727,20.200000762939453,20.225000381469727,16.41986846923828,37517592
2019-08-23,20.225000381469727,20.274999618530273,20.1875,20.25,16.440168380737305,12844144
2019-08-26,19.950000762939453,20.024999618530273,19.899999618530273,19.912500381469727,16.16616439819336,49169240
2019-08-27,20.037500381469727,20.049999237060547,19.9375,19.962499618530273,16.206756591796875,10143456
2019-08-28,20.024999618530273,20.137500762939453,20.024999618530273,20.100000381469727,16.318391799926758,13272752
2019-08-29,20.112499237060547,20.149999618530273,20.0,20.137500762939453,16.34883689880371,12934596
2019-08-30,20.287500381469727,20.475000381469727,20.287500381469727,20.462499618530273,16.61269187927246,77483576
2019-09-02,20.450000762939453,20.5,20.412500381469727,20.475000381469727,16.622835159301758,25831480
2019-09-03,20.462499618530273,20.5,20.299999237060547,20.299999237060547,16.48076057434082,20211700
2019-09-04,20.362499237060547,20.549999237060547,20.350000381469727,20.537500381469727,16.6735782623291,42995084
2019-09-05,20.637500762939453,20.799999237060547,20.637500762939453,20.75,16.84609603881836,101717560
2019-09-06,20.8125,20.887500762939453,20.8125,20.875,16.947580337524414,68905212
2019-09-10,20.987499237060547,20.987499237060547,20.799999237060547,20.850000381469727,16.927284240722656,20687388
2019-09-11,20.9375,20.975000381469727,20.825000762939453,20.862499237060547,16.93743133544922,18984800
2019-09-12,21.024999618530273,21.0625,20.9375,20.975000381469727,17.02876853942871,37124488
2019-09-16,21.0,21.112499237060547,20.987499237060547,21.100000381469727,17.130250930786133,43719168
2019-09-17,21.100000381469727,21.112499237060547,21.049999237060547,21.0625,17.099803924560547,19867120
2019-09-18,21.100000381469727,21.25,21.087499618530273,21.237499237060547,17.24187660217285,67997944
2019-09-19,21.237499237060547,21.287500381469727,21.100000381469727,21.112499237060547,17.140398025512695,31109456
2019-09-20,21.162500381469727,21.225000381469727,21.162500381469727,21.174999237060547,17.191137313842773,32926796
2019-09-23,21.162500381469727,21.212499618530273,21.125,21.125,17.150543212890625,17479356
2019-09-24,21.125,21.212499618530273,21.087499618530273,21.162500381469727,17.18099021911621,19408048
2019-09-25,21.087499618530273,21.087499618530273,20.975000381469727,21.024999618530273,17.069358825683594,15710696
2019-09-26,21.112499237060547,21.174999237060547,21.037500381469727,21.075000762939453,17.10995101928711,20778748
2019-09-27,21.225000381469727,21.299999237060547,21.125,21.149999618530273,17.170841217041016,35538780
2019-10-01,21.200000762939453,21.5,21.200000762939453,21.487499237060547,17.444843292236328,36467632
2019-10-02,21.399999618530273,21.475000381469727,21.399999618530273,21.412500381469727,17.383955001831055,22614632
2019-10-03,21.100000381469727,21.274999618530273,21.075000762939453,21.200000762939453,17.211435317993164,19472948
2019-10-04,21.299999237060547,21.350000381469727,21.1875,21.287500381469727,17.282470703125,14987948
2019-10-07,21.350000381469727,21.412500381469727,21.299999237060547,21.362499237060547,17.343358993530273,16562988
2019-10-08,21.462499618530273,21.649999618530273,21.462499618530273,21.625,17.556476593017578,48781740
2019-10-09,21.537500381469727,21.549999237060547,21.450000762939453,21.450000762939453,17.414400100708008,27667316
2019-10-14,21.75,21.887500762939453,21.75,21.887500762939453,17.76958656311035,37965192
2019-10-15,21.887500762939453,21.962499618530273,21.825000762939453,21.924999237060547,17.800033569335938,17510440
2019-10-16,22.0,22.037500381469727,21.962499618530273,22.024999618530273,17.8812198638916,15934688
2019-10-17,22.012500762939453,22.037500381469727,21.950000762939453,22.037500381469727,17.891372680664062,10163532
2019-10-18,22.037500381469727,22.162500381469727,21.975000381469727,21.987499237060547,17.85077667236328,11263192
2019-10-21,21.987499237060547,22.0,21.9375,21.962499618530273,17.830480575561523,4310608
2019-10-22,22.049999237060547,22.200000762939453,22.049999237060547,22.174999237060547,18.00299835205078,13025596
2019-10-23,22.174999237060547,22.200000762939453,22.075000762939453,22.112499237060547,17.952255249023438,10322624
2019-10-24,22.174999237060547,22.200000762939453,22.125,22.200000762939453,18.023296356201172,10318236
2019-10-25,22.299999237060547,22.299999237060547,22.149999618530273,22.200000762939453,18.023296356201172,31884760
2019-10-28,22.3125,22.325000762939453,22.25,22.299999237060547,18.10447883605957,20039096
2019-10-29,22.375,22.412500381469727,22.337499618530273,22.362499237060547,18.155221939086914,29643940
2019-10-30,22.362499237060547,22.462499618530273,22.325000762939453,22.462499618530273,18.23641014099121,21537080
2019-10-31,22.475000381469727,22.649999618530273,22.475000381469727,22.524999618530273,18.28714942932129,37832656
2019-11-01,22.5,22.549999237060547,22.4375,22.524999618530273,18.28714942932129,11227112
2019-11-04,22.637500762939453,23.0625,22.637500762939453,23.049999237060547,18.713375091552734,26922724
2019-11-05,23.100000381469727,23.225000381469727,23.087499618530273,23.225000381469727,18.855451583862305,15865116
2019-11-06,23.237499237060547,23.337499618530273,23.1875,23.337499618530273,18.946788787841797,17977276
2019-11-07,23.299999237060547,23.299999237060547,23.087499618530273,23.212499618530273,18.845298767089844,12200472
2019-11-08,23.25,23.262500762939453,23.100000381469727,23.137500762939453,18.78441619873047,11562144
2019-11-11,23.100000381469727,23.112499237060547,22.762500762939453,22.787500381469727,18.50026512145996,23437376
2019-11-12,22.887500762939453,23.0,22.887500762939453,23.0,18.672780990600586,9705188
2019-11-13,22.887500762939453,22.912500381469727,22.762500762939453,22.862499237060547,18.5611515045166,7742180
2019-11-14,22.899999618530273,22.950000762939453,22.799999237060547,22.850000381469727,18.551006317138672,8697124
2019-11-15,23.0,23.125,23.0,23.075000762939453,18.733671188354492,10043516
2019-11-18,23.125,23.225000381469727,23.100000381469727,23.225000381469727,18.855451583862305,8350452
2019-11-19,23.225000381469727,23.399999618530273,23.162500381469727,23.399999618530273,18.997522354125977,11286496
2019-11-20,23.399999618530273,23.399999618530273,23.274999618530273,23.3125,18.926490783691406,31818476
2019-11-21,23.075000762939453,23.137500762939453,22.950000762939453,23.125,18.774263381958008,13135352
2019-11-22,23.137500762939453,23.1875,23.100000381469727,23.137500762939453,18.78441619873047,6026176
2019-11-25,23.25,23.274999618530273,23.137500762939453,23.149999618530273,18.7945613861084,10082776
2019-11-26,23.237499237060547,23.325000762939453,23.200000762939453,23.212499618530273,18.845298767089844,15309920
2019-11-27,23.212499618530273,23.299999237060547,23.1875,23.299999237060547,18.916339874267578,7830704
2019-11-28,23.3125,23.3125,23.200000762939453,23.237499237060547,18.865598678588867,5410880
2019-11-29,23.212499618530273,23.212499618530273,22.862499237060547,22.875,18.571298599243164,21376832
2019-12-02,22.987499237060547,23.037500381469727,22.9375,23.012500762939453,18.682931900024414,8273364
2019-12-03,22.924999237060547,23.049999237060547,22.899999618530273,23.012500762939453,18.682931900024414,5643176
2019-12-04,22.962499618530273,22.975000381469727,22.850000381469727,22.924999237060547,18.611894607543945,9242032
2019-12-05,23.087499618530273,23.25,23.049999237060547,23.225000381469727,18.855451583862305,13764200
2019-12-06,23.325000762939453,23.375,23.1875,23.262500762939453,18.885894775390625,13577732
2019-12-09,23.299999237060547,23.450000762939453,23.299999237060547,23.412500381469727,19.007678985595703,11648776
2019-12-10,23.350000381469727,23.350000381469727,23.200000762939453,23.25,18.875747680664062,21181724
2019-12-11,23.25,23.4375,23.237499237060547,23.4375,19.027971267700195,7747088
2019-12-12,23.587499618530273,24.024999618530273,23.587499618530273,23.962499618530273,19.454200744628906,33680444
2019-12-13,24.1875,24.350000381469727,24.174999237060547,24.225000381469727,19.667312622070312,23520544
2019-12-16,24.237499237060547,24.262500762939453,24.162500381469727,24.212499618530273,19.657161712646484,281792
2019-12-17,24.1875,24.537500381469727,24.174999237060547,24.537500381469727,19.921016693115234,18812892
2019-12-18,24.5,24.575000762939453,24.450000762939453,24.549999237060547,19.93116569519043,15049420
2019-12-19,24.537500381469727,24.549999237060547,24.387500762939453,24.412500381469727,19.819536209106445,9084028
2019-12-20,24.387500762939453,24.387500762939453,24.174999237060547,24.237499237060547,19.677461624145508,13413940
2019-12-23,24.25,24.325000762939453,24.237499237060547,24.287500381469727,19.71805191040039,13666916
2019-12-24,24.325000762939453,24.362499237060547,24.299999237060547,24.299999237060547,19.72820281982422,5638912
2019-12-25,24.299999237060547,24.362499237060547,24.262500762939453,24.337499618530273,19.758647918701172,7156668
2019-12-26,24.387500762939453,24.387500762939453,24.274999618530273,24.337499618530273,19.758647918701172,12383876
2019-12-27,24.399999618530273,24.537500381469727,24.399999618530273,24.5,19.89057159423828,11912188
2019-12-30,24.5,24.5625,24.399999618530273,24.450000762939453,19.8499813079834,12555048
2019-12-31,24.274999618530273,24.299999237060547,24.237499237060547,24.237499237060547,19.677461624145508,17215788
2020-01-02,24.262500762939453,24.5,24.262500762939453,24.412500381469727,19.819536209106445,19528060
2020-01-03,24.575000762939453,24.674999237060547,24.25,24.412500381469727,19.819536209106445,27254188
2020-01-06,24.262500762939453,24.274999618530273,24.100000381469727,24.100000381469727,19.565834045410156,37287072
2020-01-07,24.112499237060547,24.174999237060547,23.850000381469727,24.024999618530273,19.504940032958984,25314408
2020-01-08,23.799999237060547,24.049999237060547,23.762500762939453,23.912500381469727,19.413606643676758,34067980
2020-01-09,24.075000762939453,24.274999618530273,24.075000762939453,24.237499237060547,19.677461624145508,28655772
2020-01-10,24.375,24.450000762939453,24.237499237060547,24.325000762939453,19.748497009277344,36287700
2020-01-13,24.462499618530273,24.524999618530273,24.375,24.5,19.89057159423828,26603592
2020-01-14,24.625,24.712499618530273,24.600000381469727,24.649999618530273,20.012351989746094,46179824
2020-01-15,24.674999237060547,24.674999237060547,24.362499237060547,24.399999618530273,19.809389114379883,41037416
2020-01-16,24.287500381469727,24.375,24.25,24.325000762939453,19.748497009277344,34745996
2020-01-17,24.424999237060547,24.4375,24.274999618530273,24.325000762939453,19.748497009277344,32484536
2020-01-20,24.387500762939453,24.5,24.387500762939453,24.424999237060547,19.829683303833008,27879780
2020-01-30,23.75,23.75,23.037500381469727,23.037500381469727,18.703229904174805,129051496
2020-01-31,22.662500381469727,22.662500381469727,22.412500381469727,22.487499237060547,18.849918365478516,89991068
2020-02-03,22.125,22.287500381469727,21.899999618530273,22.262500762939453,18.661317825317383,63294372
2020-02-04,24.237499237060547,24.237499237060547,22.649999618530273,22.649999618530273,18.98613166809082,35617884
2020-02-05,22.75,22.825000762939453,22.575000762939453,22.712499618530273,19.038524627685547,26806032
2020-02-06,22.912500381469727,23.075000762939453,22.837499618530273,23.075000762939453,19.34238624572754,42785908
2020-02-07,22.912500381469727,22.912500381469727,22.737499237060547,22.799999237060547,19.111867904663086,38219312
2020-02-10,22.5,22.799999237060547,22.399999618530273,22.75,19.06995964050293,29235632
2020-02-11,22.837499618530273,22.987499237060547,22.837499618530273,22.9375,19.22712516784668,20461608
2020-02-12,23.0,23.225000381469727,23.0,23.162500381469727,19.415733337402344,22560468
2020-02-13,23.25,23.3125,23.174999237060547,23.200000762939453,19.447166442871094,23017268
2020-02-14,23.200000762939453,23.3125,23.137500762939453,23.237499237060547,19.478599548339844,19952660
2020-02-17,23.075000762939453,23.137500762939453,22.987499237060547,23.075000762939453,19.34238624572754,25064844
2020-02-18,22.850000381469727,22.899999618530273,22.75,22.762500762939453,19.08043670654297,50117424
2020-02-19,22.787500381469727,23.0625,22.762500762939453,23.024999618530273,19.30047035217285,31788044
2020-02-20,23.087499618530273,23.125,22.837499618530273,22.924999237060547,19.21664810180664,26153344
2020-02-21,22.912500381469727,22.987499237060547,22.737499237060547,22.8125,19.12234878540039,21604752
2020-02-24,22.5625,22.600000381469727,22.424999237060547,22.524999618530273,18.881351470947266,54287744
2020-02-25,22.375,22.625,22.362499237060547,22.587499618530273,18.93374252319336,35360416
2020-02-26,22.287500381469727,22.4375,22.225000381469727,22.362499237060547,18.74513816833496,60324012
2020-02-27,22.337499618530273,22.375,22.087499618530273,22.162500381469727,18.577491760253906,98752216
2020-03-02,21.875,22.0625,21.712499618530273,21.837499618530273,18.305063247680664,111578564
2020-03-03,22.212499618530273,22.237499237060547,22.0625,22.149999618530273,18.567012786865234,44287600
2020-03-04,22.200000762939453,22.299999237060547,22.100000381469727,22.299999237060547,18.692747116088867,33749660
2020-03-05,22.450000762939453,22.5625,22.4375,22.549999237060547,18.902307510375977,39141932
2020-03-06,22.412500381469727,22.412500381469727,22.075000762939453,22.087499618530273,18.51462173461914,68385504
2020-03-09,21.700000762939453,21.700000762939453,21.399999618530273,21.462499618530273,17.99072265625,110937704
2020-03-10,21.25,21.575000762939453,21.225000381469727,21.575000762939453,18.08502769470215,95137380
2020-03-11,21.612499237060547,21.637500762939453,21.262500762939453,21.325000762939453,17.875463485717773,61226280
2020-03-12,21.125,21.125,20.287500381469727,20.537500381469727,17.21535301208496,179640984
2020-03-13,19.5,20.350000381469727,18.987499237060547,20.25,16.974355697631836,214819440
2020-03-16,20.0,20.100000381469727,19.237499237060547,19.325000762939453,16.198986053466797,135255804
2020-03-17,18.575000762939453,19.174999237060547,18.575000762939453,18.712499618530273,15.685564041137695,204583328
2020-03-18,18.737499237060547,18.8125,18.200000762939453,18.200000762939453,15.255966186523438,187162012
2020-03-19,17.75,17.75,16.8125,17.137500762939453,14.365336418151855,272153360
2020-03-20,17.75,18.5,17.725000381469727,18.5,15.507436752319336,163642132
2020-03-23,17.75,18.024999618530273,17.387500762939453,17.700000762939453,14.836845397949219,89860468
2020-03-24,18.462499618530273,18.825000762939453,18.424999237060547,18.5625,15.559823989868164,107027372
2020-03-25,19.200000762939453,19.362499237060547,19.024999618530273,19.212499618530273,16.104684829711914,130751280
2020-03-26,19.350000381469727,19.362499237060547,19.0,19.299999237060547,16.17802619934082,76862752
2020-03-27,19.575000762939453,19.674999237060547,19.112499237060547,19.149999618530273,16.052291870117188,87815604
2020-03-30,18.674999237060547,19.037500381469727,18.512500762939453,18.962499618530273,15.895127296447754,54423532
2020-03-31,19.200000762939453,19.299999237060547,18.899999618530273,19.037500381469727,15.957992553710938,39056000
2020-04-01,19.125,19.162500381469727,18.962499618530273,18.975000381469727,15.90560245513916,39792068
2020-04-06,19.237499237060547,19.274999618530273,18.9375,19.262500762939453,16.146596908569336,48830504
2020-04-07,19.625,19.725000381469727,19.512500762939453,19.625,16.450456619262695,61208152
2020-04-08,19.625,19.924999237060547,19.587499618530273,19.899999618530273,16.680973052978516,60922792
2020-04-09,19.962499618530273,20.024999618530273,19.712499618530273,19.8125,16.607627868652344,62600420
2020-04-10,19.75,19.837499618530273,19.674999237060547,19.825000762939453,16.61810302734375,23299116
2020-04-13,19.75,19.850000381469727,19.637500762939453,19.700000762939453,16.513322830200195,29723656
2020-04-14,19.762500762939453,20.237499237060547,19.762500762939453,20.237499237060547,16.963876724243164,52487168
2020-04-15,20.3125,20.375,20.25,20.299999237060547,17.016267776489258,69444464
2020-04-16,20.049999237060547,20.274999618530273,20.012500762939453,20.200000762939453,16.932445526123047,49638100
2020-04-17,20.75,21.0,20.674999237060547,20.8125,17.445865631103516,138128152
2020-04-20,20.8125,20.875,20.700000762939453,20.75,17.393476486206055,49345664
2020-04-21,20.662500381469727,20.662500381469727,20.125,20.149999618530273,16.890531539916992,84329816
2020-04-22,20.0,20.149999618530273,19.875,20.149999618530273,16.890531539916992,43584604
2020-04-23,20.287500381469727,20.5,20.075000762939453,20.225000381469727,16.953399658203125,53195792
2020-04-24,20.200000762939453,20.25,20.112499237060547,20.225000381469727,16.953399658203125,23059008
2020-04-27,20.537500381469727,20.649999618530273,20.412500381469727,20.637500762939453,17.299177169799805,55670896
2020-04-28,20.725000381469727,20.725000381469727,20.5,20.637500762939453,17.299177169799805,30226644
2020-04-29,20.762500762939453,20.975000381469727,20.737499237060547,20.924999237060547,17.540170669555664,47496316
2020-04-30,21.112499237060547,21.375,21.100000381469727,21.375,17.917375564575195,75140624
2020-05-04,20.600000381469727,20.825000762939453,20.549999237060547,20.75,17.393476486206055,62593520
2020-05-05,20.875,20.950000762939453,20.75,20.850000381469727,17.4773006439209,31242544
2020-05-06,20.825000762939453,20.9375,20.649999618530273,20.875,17.498258590698242,24570372
2020-05-07,20.875,21.037500381469727,20.825000762939453,20.962499618530273,17.57159996032715,24563980
2020-05-08,21.149999618530273,21.1875,21.0,21.087499618530273,17.6763858795166,24136052
2020-05-11,21.25,21.350000381469727,21.174999237060547,21.262500762939453,17.823078155517578,26621688
2020-05-12,21.149999618530273,21.149999618530273,20.912500381469727,21.012500762939453,17.613515853881836,46197460
2020-05-13,20.924999237060547,21.100000381469727,20.899999618530273,21.075000762939453,17.66590690612793,19868660
2020-05-14,20.950000762939453,20.962499618530273,20.799999237060547,20.825000762939453,17.456344604492188,34973072
2020-05-15,21.012500762939453,21.0625,20.762500762939453,20.962499618530273,17.57159996032715,24763124
2020-05-18,20.762500762939453,20.862499237060547,20.700000762939453,20.787500381469727,17.424911499023438,33086812
2020-05-19,21.100000381469727,21.125,20.912500381469727,20.975000381469727,17.582082748413086,21911100
2020-05-20,21.0,21.049999237060547,20.875,20.950000762939453,17.561124801635742,39576564
2020-05-21,21.037500381469727,21.200000762939453,21.024999618530273,21.125,17.70781898498535,30272188
2020-05-22,20.950000762939453,20.975000381469727,20.725000381469727,20.737499237060547,17.38300132751465,53416584
2020-05-25,20.787500381469727,20.875,20.537500381469727,20.875,17.498258590698242,21002176
2020-05-26,21.0625,21.162500381469727,20.962499618530273,21.112499237060547,17.69734001159668,61819796
2020-05-27,21.174999237060547,21.212499618530273,21.012500762939453,21.087499618530273,17.6763858795166,18359068
2020-05-28,21.225000381469727,21.225000381469727,20.887500762939453,20.962499618530273,17.57159996032715,29907636
2020-05-29,20.850000381469727,21.112499237060547,20.75,21.112499237060547,17.69734001159668,21282760
2020-06-01,21.112499237060547,21.287500381469727,21.100000381469727,21.225000381469727,17.791643142700195,33461284
2020-06-02,21.25,21.375,21.25,21.325000762939453,17.875463485717773,47788240
2020-06-03,21.537500381469727,21.725000381469727,21.524999618530273,21.700000762939453,18.189804077148438,72468976
2020-06-04,21.875,21.9375,21.787500381469727,21.899999618530273,18.357454299926758,60146212
2020-06-05,21.924999237060547,22.087499618530273,21.924999237060547,22.087499618530273,18.51462173461914,39666328
2020-06-08,22.225000381469727,22.450000762939453,22.200000762939453,22.375,18.755617141723633,62198168
2020-06-09,22.399999618530273,22.450000762939453,22.237499237060547,22.399999618530273,18.776573181152344,45426316
2020-06-10,22.412500381469727,22.674999237060547,22.387500762939453,22.612499237060547,18.954700469970703,43995588
2020-06-11,22.612499237060547,22.712499618530273,22.25,22.262500762939453,18.661317825317383,56716768
2020-06-12,21.8125,22.125,21.774999618530273,22.0625,18.493663787841797,86253484
2020-06-15,22.024999618530273,22.075000762939453,21.725000381469727,21.75,18.231718063354492,38294800
2020-06-16,22.037500381469727,22.299999237060547,22.037500381469727,22.225000381469727,18.6298828125,43364188
2020-06-17,22.299999237060547,22.299999237060547,22.075000762939453,22.25,18.650835037231445,46040944
2020-06-18,22.262500762939453,22.325000762939453,22.087499618530273,22.225000381469727,18.6298828125,20143004
2020-06-19,22.25,22.287500381469727,22.162500381469727,22.212499618530273,18.619403839111328,9335940
2020-06-22,22.212499618530273,22.424999237060547,22.212499618530273,22.262500762939453,18.661317825317383,42317824
2020-06-23,22.399999618530273,22.512500762939453,22.200000762939453,22.362499237060547,18.74513816833496,34659556
2020-06-24,22.450000762939453,22.625,22.450000762939453,22.5,18.860401153564453,40247616
2020-06-29,22.3125,22.399999618530273,22.162500381469727,22.274999618530273,18.67179298400879,39140028
2020-06-30,22.387500762939453,22.487499237060547,22.350000381469727,22.475000381469727,18.83944320678711,32140548
2020-07-01,22.487499237060547,22.725000381469727,22.487499237060547,22.625,18.96517562866211,39917000
2020-07-02,22.662500381469727,22.875,22.649999618530273,22.875,19.174734115600586,30405896
2020-07-03,23.024999618530273,23.1875,23.024999618530273,23.137500762939453,19.394779205322266,59932652
2020-07-06,23.299999237060547,23.575000762939453,23.299999237060547,23.537500381469727,19.730072021484375,57877356
2020-07-07,23.75,23.875,23.524999618530273,23.625,19.803417205810547,55711092
2020-07-08,23.625,23.850000381469727,23.600000381469727,23.787500381469727,19.93963050842285,44581472
2020-07-09,23.924999237060547,23.962499618530273,23.787500381469727,23.862499237060547,20.002498626708984,28966628
2020-07-10,23.887500762939453,23.924999237060547,23.649999618530273,23.662500381469727,19.83485221862793,46010216
2020-07-13,23.850000381469727,24.024999618530273,23.8125,24.012500762939453,20.12824058532715,48218048
2020-07-14,23.950000762939453,24.162500381469727,23.924999237060547,24.162500381469727,20.25397300720215,53922656
2020-07-15,24.325000762939453,24.487499237060547,24.174999237060547,24.262500762939453,20.337797164916992,85262896
2020-07-16,24.25,24.25,23.962499618530273,24.024999618530273,20.13871192932129,30528516
2020-07-17,24.262500762939453,24.424999237060547,24.174999237060547,24.299999237060547,20.369230270385742,72041880
2020-07-20,24.299999237060547,24.337499618530273,24.0625,24.262500762939453,20.337797164916992,37945628
2020-07-21,24.287500381469727,24.774999618530273,24.274999618530273,24.674999237060547,20.833837509155273,98963900
2020-07-22,24.637500762939453,24.8125,24.587499618530273,24.737499237060547,20.88661003112793,28975572
2020-07-23,24.712499618530273,24.725000381469727,24.524999618530273,24.712499618530273,20.865501403808594,24035888
2020-07-24,24.75,25.024999618530273,24.5625,24.625,20.7916202545166,69510488
2020-07-27,25.450000762939453,25.887500762939453,25.450000762939453,25.825000762939453,21.80482292175293,91496696
2020-07-28,26.8125,27.174999237060547,25.825000762939453,25.899999618530273,21.868141174316406,89691044
2020-07-29,25.700000762939453,25.950000762939453,25.524999618530273,25.637500762939453,21.64650535583496,38546660
2020-07-30,26.049999237060547,26.25,25.825000762939453,26.012500762939453,21.9631290435791,26348340
2020-07-31,25.975000381469727,26.075000762939453,25.862499237060547,25.950000762939453,21.91036033630371,21256084
2020-08-03,25.862499237060547,25.875,25.5,25.5,21.530412673950195,29035656
2020-08-04,25.637500762939453,25.837499618530273,25.637500762939453,25.825000762939453,21.80482292175293,19192588
2020-08-05,26.024999618530273,26.125,25.9375,26.075000762939453,22.015901565551758,20425524
2020-08-06,26.362499237060547,26.487499237060547,26.212499618530273,26.350000381469727,22.24809455871582,29720380
2020-08-07,26.387500762939453,26.387500762939453,26.075000762939453,26.162500381469727,22.08978271484375,27214920
2020-08-10,26.024999618530273,26.462499618530273,26.024999618530273,26.399999618530273,22.290307998657227,23623008
2020-08-11,26.350000381469727,26.412500381469727,26.1875,26.200000762939453,22.121440887451172,12796564
2020-08-12,26.0,26.0,25.75,25.8125,21.794265747070312,23666892
2020-08-13,26.174999237060547,26.225000381469727,26.012500762939453,26.0625,22.005346298217773,21845004
2020-08-14,25.950000762939453,26.125,25.875,26.125,22.058116912841797,15119800
2020-08-17,26.125,26.424999237060547,26.0625,26.399999618530273,22.290307998657227,22566640
2020-08-18,26.424999237060547,26.475000381469727,26.162500381469727,26.25,22.163658142089844,14982444
2020-08-19,26.25,26.362499237060547,26.024999618530273,26.0625,22.005346298217773,24173256
2020-08-20,25.950000762939453,25.950000762939453,24.674999237060547,25.149999618530273,21.234895706176758,74952860
2020-08-21,25.537500381469727,25.75,25.424999237060547,25.700000762939453,21.69927978515625,32530852
2020-08-24,25.712499618530273,25.887500762939453,25.575000762939453,25.774999618530273,21.762601852416992,14874236
2020-08-25,25.862499237060547,26.087499618530273,25.837499618530273,25.975000381469727,21.931468963623047,14439236
2020-08-26,26.0,26.087499618530273,25.899999618530273,26.075000762939453,22.015901565551758,10662080
2020-08-27,26.274999618530273,26.424999237060547,26.112499237060547,26.137500762939453,22.068674087524414,22824424
2020-08-28,25.962499618530273,26.0625,25.75,25.875,21.84703254699707,15653196
2020-08-31,26.024999618530273,26.0625,25.450000762939453,25.450000762939453,21.488195419311523,23039732
2020-09-01,25.612499237060547,25.837499618530273,25.462499618530273,25.837499618530273,21.815372467041016,22942548
2020-09-02,25.912500381469727,26.012500762939453,25.575000762939453,25.75,21.741493225097656,16532332
2020-09-03,25.924999237060547,26.075000762939453,25.799999237060547,25.825000762939453,21.80482292175293,20516792
2020-09-04,25.5,25.674999237060547,25.475000381469727,25.637500762939453,21.64650535583496,23664048
2020-09-07,25.637500762939453,25.762500762939453,25.475000381469727,25.600000381469727,21.61484146118164,21998628
2020-09-08,25.6875,25.774999618530273,25.612499237060547,25.75,21.741493225097656,18017812
2020-09-09,25.4375,25.587499618530273,25.287500381469727,25.575000762939453,21.593732833862305,25096132
2020-09-10,25.700000762939453,25.837499618530273,25.649999618530273,25.799999237060547,21.783710479736328,14325348
2020-09-11,25.799999237060547,25.837499618530273,25.700000762939453,25.8125,21.794265747070312,11621164
2020-09-14,25.875,26.137500762939453,25.8125,26.137500762939453,22.068674087524414,23013896
2020-09-15,26.112499237060547,26.299999237060547,26.0625,26.237499237060547,22.153104782104492,21755072
2020-09-16,26.637500762939453,26.75,26.587499618530273,26.637500762939453,22.49083709716797,59421060
2020-09-17,26.512500762939453,26.587499618530273,26.274999618530273,26.350000381469727,22.24809455871582,34995384
2020-09-18,26.350000381469727,26.424999237060547,26.212499618530273,26.325000762939453,22.22698402404785,19806876
2020-09-21,26.299999237060547,26.475000381469727,26.087499618530273,26.112499237060547,22.047563552856445,22838940
2020-09-22,26.075000762939453,26.075000762939453,25.737499237060547,25.774999618530273,21.762601852416992,26544220
2020-09-23,25.875,25.875,25.600000381469727,25.737499237060547,21.730937957763672,21448400
2020-09-24,25.387500762939453,25.450000762939453,25.0625,25.112499237060547,21.20323371887207,63139092
2020-09-25,25.1875,25.362499237060547,25.012500762939453,25.162500381469727,21.24544906616211,37995720
2020-09-28,25.337499618530273,25.575000762939453,25.25,25.575000762939453,21.593732833862305,24107520
2020-09-29,25.6875,25.8125,25.537500381469727,25.637500762939453,21.64650535583496,15037048
2020-09-30,25.6875,25.862499237060547,25.649999618530273,25.75,21.741493225097656,14181940
2020-10-05,25.862499237060547,26.012500762939453,25.75,25.762500762939453,21.75204849243164,23650396
2020-10-06,26.0,26.087499618530273,25.962499618530273,26.0625,22.005346298217773,27501040
2020-10-07,26.0,26.25,25.875,26.200000762939453,22.121440887451172,16044556
2020-10-08,26.362499237060547,26.587499618530273,26.325000762939453,26.549999237060547,22.416954040527344,53883596
2020-10-12,26.674999237060547,26.924999237060547,26.674999237060547,26.762500762939453,22.596376419067383,39351996
2020-10-13,26.837499618530273,26.899999618530273,26.549999237060547,26.774999618530273,22.6069278717041,21642456
2020-10-14,26.762500762939453,26.799999237060547,26.612499237060547,26.674999237060547,22.522499084472656,10251440
2020-10-15,26.625,26.625,26.274999618530273,26.424999237060547,22.311418533325195,18200616
2020-10-16,26.424999237060547,26.575000762939453,26.274999618530273,26.3125,22.2164306640625,12956020
2020-10-19,26.412500381469727,26.649999618530273,26.399999618530273,26.649999618530273,22.50139045715332,13837292
2020-10-20,26.600000381469727,26.612499237060547,26.5,26.5,22.374738693237305,5656128
2020-10-21,26.5,26.637500762939453,26.412500381469727,26.487499237060547,22.36418342590332,29197548
2020-10-22,26.424999237060547,26.524999618530273,26.375,26.524999618530273,22.39584732055664,8633040
2020-10-23,26.625,26.662500381469727,26.412500381469727,26.524999618530273,22.39584732055664,12823320
2020-10-26,26.524999618530273,26.649999618530273,26.450000762939453,26.524999618530273,22.39584732055664,11397560
2020-10-27,26.4375,26.4375,26.287500381469727,26.375,22.269197463989258,13401076
2020-10-28,26.375,26.375,26.200000762939453,26.25,22.163658142089844,18679320
2020-10-29,26.0,26.024999618530273,25.8125,25.962499618530273,21.920909881591797,27817540
2020-10-30,25.887500762939453,25.899999618530273,25.674999237060547,25.75,21.741493225097656,25728748
2020-11-02,25.787500381469727,25.862499237060547,25.575000762939453,25.850000381469727,21.825923919677734,40253256
2020-11-03,26.049999237060547,26.212499618530273,26.012500762939453,26.149999618530273,22.079225540161133,17541280
2020-11-04,26.25,26.549999237060547,26.174999237060547,26.537500381469727,22.406402587890625,20039872
2020-11-05,26.549999237060547,26.600000381469727,26.387500762939453,26.512500762939453,22.385295867919922,17073216
2020-11-06,26.587499618530273,26.762500762939453,26.575000762939453,26.674999237060547,22.522499084472656,24951576
2020-11-09,26.9375,27.100000381469727,26.8125,27.024999618530273,22.81801414489746,45122576
2020-11-10,27.0,27.0,26.700000762939453,26.774999618530273,22.6069278717041,17402444
2020-11-11,26.774999618530273,27.1875,26.774999618530273,27.1875,22.955215454101562,34070304
2020-11-12,27.25,27.350000381469727,27.174999237060547,27.200000762939453,22.965768814086914,15213688
2020-11-13,27.149999618530273,27.325000762939453,27.112499237060547,27.3125,23.060760498046875,15047188
2020-11-16,27.600000381469727,28.200000762939453,27.600000381469727,28.200000762939453,23.810104370117188,36918392
2020-11-17,28.75,28.9375,28.350000381469727,28.399999618530273,23.978967666625977,32548044
2020-11-18,28.399999618530273,28.737499237060547,28.287500381469727,28.587499618530273,24.13728141784668,78556616
2020-11-19,28.612499237060547,28.637500762939453,28.450000762939453,28.537500381469727,24.09506607055664,17636132
2020-11-20,28.537500381469727,28.537500381469727,28.337499618530273,28.5,24.06340217590332,18833544
2020-11-23,28.662500381469727,28.962499618530273,28.662500381469727,28.862499237060547,24.369468688964844,22791684
2020-11-24,28.987499237060547,28.987499237060547,28.6875,28.725000381469727,24.253374099731445,24011592
2020-11-25,28.924999237060547,28.924999237060547,28.475000381469727,28.487499237060547,24.052845001220703,16114800
2020-11-26,28.512500762939453,28.75,28.512500762939453,28.712499618530273,24.242816925048828,9998860
2020-11-27,28.625,28.712499618530273,28.524999618530273,28.662500381469727,24.200605392456055,20880260
2020-11-30,28.700000762939453,28.787500381469727,28.325000762939453,28.325000762939453,23.91564178466797,37349512
2020-12-01,28.450000762939453,28.575000762939453,28.337499618530273,28.575000762939453,24.126726150512695,19992688
2020-12-02,28.75,28.887500762939453,28.625,28.850000381469727,24.358915328979492,24192848
2020-12-03,28.862499237060547,29.024999618530273,28.75,28.850000381469727,24.358915328979492,23526348
2020-12-04,28.975000381469727,29.362499237060547,28.975000381469727,29.325000762939453,24.759971618652344,48885676
2020-12-07,29.625,29.6875,29.375,29.600000381469727,24.992158889770508,26824392
2020-12-08,29.612499237060547,30.012500762939453,29.487499237060547,30.012500762939453,25.340450286865234,25060472
2020-12-09,30.0,30.049999237060547,29.875,30.012500762939453,25.340450286865234,24530532
2020-12-10,29.787500381469727,29.787500381469727,29.512500762939453,29.649999618530273,25.034378051757812,32259652
2020-12-11,29.700000762939453,29.787500381469727,29.3125,29.6875,25.066043853759766,18466948
2020-12-14,29.662500381469727,29.662500381469727,29.5,29.5625,24.960498809814453,9507816
2020-12-15,29.487499237060547,29.5,29.1875,29.262500762939453,24.707199096679688,37529272
2020-12-16,29.475000381469727,29.825000762939453,29.462499618530273,29.8125,25.17158317565918,53189928
2020-12-17,29.787500381469727,29.787500381469727,29.5,29.649999618530273,25.034378051757812,11618644
2020-12-18,29.637500762939453,29.674999237060547,29.5,29.549999237060547,24.949947357177734,9963540
2020-12-21,29.5625,29.850000381469727,29.375,29.837499618530273,25.192689895629883,17230064
2020-12-22,29.762500762939453,29.875,29.462499618530273,29.5,24.90772819519043,22844676
2020-12-23,29.462499618530273,29.575000762939453,29.375,29.537500381469727,24.93939208984375,16682148
2020-12-24,29.600000381469727,29.712499618530273,29.549999237060547,29.700000762939453,25.076597213745117,9804560
2020-12-25,29.774999618530273,29.899999618530273,29.649999618530273,29.737499237060547,25.108261108398438,11205268
2020-12-28,29.762500762939453,30.0,29.762500762939453,30.0,25.32989501953125,13629768
2020-12-29,30.012500762939453,30.049999237060547,29.837499618530273,29.975000381469727,25.308788299560547,12375916
2020-12-30,30.0,30.399999618530273,29.975000381469727,30.399999618530273,25.667627334594727,21472816
2020-12-31,30.537500381469727,30.600000381469727,30.424999237060547,30.5625,25.804828643798828,22965352
2021-01-04,30.549999237060547,31.125,30.5,31.087499618530273,26.24810218811035,24563188
2021-01-05,31.049999237060547,31.162500381469727,30.9375,31.149999618530273,26.300870895385742,18926280
2021-01-06,31.524999618530273,31.787500381469727,31.024999618530273,31.487499237060547,26.585832595825195,42348292
2021-01-07,31.637500762939453,32.25,31.637500762939453,32.224998474121094,27.208528518676758,26764652
2021-01-08,32.650001525878906,32.8125,32.38750076293945,32.79999923706055,27.694013595581055,51960980
2021-01-11,32.79999923706055,33.07500076293945,32.625,33.07500076293945,27.92620849609375,40583424
2021-01-12,33.07500076293945,33.287498474121094,32.900001525878906,33.025001525878906,27.88399314880371,43497448
2021-01-13,33.1875,33.86249923706055,33.17499923706055,33.82500076293945,28.559457778930664,42755604
2021-01-14,33.75,33.76250076293945,33.337501525878906,33.51250076293945,28.29560089111328,48001796
2021-01-15,34.287498474121094,34.5,33.599998474121094,33.625,28.390588760375977,86095908
2021-01-18,33.650001525878906,33.73749923706055,33.025001525878906,33.599998474121094,28.369482040405273,56811080
2021-01-19,33.79999923706055,34.525001525878906,33.79999923706055,34.48749923706055,29.11882781982422,48277244
2021-01-20,34.525001525878906,34.875,34.412498474121094,34.54999923706055,29.171594619750977,119861744
2021-01-21,34.599998474121094,35.8125,34.587501525878906,35.75,30.184789657592773,54689548
2021-01-22,34.54999923706055,34.75,33.75,34.36249923706055,29.645586013793945,95071252
2021-01-25,34.29999923706055,34.32500076293945,33.54999923706055,33.900001525878906,29.246572494506836,55002504
2021-01-26,33.88750076293945,34.150001525878906,32.95000076293945,33.212501525878906,28.653446197509766,57505908
2021-01-27,33.32500076293945,33.599998474121094,33.0625,33.26250076293945,28.69658088684082,31419364
2021-01-28,32.5,32.82500076293945,32.349998474121094,32.587501525878906,28.11423683166504,58015204
2021-01-29,32.900001525878906,32.962501525878906,32.04999923706055,32.04999923706055,27.6505184173584,56158664
2021-02-01,32.04999923706055,32.73749923706055,31.887500762939453,32.6875,28.20050811767578,56531932
2021-02-02,33.125,33.76250076293945,33.125,33.61249923706055,28.998533248901367,43553492
2021-02-03,33.86249923706055,33.875,33.54999923706055,33.587501525878906,28.976974487304688,28327880
2021-02-04,33.349998474121094,33.63750076293945,33.087501525878906,33.38750076293945,28.804424285888672,26233916
2021-02-05,33.70000076293945,34.07500076293945,33.54999923706055,33.70000076293945,29.07402229309082,35199004
2021-02-17,34.75,35.212501525878906,34.75,35.13750076293945,30.31420135498047,75622784
2021-02-18,35.13750076293945,35.3125,34.900001525878906,35.087501525878906,30.27106475830078,41912192
2021-02-19,34.88750076293945,34.88750076293945,34.400001525878906,34.712501525878906,29.94754409790039,35106384
2021-02-22,34.95000076293945,35.1875,34.6875,34.70000076293945,29.9367618560791,27254544
2021-02-23,34.287498474121094,34.67499923706055,34.11249923706055,34.625,29.87205696105957,30629724
2021-02-24,34.25,34.54999923706055,34.0625,34.11249923706055,29.429899215698242,41942244
2021-02-25,34.462501525878906,34.537498474121094,34.17499923706055,34.38750076293945,29.66715431213379,40729192
2021-02-26,33.662498474121094,33.79999923706055,33.32500076293945,33.349998474121094,28.772066116333008,105334836
2021-03-02,33.875,33.912498474121094,33.36249923706055,33.36249923706055,28.78285026550293,28506280
2021-03-03,33.4375,33.849998474121094,33.17499923706055,33.849998474121094,29.203432083129883,33512376
2021-03-04,33.587501525878906,33.587501525878906,32.92499923706055,33.1875,28.631872177124023,66353052
2021-03-05,32.51250076293945,33.150001525878906,32.375,32.98749923706055,28.45932960510254,56613844
2021-03-08,33.4375,33.45000076293945,32.875,32.962501525878906,28.437759399414062,48210408
2021-03-09,32.63750076293945,32.900001525878906,32.4375,32.837501525878906,28.329923629760742,53095728
2021-03-10,33.07500076293945,33.150001525878906,32.849998474121094,32.974998474121094,28.448543548583984,21353912
2021-03-11,33.01250076293945,33.73749923706055,33.01250076293945,33.67499923706055,29.05245590209961,36663172
2021-03-12,33.8125,33.912498474121094,33.625,33.8125,29.171085357666016,22112176
2021-03-15,33.8125,33.8125,33.61249923706055,33.724998474121094,29.09558868408203,14718124
2021-03-16,33.86249923706055,33.912498474121094,33.6875,33.837501525878906,29.192651748657227,26876500
2021-03-17,33.837501525878906,33.849998474121094,33.5,33.54999923706055,28.944616317749023,26582624
2021-03-18,33.775001525878906,34.01250076293945,33.70000076293945,33.724998474121094,29.09558868408203,27618816
2021-03-19,33.36249923706055,33.375,33.07500076293945,33.20000076293945,28.64266014099121,39701288
2021-03-22,33.099998474121094,33.400001525878906,32.900001525878906,33.349998474121094,28.772066116333008,21224136
2021-03-23,33.474998474121094,33.67499923706055,33.400001525878906,33.400001525878906,28.81520652770996,27467604
2021-03-24,32.95000076293945,33.11249923706055,32.82500076293945,32.875,28.362272262573242,40972516
2021-03-25,32.775001525878906,33.13750076293945,32.650001525878906,32.98749923706055,28.45932960510254,19540068
2021-03-26,33.26250076293945,33.599998474121094,33.13750076293945,33.587501525878906,28.976974487304688,31879756
2021-03-29,33.79999923706055,33.974998474121094,33.76250076293945,33.86249923706055,29.214221954345703,32263336
2021-03-30,33.95000076293945,33.98749923706055,33.79999923706055,33.974998474121094,29.311275482177734,19052992
2021-03-31,33.95000076293945,33.95000076293945,33.650001525878906,33.6875,29.063241958618164,30413248
2021-04-01,33.92499923706055,34.01250076293945,33.79999923706055,33.9375,29.278926849365234,28893264
2021-04-07,34.42499923706055,34.48749923706055,34.287498474121094,34.45000076293945,29.7210693359375,17117556
2021-04-08,34.337501525878906,34.5625,34.162498474121094,34.5625,29.818132400512695,24794268
2021-04-09,34.712501525878906,34.724998474121094,34.412498474121094,34.48749923706055,29.75342559814453,14374740
2021-04-12,34.51250076293945,34.599998474121094,34.162498474121094,34.287498474121094,29.580881118774414,23586236
2021-04-13,34.29999923706055,34.70000076293945,34.25,34.287498474121094,29.580881118774414,22351296
2021-04-14,34.337501525878906,34.474998474121094,34.01250076293945,34.474998474121094,29.74264144897461,25502040
2021-04-15,34.51250076293945,34.76250076293945,34.400001525878906,34.76250076293945,29.99067497253418,30128784
2021-04-16,34.724998474121094,34.8125,34.599998474121094,34.8125,30.0338077545166,44717424
2021-04-19,34.8125,34.9375,34.662498474121094,34.875,30.08773422241211,31997080
2021-04-20,34.712501525878906,34.88750076293945,34.70000076293945,34.8125,30.0338077545166,19005996
2021-04-21,34.73749923706055,34.73749923706055,34.5,34.5,29.76420783996582,31261660
2021-04-22,34.63750076293945,34.76250076293945,34.42499923706055,34.474998474121094,29.74264144897461,15844676
2021-04-23,34.474998474121094,34.787498474121094,34.349998474121094,34.787498474121094,30.012245178222656,23838556
2021-04-26,35.0,35.337501525878906,34.974998474121094,35.29999923706055,30.45440101623535,47495696
2021-04-27,35.29999923706055,35.42499923706055,35.20000076293945,35.3125,30.465179443359375,26350460
2021-04-28,35.3125,35.3125,35.04999923706055,35.099998474121094,30.281850814819336,11847132
2021-04-29,35.25,35.5,35.150001525878906,35.150001525878906,30.32499122619629,35394172
2021-05-03,35.099998474121094,35.099998474121094,34.525001525878906,34.5625,29.818132400512695,26886696
2021-05-04,34.5625,34.587501525878906,33.75,34.26250076293945,29.55931282043457,53149348
2021-05-05,34.26250076293945,34.32500076293945,33.92499923706055,33.9375,29.278926849365234,35123544
2021-05-06,34.07500076293945,34.375,33.875,34.23749923706055,29.537748336791992,31910052
2021-05-07,34.537498474121094,34.86249923706055,34.48749923706055,34.849998474121094,30.066164016723633,27887364
2021-05-10,34.875,34.875,34.525001525878906,34.61249923706055,29.861268997192383,17145392
2021-05-11,33.9375,33.95000076293945,33.150001525878906,33.3125,28.739721298217773,101487268
2021-05-12,33.224998474121094,33.224998474121094,30.299999237060547,32.349998474121094,27.909337997436523,153849896
2021-05-13,31.5625,32.5,31.25,31.875,27.499544143676758,108572604
2021-05-14,32.125,32.5625,31.962499618530273,32.23749923706055,27.812280654907227,60858732
2021-05-17,31.299999237060547,32.20000076293945,31.174999237060547,31.625,27.283863067626953,126414496
2021-05-18,32.087501525878906,33.07500076293945,32.0,33.07500076293945,28.534818649291992,65091716
2021-05-19,33.04999923706055,33.162498474121094,32.625,32.849998474121094,28.340702056884766,67681988
2021-05-20,32.837501525878906,32.849998474121094,32.42499923706055,32.625,28.146589279174805,38038476
2021-05-21,33.125,33.462501525878906,32.82500076293945,33.087501525878906,28.545608520507812,40364120
2021-05-24,32.88750076293945,33.162498474121094,32.787498474121094,33.037498474121094,28.502464294433594,40898176
2021-05-25,33.224998474121094,33.662498474121094,33.224998474121094,33.599998474121094,28.98775291442871,36364972
2021-05-26,33.712501525878906,33.787498474121094,33.48749923706055,33.625,29.009319305419922,20554356
2021-05-27,33.375,33.42499923706055,33.087501525878906,33.38750076293945,28.804424285888672,22624404
2021-05-28,33.724998474121094,33.974998474121094,33.57500076293945,33.95000076293945,29.28970718383789,38184028
2021-05-31,33.95000076293945,34.38750076293945,33.95000076293945,34.275001525878906,29.57009506225586,41441512
2021-06-01,34.29999923706055,34.525001525878906,34.29999923706055,34.42499923706055,29.699506759643555,22239920
2021-06-02,34.45000076293945,34.5,34.162498474121094,34.42499923706055,29.699506759643555,19776268
2021-06-03,34.48749923706055,34.61249923706055,34.375,34.400001525878906,29.67794418334961,19899456
2021-06-04,34.25,34.25,34.07500076293945,34.23749923706055,29.537748336791992,12430320
2021-06-07,34.29999923706055,34.349998474121094,33.662498474121094,34.32500076293945,29.613235473632812,42978416
2021-06-08,34.32500076293945,34.375,34.125,34.125,29.440683364868164,11574400
2021-06-09,34.07500076293945,34.07500076293945,33.76250076293945,33.875,29.225004196166992,23961704
2021-06-10,34.0,34.462501525878906,33.95000076293945,34.400001525878906,29.67794418334961,27041116
2021-06-11,34.525001525878906,34.625,34.462501525878906,34.525001525878906,29.785778045654297,13123036
2021-06-15,34.650001525878906,34.75,34.599998474121094,34.712501525878906,29.94754409790039,15841824
2021-06-16,34.67499923706055,34.73749923706055,34.537498474121094,34.67499923706055,29.91518783569336,28848448
2021-06-17,34.45000076293945,34.57500076293945,34.287498474121094,34.57500076293945,29.82891845703125,12704604
2021-06-18,34.712501525878906,34.712501525878906,34.48749923706055,34.5,29.76420783996582,8566312
2021-06-21,34.224998474121094,34.25,33.650001525878906,33.67499923706055,29.05245590209961,62771964
2021-06-22,33.900001525878906,34.01250076293945,33.625,33.712501525878906,29.084810256958008,23116784
2021-06-23,33.75,34.287498474121094,33.70000076293945,34.26250076293945,29.55931282043457,25554192
2021-06-24,34.26250076293945,34.3125,34.11249923706055,34.17499923706055,29.483821868896484,24711284
2021-06-25,34.36249923706055,34.48749923706055,34.17499923706055,34.23749923706055,29.537748336791992,25873856
2021-06-28,34.25,34.375,34.125,34.29999923706055,29.59166145324707,15924228
2021-06-29,34.474998474121094,34.67499923706055,34.32500076293945,34.400001525878906,29.67794418334961,35947620
2021-06-30,34.525001525878906,34.837501525878906,34.51250076293945,34.73749923706055,29.969106674194336,37738688
2021-07-01,34.75,34.79999923706055,34.51250076293945,34.57500076293945,29.82891845703125,18035100
2021-07-02,34.57500076293945,34.625,34.474998474121094,34.57500076293945,29.82891845703125,18841708
2021-07-05,34.6875,35.0,34.6875,34.900001525878906,30.10930633544922,30418260
2021-07-06,34.962501525878906,35.01250076293945,34.86249923706055,34.9375,30.14165496826172,25581352
2021-07-07,34.900001525878906,34.912498474121094,34.650001525878906,34.75,29.979896545410156,26349512
2021-07-08,34.787498474121094,34.875,34.54999923706055,34.712501525878906,29.94754409790039,15770840
2021-07-09,34.474998474121094,34.474998474121094,34.23749923706055,34.4375,29.71028709411621,26946384
2021-07-12,34.76250076293945,35.01250076293945,34.63750076293945,34.75,29.979896545410156,54207240
2021-07-13,35.0,35.25,34.98749923706055,35.037498474121094,30.22792625427246,54740836
2021-07-14,35.04999923706055,35.275001525878906,35.037498474121094,35.125,30.303421020507812,37822716
2021-07-15,35.23749923706055,35.462501525878906,35.20000076293945,35.45000076293945,30.583805084228516,48290328
2021-07-16,34.95000076293945,35.0,34.76250076293945,34.974998474121094,30.17401123046875,37001536
2021-07-19,34.75,34.79999923706055,34.38750076293945,34.57500076293945,29.82891845703125,41802040
2021-07-20,34.45000076293945,34.57500076293945,34.26250076293945,34.29999923706055,29.59166145324707,31443692
2021-07-21,34.5,34.5,34.025001525878906,34.17499923706055,29.559223175048828,50775656
2021-07-22,34.45000076293945,34.63750076293945,34.3125,34.412498474121094,29.764650344848633,24405396
2021-07-23,34.51250076293945,34.57500076293945,34.337501525878906,34.412498474121094,29.764650344848633,12374240
2021-07-26,34.4375,34.51250076293945,34.0625,34.11249923706055,29.505168914794922,46350908
2021-07-27,34.125,34.26250076293945,34.01250076293945,34.099998474121094,29.494359970092773,41265188
2021-07-28,34.025001525878906,34.025001525878906,33.4375,33.5625,29.02945327758789,120230996
2021-07-29,33.962501525878906,34.150001525878906,33.8125,34.125,29.51597785949707,42856636
2021-07-30,34.150001525878906,34.150001525878906,34.0,34.01250076293945,29.418684005737305,15472072
2021-08-02,34.25,34.5,34.01250076293945,34.474998474121094,29.818706512451172,28890076
2021-08-03,34.48749923706055,34.61249923706055,34.42499923706055,34.61249923706055,29.937639236450195,24320952
2021-08-04,34.662498474121094,34.82500076293945,34.61249923706055,34.8125,30.11063003540039,21724496
2021-08-05,34.8125,34.86249923706055,34.712501525878906,34.75,30.056570053100586,22573208
2021-08-06,34.724998474121094,34.75,34.45000076293945,34.70000076293945,30.013320922851562,15681916
2021-08-09,34.54999923706055,34.63750076293945,34.17499923706055,34.599998474121094,29.92683219909668,20148264
2021-08-10,34.61249923706055,34.625,34.375,34.412498474121094,29.764650344848633,9903104
2021-08-11,34.337501525878906,34.412498474121094,34.150001525878906,34.29999923706055,29.66734504699707,14460116
2021-08-12,34.29999923706055,34.3125,34.125,34.23749923706055,29.613292694091797,8938108
2021-08-13,34.150001525878906,34.212501525878906,33.88750076293945,33.912498474121094,29.332181930541992,28719444
2021-08-16,33.875,33.9375,33.724998474121094,33.837501525878906,29.267316818237305,42835976
2021-08-17,33.849998474121094,33.875,33.57500076293945,33.587501525878906,29.05108070373535,52037948
2021-08-18,33.400001525878906,33.73749923706055,33.11249923706055,33.724998474121094,29.17000389099121,85849596
2021-08-19,33.625,33.625,32.900001525878906,32.95000076293945,28.49968147277832,105585004
2021-08-20,33.04999923706055,33.20000076293945,32.54999923706055,32.6875,28.27263641357422,62649456
2021-08-23,33.0625,33.61249923706055,33.037498474121094,33.587501525878906,29.05108070373535,23545608
2021-08-24,33.79999923706055,33.837501525878906,33.650001525878906,33.6875,29.137569427490234,19796404
2021-08-25,33.787498474121094,34.025001525878906,33.787498474121094,34.01250076293945,29.418684005737305,27403636
2021-08-26,34.36249923706055,34.5,34.087501525878906,34.25,29.624094009399414,28349696
2021-08-27,34.17499923706055,34.625,34.11249923706055,34.537498474121094,29.87276840209961,66067832
2021-08-30,34.662498474121094,34.875,34.61249923706055,34.875,30.164690017700195,85414624
2021-08-31,34.849998474121094,35.087501525878906,34.525001525878906,35.087501525878906,30.34848403930664,64500216
2021-09-01,35.037498474121094,35.32500076293945,35.01250076293945,35.25,30.489036560058594,72891272
2021-09-02,35.224998474121094,35.349998474121094,34.974998474121094,34.974998474121094,30.251182556152344,27917864
2021-09-03,35.162498474121094,35.525001525878906,35.11249923706055,35.474998474121094,30.68364906311035,44336692
2021-09-06,35.474998474121094,35.875,35.400001525878906,35.63750076293945,30.824207305908203,55343340
2021-09-07,35.70000076293945,35.70000076293945,35.36249923706055,35.474998474121094,30.68364906311035,32844564
2021-09-08,35.4375,35.5,34.98749923706055,35.162498474121094,30.413352966308594,27915944
2021-09-09,34.912498474121094,35.25,34.82500076293945,35.07500076293945,30.337671279907227,12250292
2021-09-10,35.17499923706055,35.525001525878906,35.125,35.48749923706055,30.694461822509766,11929744
2021-09-13,35.462501525878906,35.462501525878906,35.287498474121094,35.36249923706055,30.586334228515625,12939284
2021-09-14,35.462501525878906,35.54999923706055,35.337501525878906,35.400001525878906,30.6187801361084,9637564
2021-09-15,35.32500076293945,35.36249923706055,35.099998474121094,35.1875,30.434980392456055,47972592
2021-09-16,35.20000076293945,35.25,34.9375,35.025001525878906,30.294429779052734,32048512
2021-09-17,35.025001525878906,35.26250076293945,34.875,35.125,30.380918502807617,15056364
2021-09-22,34.275001525878906,34.400001525878906,34.07500076293945,34.29999923706055,29.66734504699707,95626476
2021-09-23,34.5,34.625,34.400001525878906,34.5,29.84033203125,22950432
2021-09-24,34.70000076293945,34.912498474121094,34.67499923706055,34.912498474121094,30.197120666503906,24728896
2021-09-27,34.962501525878906,35.087501525878906,34.79999923706055,35.0,30.272798538208008,46916492
2021-09-28,34.8125,34.837501525878906,34.5625,34.75,30.056570053100586,70802024
2021-09-29,34.224998474121094,34.224998474121094,33.86249923706055,34.0,29.407869338989258,118838624
2021-09-30,34.07500076293945,34.275001525878906,33.79999923706055,34.26250076293945,29.63490867614746,66370156
2021-10-01,34.07500076293945,34.07500076293945,33.412498474121094,33.48749923706055,28.96458625793457,108369932
2021-10-04,33.67499923706055,33.70000076293945,33.212501525878906,33.287498474121094,28.791597366333008,93019620
2021-10-05,33.0,33.25,32.724998474121094,33.23749923706055,28.748350143432617,107861208
2021-10-06,33.5,33.5,33.0,33.25,28.759164810180664,88152372
2021-10-07,33.51250076293945,33.900001525878906,33.48749923706055,33.837501525878906,29.267316818237305,54266868
2021-10-08,33.912498474121094,33.912498474121094,33.48749923706055,33.54999923706055,29.01864242553711,30805556
2021-10-12,33.17499923706055,33.287498474121094,32.900001525878906,33.212501525878906,28.726728439331055,44110052
2021-10-13,33.349998474121094,33.400001525878906,33.037498474121094,33.099998474121094,28.629423141479492,21732664
2021-10-14,33.375,33.42499923706055,33.125,33.1875,28.705102920532227,13018476
2021-10-15,33.662498474121094,34.087501525878906,33.57500076293945,34.0625,29.461925506591797,53612692
2021-10-18,34.17499923706055,34.224998474121094,33.900001525878906,33.962501525878906,29.375431060791016,21166076
2021-10-19,34.04999923706055,34.3125,34.01250076293945,34.23749923706055,29.613292694091797,33879576
2021-10-20,34.26250076293945,34.32500076293945,34.11249923706055,34.150001525878906,29.537607192993164,58064224
2021-10-21,34.17499923706055,34.45000076293945,34.025001525878906,34.025001525878906,29.429492950439453,52200656
2021-10-22,34.0625,34.1875,33.912498474121094,34.125,29.51597785949707,20749424
2021-10-25,34.0,34.17499923706055,33.79999923706055,34.099998474121094,29.494359970092773,29361584
2021-10-26,34.162498474121094,34.4375,34.150001525878906,34.38750076293945,29.74303436279297,42011924
2021-10-27,34.23749923706055,34.38750076293945,34.17499923706055,34.38750076293945,29.74303436279297,29550340
2021-10-28,34.36249923706055,34.412498474121094,34.150001525878906,34.287498474121094,29.65652847290039,17775576
2021-10-29,34.26250076293945,34.26250076293945,33.837501525878906,33.95000076293945,29.3646183013916,19783344
2021-11-01,34.04999923706055,34.1875,34.04999923706055,34.125,29.51597785949707,12073852
2021-11-02,34.20000076293945,34.412498474121094,34.037498474121094,34.0625,29.461925506591797,15930308
2021-11-03,34.099998474121094,34.25,34.099998474121094,34.150001525878906,29.537607192993164,9295528
2021-11-04,34.3125,34.375,34.037498474121094,34.037498474121094,29.4403018951416,10037280
2021-11-05,34.275001525878906,34.54999923706055,34.20000076293945,34.525001525878906,29.86195945739746,44980008
2021-11-08,34.54999923706055,34.79999923706055,34.54999923706055,34.79999923706055,30.099811553955078,29547192
2021-11-09,35.037498474121094,35.29999923706055,35.025001525878906,35.17499923706055,30.424163818359375,49103720
2021-11-10,35.162498474121094,35.162498474121094,35.0,35.125,30.380918502807617,21403752
2021-11-11,34.775001525878906,34.9375,34.70000076293945,34.8125,30.11063003540039,17749988
2021-11-12,34.974998474121094,35.20000076293945,34.875,34.92499923706055,30.207937240600586,22775288
2021-11-15,35.13750076293945,35.3125,35.13750076293945,35.23749923706055,30.47822380065918,25918820
2021-11-16,35.23749923706055,35.36249923706055,35.20000076293945,35.29999923706055,30.53228187561035,22967136
2021-11-17,35.32500076293945,35.42499923706055,35.287498474121094,35.412498474121094,30.62958335876465,81202148
2021-11-18,35.4375,35.63750076293945,35.412498474121094,35.61249923706055,30.802574157714844,23376840
2021-11-19,35.875,35.88750076293945,35.662498474121094,35.70000076293945,30.878259658813477,23825376
2021-11-22,35.67499923706055,35.724998474121094,35.599998474121094,35.61249923706055,30.802574157714844,14822488
2021-11-23,35.5,35.5,35.26250076293945,35.275001525878906,30.51066017150879,17951904
2021-11-24,35.275001525878906,35.287498474121094,35.037498474121094,35.125,30.380918502807617,12176628
2021-11-25,35.125,35.224998474121094,35.0,35.11249923706055,30.370105743408203,9909604
2021-11-26,34.88750076293945,34.962501525878906,34.48749923706055,34.537498474121094,29.87276840209961,46647920
2021-11-29,34.400001525878906,34.70000076293945,34.375,34.537498474121094,29.87276840209961,44655660
2021-11-30,34.70000076293945,34.900001525878906,34.462501525878906,34.5,29.84033203125,41102956
2021-12-01,34.525001525878906,35.125,34.51250076293945,35.07500076293945,30.337671279907227,16704276
2021-12-02,35.025001525878906,35.48749923706055,34.92499923706055,35.45000076293945,30.662025451660156,35537196
2021-12-03,35.48749923706055,35.537498474121094,35.275001525878906,35.4375,30.651214599609375,19330520
2021-12-06,35.17499923706055,35.474998474121094,35.0,35.337501525878906,30.564720153808594,15418468
2021-12-07,35.337501525878906,35.45000076293945,35.087501525878906,35.45000076293945,30.662025451660156,12050156
2021-12-08,35.775001525878906,35.900001525878906,35.57500076293945,35.587501525878906,30.780956268310547,43552320
2021-12-09,35.61249923706055,35.662498474121094,35.42499923706055,35.5,30.705272674560547,18162644
2021-12-10,35.45000076293945,35.525001525878906,35.337501525878906,35.48749923706055,30.694461822509766,13121360
2021-12-13,35.54999923706055,35.61249923706055,35.375,35.375,30.597152709960938,18437204
2021-12-14,35.087501525878906,35.17499923706055,34.98749923706055,35.025001525878906,30.294429779052734,18753476
2021-12-15,35.025001525878906,35.150001525878906,34.92499923706055,35.07500076293945,30.337671279907227,39734372
2021-12-16,35.337501525878906,35.51250076293945,35.287498474121094,35.51250076293945,30.716081619262695,22468220
2021-12-17,35.38750076293945,35.5,35.29999923706055,35.474998474121094,30.68364906311035,19549972
2021-12-20,35.45000076293945,35.462501525878906,35.07500076293945,35.162498474121094,30.413352966308594,17373652
2021-12-21,35.17499923706055,35.48749923706055,35.17499923706055,35.462501525878906,30.672836303710938,26402952
2021-12-22,35.48749923706055,35.5,35.412498474121094,35.462501525878906,30.672836303710938,16285780
2021-12-23,35.6875,35.79999923706055,35.5625,35.662498474121094,30.845823287963867,55705360
2021-12-24,35.75,35.900001525878906,35.73749923706055,35.76250076293945,30.93231964111328,50101524
2021-12-27,35.79999923706055,36.0625,35.775001525878906,36.037498474121094,31.170175552368164,26048796
2021-12-28,36.07500076293945,36.32500076293945,36.07500076293945,36.32500076293945,31.41884994506836,89823980
2021-12-29,36.36249923706055,36.537498474121094,36.26250076293945,36.48749923706055,31.55939292907715,90088896
2021-12-30,36.48749923706055,36.5,36.337501525878906,36.375,31.46209144592285,24985712
2022-01-03,36.5,36.837501525878906,36.5,36.599998474121094,31.656700134277344,27136808
2022-01-04,36.92499923706055,37.400001525878906,36.92499923706055,37.400001525878906,32.34865188598633,38537760
2022-01-05,37.525001525878906,37.63750076293945,37.275001525878906,37.32500076293945,32.28377914428711,45626404
2022-01-06,37.07500076293945,37.1875,36.75,36.974998474121094,31.981056213378906,34484932
2022-01-07,37.07500076293945,37.25,36.625,36.650001525878906,31.6999454498291,27956496
2022-01-10,36.5,36.95000076293945,36.349998474121094,36.88750076293945,31.905372619628906,62807884
2022-01-11,36.900001525878906,37.125,36.67499923706055,37.07500076293945,32.06755065917969,71021608
2022-01-12,37.337501525878906,37.400001525878906,37.17499923706055,37.38750076293945,32.33784484863281,40619208
2022-01-13,37.38750076293945,37.61249923706055,37.38750076293945,37.57500076293945,32.500022888183594,29812384
2022-01-14,37.70000076293945,37.79999923706055,37.26250076293945,37.57500076293945,32.500022888183594,40446116
2022-01-17,37.775001525878906,38.099998474121094,37.775001525878906,38.0,32.867618560791016,27711192
2022-01-18,38.04999923706055,38.0625,37.537498474121094,37.57500076293945,32.500022888183594,57660460
2022-01-19,37.25,37.412498474121094,37.0625,37.125,32.11079788208008,58657148
2022-01-20,37.125,37.29999923706055,36.900001525878906,37.275001525878906,32.240535736083984,65053388
2022-01-21,35.974998474121094,35.98749923706055,35.57500076293945,35.662498474121094,31.52235984802246,119510380
2022-01-24,35.525001525878906,36.0,35.42499923706055,36.0,31.820674896240234,52641948
2022-01-25,35.63750076293945,35.63750076293945,35.3125,35.412498474121094,31.301376342773438,96087792
2022-01-26,35.287498474121094,35.54999923706055,35.26250076293945,35.38750076293945,31.27928352355957,71003288
2022-02-07,35.650001525878906,35.70000076293945,35.29999923706055,35.57500076293945,31.445018768310547,96090320
2022-02-08,35.82500076293945,35.875,35.70000076293945,35.724998474121094,31.577606201171875,44340368
2022-02-09,35.875,35.875,35.662498474121094,35.849998474121094,31.688093185424805,32243600
2022-02-10,35.974998474121094,36.26250076293945,35.875,36.26250076293945,32.05270004272461,24016868
2022-02-11,36.17499923706055,36.26250076293945,36.01250076293945,36.23749923706055,32.03060531616211,17259684
2022-02-14,35.98749923706055,35.98749923706055,35.54999923706055,35.67499923706055,31.53341293334961,47456160
2022-02-15,35.67499923706055,35.79999923706055,35.48749923706055,35.51250076293945,31.389772415161133,29444908
2022-02-16,35.974998474121094,36.11249923706055,35.95000076293945,36.099998474121094,31.909069061279297,26800172
2022-02-17,36.099998474121094,36.25,36.0,36.125,31.931167602539062,19763216
2022-02-18,35.875,36.037498474121094,35.76250076293945,36.025001525878906,31.842777252197266,15468844
2022-02-21,35.86249923706055,35.962501525878906,35.70000076293945,35.95000076293945,31.776477813720703,18011756
2022-02-22,35.650001525878906,35.662498474121094,35.1875,35.462501525878906,31.345577239990234,74872596
2022-02-23,35.462501525878906,35.599998474121094,35.412498474121094,35.5625,31.4339656829834,17635428
2022-02-24,35.275001525878906,35.275001525878906,34.57500076293945,34.70000076293945,30.671598434448242,117813808
2022-02-25,34.76250076293945,34.79999923706055,34.462501525878906,34.625,30.605304718017578,90309080
2022-03-01,34.76250076293945,35.20000076293945,34.712501525878906,35.11249923706055,31.03620719909668,32958060
2022-03-02,35.0,35.025001525878906,34.79999923706055,34.912498474121094,30.85942840576172,24524616
2022-03-03,35.125,35.20000076293945,34.962501525878906,34.98749923706055,30.92571449279785,17755472
2022-03-04,34.625,34.712501525878906,34.48749923706055,34.61249923706055,30.594255447387695,50396708
2022-03-07,34.224998474121094,34.224998474121094,33.4375,33.5,29.610904693603516,208177676
2022-03-08,33.11249923706055,33.287498474121094,32.75,32.787498474121094,28.981121063232422,167283432
2022-03-09,33.04999923706055,33.3125,33.04999923706055,33.125,29.279441833496094,83526340
2022-03-10,33.79999923706055,34.13750076293945,33.79999923706055,34.087501525878906,30.130207061767578,57746092
2022-03-11,33.962501525878906,33.962501525878906,33.54999923706055,33.599998474121094,29.699296951293945,42419380
2022-03-14,33.75,33.837501525878906,33.5,33.599998474121094,29.699296951293945,34346608
2022-03-15,33.287498474121094,33.287498474121094,32.849998474121094,32.912498474121094,29.09161376953125,94122712
2022-03-16,33.29999923706055,33.3125,32.775001525878906,33.04999923706055,29.213150024414062,75954080
2022-03-17,33.86249923706055,34.125,33.79999923706055,34.099998474121094,30.141252517700195,56006192
2022-03-18,34.150001525878906,34.150001525878906,33.875,34.025001525878906,30.074962615966797,50581376
2022-03-21,34.20000076293945,34.412498474121094,34.20000076293945,34.25,30.273834228515625,30873588
2022-03-22,34.20000076293945,34.25,34.07500076293945,34.20000076293945,30.229644775390625,24184288
2022-03-23,34.400001525878906,34.587501525878906,34.38750076293945,34.525001525878906,30.516916275024414,41079752
2022-03-24,34.375,34.525001525878906,34.26250076293945,34.5,30.494815826416016,17108564
2022-03-25,34.599998474121094,34.625,34.474998474121094,34.54999923706055,30.539012908935547,19496792
2022-03-28,34.25,34.25,33.88750076293945,34.17499923706055,30.207542419433594,42024708
2022-03-29,34.25,34.29999923706055,34.150001525878906,34.212501525878906,30.240694046020508,25774216
2022-03-30,34.51250076293945,34.67499923706055,34.51250076293945,34.63750076293945,30.616352081298828,32665068
2022-03-31,34.63750076293945,34.662498474121094,34.525001525878906,34.525001525878906,30.516916275024414,14238552
2022-04-01,34.150001525878906,34.23749923706055,34.037498474121094,34.23749923706055,30.262794494628906,30795024
2022-04-06,33.8125,34.087501525878906,33.75,34.0625,30.10810661315918,46251656
2022-04-07,33.775001525878906,33.775001525878906,33.45000076293945,33.45000076293945,29.566715240478516,58991464
2022-04-08,33.525001525878906,33.63750076293945,33.4375,33.63750076293945,29.732446670532227,35768872
2022-04-11,33.537498474121094,33.61249923706055,33.04999923706055,33.11249923706055,29.268394470214844,66837660
2022-04-12,33.037498474121094,33.212501525878906,32.900001525878906,33.13750076293945,29.290491104125977,56875520
2022-04-13,33.349998474121094,33.79999923706055,33.29999923706055,33.76250076293945,29.84293556213379,28186852
2022-04-14,33.9375,33.9375,33.63750076293945,33.63750076293945,29.732446670532227,19791976
2022-04-15,33.212501525878906,33.26250076293945,33.0,33.0625,29.22420310974121,82769516
2022-04-18,33.0,33.0625,32.787498474121094,32.88750076293945,29.069517135620117,71848084
2022-04-19,33.0625,33.23749923706055,32.962501525878906,33.0,29.168954849243164,36238036
2022-04-20,33.04999923706055,33.17499923706055,32.912498474121094,33.162498474121094,29.31258773803711,27048540
2022-04-21,33.3125,33.400001525878906,33.162498474121094,33.1875,29.334686279296875,15936376
2022-04-22,32.849998474121094,32.9375,32.712501525878906,32.900001525878906,29.08056640625,44801348
2022-04-25,32.5,32.51250076293945,32.162498474121094,32.3125,28.561269760131836,128851880
2022-04-26,32.4375,32.45000076293945,32.212501525878906,32.3125,28.561269760131836,37409408
2022-04-27,31.75,31.75,31.512500762939453,31.637500762939453,27.964632034301758,114986256
2022-04-28,31.837499618530273,31.850000381469727,31.487499237060547,31.774999618530273,28.08616828918457,46171364
2022-04-29,32.224998474121094,32.375,32.0625,32.1875,28.45077896118164,47537724
2022-05-03,32.13750076293945,32.17499923706055,31.862499237060547,31.950000762939453,28.2408504486084,25125076
2022-05-04,32.07500076293945,32.11249923706055,31.875,31.950000762939453,28.2408504486084,39598772
2022-05-05,32.375,32.45000076293945,32.23749923706055,32.3125,28.561269760131836,24902416
2022-05-06,31.612499237060547,31.712499618530273,31.487499237060547,31.662500381469727,27.98672866821289,68203532
2022-05-09,31.375,31.387500762939453,31.125,31.137500762939453,27.522676467895508,51720992
2022-05-10,30.537500381469727,31.024999618530273,30.387500762939453,31.0,27.401142120361328,55376572
2022-05-11,30.962499618530273,31.112499237060547,30.825000762939453,31.049999237060547,27.445329666137695,32199604
2022-05-12,30.75,30.75,30.299999237060547,30.3125,26.7934513092041,47755260
2022-05-13,30.524999618530273,30.587499618530273,30.387500762939453,30.587499618530273,27.036527633666992,28106200
2022-05-16,30.862499237060547,31.0,30.625,30.75,27.180160522460938,22904664
2022-05-17,30.787500381469727,31.125,30.787500381469727,31.087499618530273,27.478479385375977,16662204
2022-05-18,31.337499618530273,31.5,31.3125,31.424999237060547,27.77680015563965,25266444
2022-05-19,30.862499237060547,30.950000762939453,30.662500381469727,30.825000762939453,27.246456146240234,29033480
2022-05-20,30.9375,31.237499237060547,30.912500381469727,31.162500381469727,27.544776916503906,14661664
2022-05-23,31.325000762939453,31.399999618530273,31.125,31.225000381469727,27.600019454956055,10715572
2022-05-24,31.25,31.299999237060547,30.850000381469727,30.875,27.2906494140625,20276748
2022-05-25,30.924999237060547,31.174999237060547,30.862499237060547,31.112499237060547,27.500579833984375,10270292
2022-05-26,31.25,31.25,30.712499618530273,30.725000381469727,27.158065795898438,23219872
2022-05-27,31.037500381469727,31.450000762939453,31.012500762939453,31.375,27.73260498046875,46801572
2022-05-30,31.8125,32.150001525878906,31.762500762939453,32.13750076293945,28.406583786010742,58170520
2022-05-31,32.11249923706055,32.45000076293945,31.899999618530273,32.45000076293945,28.68280601501465,28102668
2022-06-01,32.32500076293945,32.51250076293945,32.25,32.287498474121094,28.539169311523438,25626728
2022-06-02,32.11249923706055,32.11249923706055,31.899999618530273,31.950000762939453,28.2408504486084,17718612
2022-06-06,32.0625,32.25,31.862499237060547,32.17499923706055,28.439727783203125,16111300
2022-06-07,31.987499237060547,31.987499237060547,31.712499618530273,31.850000381469727,28.152462005615234,19365760
2022-06-08,32.125,32.275001525878906,32.037498474121094,32.20000076293945,28.46183204650879,15916200
2022-06-09,32.04999923706055,32.125,31.912500381469727,32.099998474121094,28.373437881469727,7709100
2022-06-10,31.700000762939453,31.850000381469727,31.600000381469727,31.774999618530273,28.08616828918457,16998412
2022-06-13,31.024999618530273,31.0625,30.862499237060547,30.887500762939453,27.301698684692383,67467100
2022-06-14,30.649999618530273,30.887500762939453,30.524999618530273,30.837499618530273,27.25750160217285,47559120
2022-06-15,30.75,30.899999618530273,30.662500381469727,30.6875,27.124916076660156,35393308
2022-06-16,31.024999618530273,31.25,30.5625,30.625,27.06967544555664,51071688
2022-06-17,30.25,30.375,30.100000381469727,30.212499618530273,26.705062866210938,78686220
2022-06-20,30.225000381469727,30.237499237060547,29.875,29.9375,26.461984634399414,42257108
2022-06-21,30.237499237060547,30.549999237060547,30.087499618530273,30.549999237060547,27.00338363647461,25930500
2022-06-22,30.424999237060547,30.424999237060547,29.837499618530273,29.875,26.4067440032959,60435976
2022-06-23,29.950000762939453,29.950000762939453,29.3125,29.475000381469727,26.053180694580078,67491772
2022-06-24,29.662500381469727,29.825000762939453,29.487499237060547,29.537500381469727,26.108423233032227,43073528
2022-06-27,29.950000762939453,30.362499237060547,29.950000762939453,30.237499237060547,26.727155685424805,66723816
2022-06-28,30.200000762939453,30.200000762939453,29.8125,29.950000762939453,26.47303581237793,43233840
2022-06-29,29.674999237060547,29.887500762939453,29.625,29.700000762939453,26.252063751220703,25087984
2022-06-30,29.424999237060547,29.450000762939453,28.875,28.950000762939453,25.589128494262695,81720980
2022-07-01,28.912500381469727,28.912500381469727,27.799999237060547,27.887500762939453,24.649978637695312,138878240
2022-07-04,27.8125,28.049999237060547,27.5,27.612499237060547,24.40690040588379,105770848
2022-07-05,28.137500762939453,28.237499237060547,27.25,27.75,24.5284366607666,64857832
2022-07-06,27.75,27.762500762939453,27.112499237060547,27.212499618530273,24.05333709716797,62447924
2022-07-07,27.362499237060547,28.037500381469727,27.137500762939453,28.024999618530273,24.771514892578125,53732760
2022-07-08,28.325000762939453,28.475000381469727,28.075000762939453,28.3125,25.025638580322266,40711428
2022-07-11,28.412500381469727,28.424999237060547,27.962499618530273,28.0625,24.804662704467773,30291812
2022-07-12,27.737499237060547,27.737499237060547,27.287500381469727,27.387500762939453,24.20802116394043,44533776
2022-07-13,28.25,28.412500381469727,28.149999618530273,28.362499237060547,25.06983184814453,99299588
2022-07-14,28.174999237060547,28.5625,27.950000762939453,28.5,25.191370010375977,59001712
2022-07-15,28.649999618530273,28.912500381469727,28.4375,28.875,25.52283477783203,74221248
2022-07-18,28.662500381469727,28.712499618530273,28.487499237060547,28.549999237060547,25.635072708129883,88829376
2022-07-19,28.487499237060547,28.662500381469727,28.399999618530273,28.575000762939453,25.657520294189453,53005460
2022-07-20,28.962499618530273,29.049999237060547,28.674999237060547,28.762500762939453,25.825876235961914,67345152
2022-07-21,28.850000381469727,29.087499618530273,28.75,29.087499618530273,26.11769676208496,35213080
2022-07-22,29.149999618530273,29.299999237060547,29.075000762939453,29.200000762939453,26.218708038330078,62459656
2022-07-25,29.075000762939453,29.237499237060547,29.0,29.174999237060547,26.196260452270508,42173440
2022-07-26,29.149999618530273,29.149999618530273,28.825000762939453,28.912500381469727,25.960561752319336,50495728
2022-07-27,28.875,29.174999237060547,28.787500381469727,29.174999237060547,26.196260452270508,31668200
2022-07-28,29.462499618530273,29.487499237060547,29.225000381469727,29.225000381469727,26.24115562438965,33228832
2022-07-29,29.537500381469727,29.625,29.412500381469727,29.5,26.488079071044922,32121328
2022-08-01,29.524999618530273,29.524999618530273,29.299999237060547,29.412500381469727,26.409513473510742,38018536
2022-08-02,29.137500762939453,29.137500762939453,28.774999618530273,28.887500762939453,25.988922119140625,70777800
2022-08-03,28.912500381469727,29.0625,28.875,29.0625,26.146360397338867,31360808
2022-08-04,29.087499618530273,29.200000762939453,28.799999237060547,29.137500762939453,26.213836669921875,27397668
2022-08-05,29.5,29.875,29.475000381469727,29.875,26.877334594726562,37238236
2022-08-08,29.75,29.8125,29.575000762939453,29.8125,26.821109771728516,34765628
2022-08-09,29.600000381469727,29.875,29.5,29.787500381469727,26.798614501953125,31536632
2022-08-10,29.5,29.549999237060547,29.375,29.475000381469727,26.517473220825195,28891416
2022-08-11,29.950000762939453,30.112499237060547,29.899999618530273,30.012500762939453,27.001039505004883,42912384
2022-08-12,30.137500762939453,30.25,30.075000762939453,30.200000762939453,27.16972541809082,33697348
2022-08-15,30.362499237060547,30.524999618530273,30.3125,30.475000381469727,27.417131423950195,38189448
2022-08-16,30.5,30.575000762939453,30.475000381469727,30.524999618530273,27.462114334106445,39489064
2022-08-17,30.524999618530273,30.575000762939453,30.450000762939453,30.537500381469727,27.47336196899414,55419464
2022-08-18,30.350000381469727,30.362499237060547,30.237499237060547,30.337499618530273,27.293428421020508,21088012
2022-08-19,30.3125,30.5,30.225000381469727,30.387500762939453,27.338411331176758,16104076
2022-08-22,30.0,30.0625,29.9375,30.012500762939453,27.001039505004883,20028000
2022-08-23,29.637500762939453,29.75,29.549999237060547,29.549999237060547,26.584943771362305,41302508
2022-08-24,29.700000762939453,29.737499237060547,29.412500381469727,29.475000381469727,26.517473220825195,28253912
2022-08-25,29.625,29.862499237060547,29.612499237060547,29.75,26.764875411987305,19574876
2022-08-26,29.962499618530273,30.024999618530273,29.862499237060547,29.899999618530273,26.89982795715332,39838948
2022-08-29,29.0625,29.237499237060547,29.0,29.137500762939453,26.213836669921875,63102952
2022-08-30,29.137500762939453,29.299999237060547,29.049999237060547,29.1875,26.258819580078125,48621412
2022-08-31,28.987499237060547,29.399999618530273,28.950000762939453,29.399999618530273,26.44999885559082,28183656
2022-09-01,28.875,28.899999618530273,28.6875,28.787500381469727,25.898956298828125,84246316
2022-09-02,28.774999618530273,28.774999618530273,28.462499618530273,28.475000381469727,25.617813110351562,55976232
2022-09-05,28.524999618530273,28.6875,28.424999237060547,28.537500381469727,25.674041748046875,35512716
2022-09-06,28.700000762939453,28.850000381469727,28.5625,28.725000381469727,25.842729568481445,25904464
2022-09-07,28.274999618530273,28.287500381469727,28.024999618530273,28.049999237060547,25.235454559326172,61955568
2022-09-08,28.262500762939453,28.262500762939453,28.100000381469727,28.25,25.415390014648438,28468684
2022-09-12,28.825000762939453,28.912500381469727,28.75,28.850000381469727,25.955183029174805,30181272
2022-09-13,29.024999618530273,29.100000381469727,28.9375,29.0,26.09013557434082,18161944
2022-09-14,28.262500762939453,28.487499237060547,28.200000762939453,28.412500381469727,25.561582565307617,43782264
2022-09-15,28.375,28.5625,28.299999237060547,28.462499618530273,25.6065673828125,14736400
2022-09-16,28.162500381469727,28.212499618530273,28.075000762939453,28.137500762939453,25.314176559448242,51803628
2022-09-19,28.237499237060547,28.237499237060547,27.975000381469727,28.012500762939453,25.201719284057617,28709272
2022-09-20,28.137500762939453,28.287500381469727,28.0625,28.262500762939453,25.4266357421875,23028824
2022-09-21,28.200000762939453,28.200000762939453,27.950000762939453,28.024999618530273,25.212966918945312,44046172
2022-09-22,27.600000381469727,27.6875,27.375,27.6875,24.909326553344727,59646724
2022-09-23,27.5625,27.587499618530273,27.337499618530273,27.424999237060547,24.673168182373047,58395944
2022-09-26,27.012500762939453,27.012500762939453,26.787500381469727,26.912500381469727,24.212095260620117,79683304
2022-09-27,26.950000762939453,26.987499237060547,26.75,26.875,24.178356170654297,35851112
2022-09-28,26.899999618530273,26.912500381469727,26.3125,26.3125,23.67229652404785,75593876
2022-09-29,26.612499237060547,26.612499237060547,26.149999618530273,26.225000381469727,23.59358024597168,41608432
2022-09-30,25.825000762939453,25.975000381469727,25.75,25.862499237060547,23.267452239990234,50705712
2022-10-03,25.625,25.899999618530273,25.512500762939453,25.549999237060547,22.986305236816406,43969468
2022-10-04,26.137500762939453,26.200000762939453,26.024999618530273,26.200000762939453,23.571088790893555,30114732
2022-10-05,26.625,26.962499618530273,26.587499618530273,26.8125,24.122129440307617,42787184
2022-10-06,26.950000762939453,27.0,26.875,27.0,24.290815353393555,33828044
2022-10-07,26.850000381469727,26.850000381469727,26.524999618530273,26.549999237060547,23.88596534729004,34802512
2022-10-11,25.5,25.537500381469727,25.125,25.174999237060547,22.648935317993164,125921740
2022-10-12,25.100000381469727,25.174999237060547,24.887500762939453,25.049999237060547,22.53647804260254,53397184
2022-10-13,25.137500762939453,25.137500762939453,24.75,24.75,22.266582489013672,83371040
2022-10-14,25.4375,25.575000762939453,25.274999618530273,25.462499618530273,22.907588958740234,45731032
2022-10-17,24.987499237060547,25.024999618530273,24.762500762939453,24.987499237060547,22.480247497558594,78771904
2022-10-18,25.375,25.387500762939453,24.987499237060547,25.274999618530273,22.738901138305664,25608136
2022-10-19,25.200000762939453,25.25,24.887500762939453,24.9375,22.435266494750977,62496316
2022-10-20,24.549999237060547,24.862499237060547,24.337499618530273,24.799999237060547,22.31156349182129,75939888
2022-10-21,24.825000762939453,24.962499618530273,24.674999237060547,24.725000381469727,22.244089126586914,48662404
2022-10-24,25.1875,25.200000762939453,24.649999618530273,24.649999618530273,22.176612854003906,67982140
2022-10-25,24.649999618530273,24.649999618530273,24.125,24.174999237060547,21.7492733001709,80259668
2022-10-26,24.212499618530273,24.5,24.125,24.399999618530273,21.951698303222656,43837832
2022-10-27,24.625,24.837499618530273,24.625,24.75,22.266582489013672,32068688
2022-10-28,24.649999618530273,24.649999618530273,24.3125,24.4375,21.985435485839844,45962880
2022-10-31,24.712499618530273,24.837499618530273,24.524999618530273,24.762500762939453,22.2778263092041,40352320
2022-11-01,24.712499618530273,24.987499237060547,24.700000762939453,24.899999618530273,22.401527404785156,32777216
2022-11-02,24.899999618530273,25.012500762939453,24.850000381469727,25.0,22.491493225097656,28021220
2022-11-03,24.625,24.712499618530273,24.587499618530273,24.674999237060547,22.19910430908203,54132456
2022-11-04,24.524999618530273,24.737499237060547,24.375,24.712499618530273,22.23284149169922,25730140
2022-11-07,24.950000762939453,25.212499618530273,24.887500762939453,25.137500762939453,22.615196228027344,48426144
2022-11-08,25.362499237060547,25.487499237060547,25.3125,25.399999618530273,22.851360321044922,41625688
2022-11-09,25.637500762939453,26.125,25.637500762939453,26.125,23.50361442565918,75645316
2022-11-10,25.862499237060547,25.962499618530273,25.799999237060547,25.875,23.278696060180664,58931616
2022-11-11,27.137500762939453,27.25,26.950000762939453,27.25,24.515727996826172,137249556
2022-11-14,27.450000762939453,27.600000381469727,27.350000381469727,27.5,24.740646362304688,72667064
2022-11-15,27.799999237060547,28.737499237060547,27.799999237060547,28.674999237060547,25.797744750976562,135373028
2022-11-16,28.75,28.9375,28.462499618530273,28.625,25.752758026123047,94684964
2022-11-17,28.487499237060547,28.662500381469727,28.212499618530273,28.637500762939453,25.764005661010742,53409672
2022-11-18,28.725000381469727,28.962499618530273,28.512500762939453,28.5625,25.696531295776367,42624300
2022-11-21,28.587499618530273,28.662500381469727,28.424999237060547,28.462499618530273,25.6065673828125,34742276
2022-11-22,28.350000381469727,28.75,28.262500762939453,28.700000762939453,25.820236206054688,22178072
2022-11-23,28.912500381469727,28.975000381469727,28.762500762939453,28.899999618530273,26.000167846679688,31755848
2022-11-24,29.0,29.212499618530273,28.975000381469727,29.174999237060547,26.247575759887695,60955344
2022-11-25,29.162500381469727,29.237499237060547,29.087499618530273,29.174999237060547,26.247575759887695,64081944
2022-11-28,28.649999618530273,28.825000762939453,28.475000381469727,28.587499618530273,25.719024658203125,60178952
2022-11-29,28.462499618530273,28.850000381469727,28.274999618530273,28.850000381469727,25.955183029174805,42685868
2022-11-30,28.774999618530273,29.100000381469727,28.712499618530273,29.087499618530273,26.168853759765625,37184264
2022-12-01,29.799999237060547,29.875,29.5,29.587499618530273,26.618682861328125,98737356
2022-12-02,29.325000762939453,29.487499237060547,29.25,29.325000762939453,26.382522583007812,29920608
2022-12-05,29.325000762939453,29.625,29.299999237060547,29.362499237060547,26.416259765625,47951016
2022-12-06,29.200000762939453,29.200000762939453,28.799999237060547,28.825000762939453,25.932693481445312,39880032
2022-12-07,28.625,28.962499618530273,28.549999237060547,28.649999618530273,25.775251388549805,32901556
2022-12-08,28.512500762939453,28.524999618530273,28.112499237060547,28.3125,25.471616744995117,36475576
2022-12-09,28.5,28.8125,28.487499237060547,28.75,25.86522102355957,24947356
2022-12-12,28.549999237060547,28.549999237060547,28.3125,28.475000381469727,25.617813110351562,33456200
2022-12-13,28.625,28.625,28.3125,28.350000381469727,25.505352020263672,26088568
2022-12-14,28.524999618530273,28.75,28.5,28.700000762939453,25.820236206054688,31534172
2022-12-15,28.575000762939453,28.762500762939453,28.475000381469727,28.725000381469727,25.842729568481445,31236764
2022-12-16,28.125,28.325000762939453,28.0625,28.25,25.415390014648438,47527104
2022-12-19,28.087499618530273,28.237499237060547,28.0,28.087499618530273,25.269195556640625,24526112
2022-12-20,28.037500381469727,28.125,27.512500762939453,27.575000762939453,24.808120727539062,49743932
2022-12-21,27.700000762939453,27.850000381469727,27.575000762939453,27.6875,24.909326553344727,47612612
2022-12-22,27.9375,28.1875,27.9375,28.149999618530273,25.325424194335938,20092604
2022-12-23,27.674999237060547,27.762500762939453,27.600000381469727,27.674999237060547,24.89808464050293,23941448
2022-12-26,27.700000762939453,27.799999237060547,27.674999237060547,27.774999618530273,24.98805046081543,16120680
2022-12-27,27.850000381469727,28.0625,27.850000381469727,27.899999618530273,25.100505828857422,16508700
2022-12-28,27.625,27.625,27.350000381469727,27.5,24.740646362304688,48701404
2022-12-29,27.299999237060547,27.399999618530273,27.100000381469727,27.375,24.62818717956543,55414224
2022-12-30,27.649999618530273,27.6875,27.549999237060547,27.549999237060547,24.785625457763672,34572648
2023-01-03,27.399999618530273,27.725000381469727,27.112499237060547,27.6875,24.909326553344727,59242536
2023-01-04,27.575000762939453,27.700000762939453,27.524999618530273,27.625,24.85310173034668,55019412
2023-01-05,27.8125,27.924999237060547,27.737499237060547,27.825000762939453,25.033035278320312,48283616
2023-01-06,27.799999237060547,28.049999237060547,27.787500381469727,27.950000762939453,25.145490646362305,46347120
2023-01-09,28.5,28.950000762939453,28.475000381469727,28.950000762939453,26.04515266418457,59992304
2023-01-10,28.987499237060547,29.100000381469727,28.9375,29.0625,26.146360397338867,47897080
2023-01-11,29.162500381469727,29.1875,28.975000381469727,29.087499618530273,26.168853759765625,62409904
2023-01-12,29.125,29.149999618530273,28.912500381469727,28.962499618530273,26.056396484375,39816908
2023-01-13,29.625,29.649999618530273,29.237499237060547,29.299999237060547,26.360031127929688,113933548
2023-01-16,29.524999618530273,29.637500762939453,29.5,29.524999618530273,26.562454223632812,110397484
2023-01-17,29.587499618530273,29.587499618530273,29.450000762939453,29.524999618530273,26.562454223632812,56226344
2023-01-30,30.200000762939453,30.25,30.0,30.174999237060547,27.758338928222656,173329284
2023-01-31,30.149999618530273,30.149999618530273,29.575000762939453,29.575000762939453,27.206392288208008,86450304
2023-02-01,29.774999618530273,29.862499237060547,29.612499237060547,29.75,27.367374420166016,26163640
2023-02-02,30.075000762939453,30.274999618530273,30.0625,30.25,27.827333450317383,62178044
2023-02-03,30.237499237060547,30.299999237060547,30.049999237060547,30.25,27.827333450317383,38029112
2023-02-06,30.024999618530273,30.024999618530273,29.8125,29.8125,27.42487335205078,53519476
2023-02-07,29.774999618530273,29.8125,29.637500762939453,29.75,27.367374420166016,33203448
2023-02-08,30.024999618530273,30.237499237060547,30.0,30.212499618530273,27.79283332824707,35659720
2023-02-09,30.125,30.25,30.075000762939453,30.225000381469727,27.80433464050293,19396980
2023-02-10,30.225000381469727,30.274999618530273,30.149999618530273,30.25,27.827333450317383,24871900
2023-02-13,30.174999237060547,30.225000381469727,29.975000381469727,30.1875,27.769840240478516,15322364
2023-02-14,30.3125,30.450000762939453,30.3125,30.412500381469727,27.976818084716797,30469028
2023-02-15,29.987499237060547,30.0625,29.700000762939453,29.712499618530273,27.3328800201416,49084992
2023-02-16,29.825000762939453,30.125,29.825000762939453,30.075000762939453,27.666351318359375,44040076
2023-02-17,29.825000762939453,29.825000762939453,29.600000381469727,29.6875,27.30988311767578,31532096
2023-02-20,29.637500762939453,29.837499618530273,29.524999618530273,29.75,27.367374420166016,23364440
2023-02-21,29.75,29.774999618530273,29.637500762939453,29.737499237060547,27.355878829956055,17772152
2023-02-22,29.375,29.4375,29.274999618530273,29.412500381469727,27.056907653808594,43550488
2023-02-23,29.487499237060547,29.950000762939453,29.487499237060547,29.850000381469727,27.45937156677246,24790780
2023-02-24,29.975000381469727,30.024999618530273,29.700000762939453,29.700000762939453,27.321382522583008,21990924
2023-03-01,29.325000762939453,29.862499237060547,29.212499618530273,29.837499618530273,27.44786834716797,29869272
2023-03-02,29.837499618530273,29.837499618530273,29.575000762939453,29.8125,27.42487335205078,13924924
2023-03-03,29.950000762939453,30.024999618530273,29.799999237060547,29.837499618530273,27.44786834716797,12403748
2023-03-06,30.037500381469727,30.225000381469727,29.975000381469727,30.125,27.712345123291016,37364848
2023-03-07,30.137500762939453,30.350000381469727,30.049999237060547,30.325000762939453,27.89632797241211,29874380
2023-03-08,30.125,30.149999618530273,29.950000762939453,30.075000762939453,27.666351318359375,24727856
2023-03-09,30.1875,30.200000762939453,30.049999237060547,30.049999237060547,27.64335060119629,13108684
2023-03-10,29.712499618530273,29.737499237060547,29.5,29.575000762939453,27.206392288208008,52548684
2023-03-13,29.487499237060547,29.774999618530273,29.350000381469727,29.700000762939453,27.321382522583008,74943036
2023-03-14,29.387500762939453,29.487499237060547,29.287500381469727,29.375,27.02240753173828,44186128
2023-03-15,29.600000381469727,29.674999237060547,29.362499237060547,29.399999618530273,27.045408248901367,48857440
2023-03-16,29.299999237060547,29.350000381469727,29.125,29.262500762939453,26.918922424316406,62425580
2023-03-17,29.462499618530273,29.737499237060547,29.450000762939453,29.737499237060547,27.355878829956055,43399212
2023-03-20,29.737499237060547,29.762500762939453,29.462499618530273,29.524999618530273,27.160396575927734,28429916
2023-03-21,29.625,29.6875,29.549999237060547,29.662500381469727,27.286888122558594,14367480
2023-03-22,29.862499237060547,30.225000381469727,29.862499237060547,30.225000381469727,27.80433464050293,56968508
2023-03-23,30.162500381469727,30.575000762939453,30.112499237060547,30.462499618530273,28.02281379699707,62131916
2023-03-24,30.5,30.575000762939453,30.387500762939453,30.549999237060547,28.10330581665039,53829576
2023-03-27,30.4375,30.475000381469727,30.299999237060547,30.362499237060547,27.93082046508789,42578380
2023-03-28,30.237499237060547,30.287500381469727,30.049999237060547,30.100000381469727,27.689346313476562,38965956
2023-03-29,30.162500381469727,30.262500762939453,30.037500381469727,30.149999618530273,27.735340118408203,12297708
2023-03-30,30.350000381469727,30.424999237060547,30.1875,30.299999237060547,27.873327255249023,45522456
2023-03-31,30.424999237060547,30.587499618530273,30.350000381469727,30.399999618530273,27.96531867980957,59806560
2023-04-06,30.212499618530273,30.25,30.049999237060547,30.25,27.827333450317383,30005676
2023-04-07,30.3125,30.362499237060547,30.200000762939453,30.25,27.827333450317383,17655436
2023-04-10,30.3125,30.412500381469727,30.225000381469727,30.25,27.827333450317383,15124112
2023-04-11,30.25,30.287500381469727,30.100000381469727,30.212499618530273,27.79283332824707,23765992
2023-04-12,30.212499618530273,30.212499618530273,30.037500381469727,30.137500762939453,27.72384262084961,11568680
2023-04-13,30.012500762939453,30.037500381469727,29.875,29.875,27.48236656188965,26200016
2023-04-14,30.0,30.225000381469727,29.962499618530273,30.162500381469727,27.74683952331543,12363216
2023-04-17,30.087499618530273,30.125,29.950000762939453,30.087499618530273,27.677846908569336,22756672
2023-04-18,30.087499618530273,30.100000381469727,29.9375,29.987499237060547,27.58585548400879,19338552
2023-04-19,30.0,30.012500762939453,29.700000762939453,29.762500762939453,27.378873825073242,31139140
2023-04-20,29.712499618530273,29.850000381469727,29.600000381469727,29.725000381469727,27.344379425048828,25631852
2023-04-21,29.862499237060547,29.887500762939453,29.625,29.649999618530273,27.275386810302734,19224952
2023-04-24,29.450000762939453,29.625,29.424999237060547,29.537500381469727,27.17189598083496,26235392
2023-04-25,29.575000762939453,29.575000762939453,29.137500762939453,29.149999618530273,26.8154296875,74111004
2023-04-26,29.137500762939453,29.149999618530273,28.912500381469727,29.024999618530273,26.700441360473633,51812420
2023-04-27,29.012500762939453,29.162500381469727,28.875,29.0,26.677444458007812,37843400
2023-04-28,29.212499618530273,29.387500762939453,29.212499618530273,29.350000381469727,26.999412536621094,22563740
2023-05-02,29.362499237060547,29.5,29.274999618530273,29.424999237060547,27.068405151367188,20658196
2023-05-03,29.337499618530273,29.337499618530273,29.200000762939453,29.299999237060547,26.953414916992188,16713728
2023-05-04,29.25,29.375,29.174999237060547,29.375,27.02240753173828,14828800
2023-05-05,29.424999237060547,29.512500762939453,29.350000381469727,29.450000762939453,27.091405868530273,8875004
2023-05-08,29.625,29.725000381469727,29.587499618530273,29.637500762939453,27.263885498046875,24044836
2023-05-09,29.649999618530273,29.75,29.575000762939453,29.725000381469727,27.344379425048828,18544840
2023-05-10,29.700000762939453,29.700000762939453,29.412500381469727,29.450000762939453,27.091405868530273,16300476
2023-05-11,29.5625,29.612499237060547,29.387500762939453,29.387500762939453,27.033910751342773,14739856
2023-05-12,29.287500381469727,29.375,29.1875,29.299999237060547,26.953414916992188,15253396
2023-05-15,29.237499237060547,29.337499618530273,29.162500381469727,29.299999237060547,26.953414916992188,16478796
2023-05-16,29.475000381469727,29.75,29.462499618530273,29.649999618530273,27.275386810302734,31605876
2023-05-17,29.662500381469727,30.174999237060547,29.662500381469727,30.137500762939453,27.72384262084961,104119624
2023-05-18,30.450000762939453,30.600000381469727,30.399999618530273,30.537500381469727,28.09181022644043,87894220
2023-05-19,30.649999618530273,30.712499618530273,30.549999237060547,30.625,28.172300338745117,136498504
2023-05-22,30.625,30.662500381469727,30.524999618530273,30.575000762939453,28.126306533813477,71936104
2023-05-23,30.575000762939453,30.662500381469727,30.450000762939453,30.549999237060547,28.10330581665039,49062812
2023-05-24,30.412500381469727,30.450000762939453,30.274999618530273,30.399999618530273,27.96531867980957,43519312
2023-05-25,30.75,30.850000381469727,30.612499237060547,30.762500762939453,28.29878807067871,45771436
2023-05-26,31.25,31.512500762939453,31.25,31.487499237060547,28.965721130371094,95122080
2023-05-29,31.862499237060547,31.887500762939453,31.625,31.6875,29.149707794189453,57995472
2023-05-30,31.6875,31.762500762939453,31.612499237060547,31.6875,29.149707794189453,48495216
2023-05-31,31.674999237060547,31.674999237060547,31.287500381469727,31.537500381469727,29.011720657348633,35461188
2023-06-01,31.337499618530273,31.399999618530273,31.225000381469727,31.287500381469727,28.781740188598633,15517372
2023-06-02,31.450000762939453,31.75,31.450000762939453,31.6875,29.149707794189453,31771276
2023-06-05,31.6875,31.700000762939453,31.5625,31.587499618530273,29.057716369628906,25440488
2023-06-06,31.587499618530273,31.8125,31.537500381469727,31.674999237060547,29.13820457458496,26369656
2023-06-07,31.75,32.0625,31.75,32.025001525878906,29.460174560546875,48306172
2023-06-08,31.975000381469727,32.04999923706055,31.637500762939453,31.712499618530273,29.17270278930664,20562940
2023-06-09,31.875,32.04999923706055,31.850000381469727,31.950000762939453,29.391183853149414,22207812
2023-06-12,32.125,32.32500076293945,32.125,32.25,29.66715431213379,54885148
2023-06-13,32.54999923706055,32.98749923706055,32.54999923706055,32.88750076293945,30.253597259521484,93752808
2023-06-14,32.849998474121094,32.900001525878906,32.75,32.875,30.24209976196289,26707972
2023-06-15,32.88750076293945,33.0,32.875,32.974998474121094,30.334095001220703,44164476
2023-06-16,32.95000076293945,32.95000076293945,32.775001525878906,32.88750076293945,30.253597259521484,28808864
2023-06-19,32.73749923706055,32.875,32.63750076293945,32.8125,30.18460464477539,23915984
2023-06-20,32.775001525878906,32.8125,32.587501525878906,32.63750076293945,30.023622512817383,26115876
2023-06-21,32.63750076293945,32.76250076293945,32.5625,32.63750076293945,30.023622512817383,106262060
2023-06-26,32.587501525878906,32.587501525878906,32.349998474121094,32.4375,29.839637756347656,29573612
2023-06-27,32.287498474121094,32.38750076293945,32.17499923706055,32.224998474121094,29.644155502319336,26296196
2023-06-28,32.337501525878906,32.42499923706055,32.20000076293945,32.275001525878906,29.690156936645508,22783412
2023-06-29,32.4375,32.625,32.224998474121094,32.26250076293945,29.67865753173828,22786068
2023-06-30,32.20000076293945,32.275001525878906,32.07500076293945,32.275001525878906,29.690156936645508,28116752
2023-07-03,32.400001525878906,32.67499923706055,32.400001525878906,32.67499923706055,30.058116912841797,26491300
2023-07-04,32.6875,32.787498474121094,32.63750076293945,32.75,30.127111434936523,22718680
2023-07-05,32.75,32.79999923706055,32.599998474121094,32.70000076293945,30.081117630004883,20003768
2023-07-06,32.42499923706055,32.42499923706055,31.924999237060547,31.975000381469727,29.414182662963867,65609104
2023-07-07,31.887500762939453,32.07500076293945,31.774999618530273,31.924999237060547,29.36818504333496,32081608
2023-07-10,32.025001525878906,32.125,31.75,31.862499237060547,29.310688018798828,31486556
2023-07-11,32.0,32.29999923706055,32.0,32.29999923706055,29.713151931762695,18161736
2023-07-12,32.32500076293945,32.36249923706055,32.212501525878906,32.36249923706055,29.770645141601562,13757804
2023-07-13,32.82500076293945,32.974998474121094,32.712501525878906,32.724998474121094,30.104114532470703,62665236
2023-07-14,32.86249923706055,33.125,32.86249923706055,33.0625,30.414583206176758,58928984
2023-07-17,33.0,33.04999923706055,32.9375,33.0,30.357088088989258,61113608
2023-07-18,32.75,32.75,32.42499923706055,32.462501525878906,30.298757553100586,43350244
2023-07-19,32.537498474121094,32.625,32.1875,32.1875,30.042085647583008,57198712
2023-07-20,32.26250076293945,32.42499923706055,32.25,32.337501525878906,30.18208885192871,14887776
2023-07-21,31.850000381469727,31.850000381469727,31.625,31.799999237060547,29.68041229248047,51028788
2023-07-24,31.75,31.912500381469727,31.649999618530273,31.8125,29.692079544067383,38900724
2023-07-25,31.924999237060547,32.29999923706055,31.924999237060547,32.212501525878906,30.065420150756836,27691160
2023-07-26,32.275001525878906,32.29999923706055,32.087501525878906,32.125,29.983753204345703,17586968
2023-07-27,32.287498474121094,32.375,32.25,32.375,30.21708869934082,16027612
2023-07-28,32.349998474121094,32.474998474121094,32.25,32.375,30.21708869934082,10722548
2023-07-31,32.57500076293945,32.662498474121094,32.0625,32.20000076293945,30.053756713867188,28994208
2023-08-01,32.25,32.38750076293945,32.212501525878906,32.36249923706055,30.205421447753906,17791060
2023-08-02,32.349998474121094,32.36249923706055,31.862499237060547,31.962499618530273,29.83208465576172,48022884
2023-08-04,31.8125,31.875,31.725000381469727,31.8125,29.692079544067383,26939664
2023-08-07,31.912500381469727,32.17499923706055,31.887500762939453,32.125,29.983753204345703,18407492
2023-08-08,32.025001525878906,32.04999923706055,31.600000381469727,31.75,29.633745193481445,42070044
2023-08-09,31.700000762939453,31.912500381469727,31.662500381469727,31.799999237060547,29.68041229248047,14657596
2023-08-10,31.725000381469727,31.75,31.575000762939453,31.600000381469727,29.493743896484375,43583592
2023-08-11,31.75,31.837499618530273,31.537500381469727,31.575000762939453,29.470413208007812,30991408
2023-08-14,31.412500381469727,31.424999237060547,31.024999618530273,31.125,29.05040740966797,90266740
2023-08-15,31.3125,31.362499237060547,31.149999618530273,31.174999237060547,29.09707260131836,29644352
2023-08-16,31.037500381469727,31.100000381469727,30.899999618530273,31.012500762939453,28.945404052734375,72292252
2023-08-17,30.899999618530273,31.162500381469727,30.725000381469727,31.149999618530273,29.0737361907959,38535436
2023-08-18,31.049999237060547,31.200000762939453,30.924999237060547,30.962499618530273,28.89873504638672,30402880
2023-08-21,31.049999237060547,31.112499237060547,30.75,30.75,28.700401306152344,40236924
2023-08-22,31.0,31.087499618530273,30.924999237060547,31.0,28.933734893798828,14564580
2023-08-23,31.0,31.287500381469727,31.0,31.212499618530273,29.1320743560791,27136280
2023-08-24,31.600000381469727,31.774999618530273,31.5625,31.75,29.633745193481445,26694756
2023-08-25,31.375,31.375,31.125,31.137500762939453,29.062074661254883,28754872
2023-08-28,31.212499618530273,31.424999237060547,31.1875,31.337499618530273,29.24873924255371,17258996
2023-08-29,31.5,31.512500762939453,31.174999237060547,31.512500762939453,29.412078857421875,25960364
2023-08-30,31.6875,31.762500762939453,31.524999618530273,31.649999618530273,29.54041290283203,22997780
2023-08-31,31.637500762939453,31.637500762939453,31.375,31.424999237060547,29.330408096313477,17424156
2023-09-01,31.375,31.575000762939453,31.274999618530273,31.475000381469727,29.3770751953125,12327708
2023-09-04,31.475000381469727,31.700000762939453,31.399999618530273,31.6875,29.57541275024414,13690652
2023-09-05,31.637500762939453,31.649999618530273,31.512500762939453,31.612499237060547,29.505409240722656,14489636
2023-09-06,31.649999618530273,31.674999237060547,31.462499618530273,31.5,29.40041160583496,29338084
2023-09-07,31.325000762939453,31.375,31.174999237060547,31.212499618530273,29.1320743560791,22600776
2023-09-08,31.024999618530273,31.125,30.962499618530273,31.075000762939453,29.003738403320312,22110532
2023-09-11,31.112499237060547,31.125,30.850000381469727,30.950000762939453,28.88707160949707,33026528
2023-09-12,31.024999618530273,31.262500762939453,30.962499618530273,31.262500762939453,29.178741455078125,10398692
2023-09-13,31.299999237060547,31.399999618530273,31.174999237060547,31.299999237060547,29.213741302490234,12823132
2023-09-14,31.475000381469727,31.737499237060547,31.387500762939453,31.737499237060547,29.622079849243164,28711600
2023-09-15,31.75,31.837499618530273,31.6875,31.837499618530273,29.71541404724121,22933528
2023-09-18,31.649999618530273,31.649999618530273,31.462499618530273,31.5,29.40041160583496,28383636
2023-09-19,31.462499618530273,31.512500762939453,31.337499618530273,31.362499237060547,29.27207374572754,16069368
2023-09-20,31.262500762939453,31.299999237060547,31.125,31.1875,29.10873794555664,23793164
2023-09-21,30.950000762939453,30.962499618530273,30.662500381469727,30.6875,28.64206886291504,84682840
2023-09-22,30.612499237060547,30.700000762939453,30.512500762939453,30.662500381469727,28.61873435974121,38237532
2023-09-25,30.6875,30.9375,30.6875,30.887500762939453,28.8287353515625,15972528
2023-09-26,30.662500381469727,30.75,30.5,30.524999618530273,28.490398406982422,40307016
2023-09-27,30.462499618530273,30.575000762939453,30.387500762939453,30.537500381469727,28.502065658569336,26110120
2023-09-28,30.6875,30.787500381469727,30.512500762939453,30.662500381469727,28.61873435974121,22157308
2023-10-02,30.899999618530273,31.125,30.899999618530273,31.0625,28.99207305908203,25845048
2023-10-03,30.987499237060547,31.037500381469727,30.862499237060547,30.875,28.81707000732422,20273816
2023-10-04,30.524999618530273,30.549999237060547,30.337499618530273,30.475000381469727,28.4437313079834,44900108
2023-10-05,30.600000381469727,30.912500381469727,30.600000381469727,30.912500381469727,28.85207176208496,16421960
2023-10-06,30.950000762939453,31.075000762939453,30.950000762939453,31.024999618530273,28.95707130432129,19539980
2023-10-11,31.475000381469727,31.600000381469727,31.462499618530273,31.5625,29.458744049072266,53988076
2023-10-12,31.625,31.837499618530273,31.575000762939453,31.825000762939453,29.703746795654297,57188056
2023-10-13,31.75,31.850000381469727,31.625,31.737499237060547,29.622079849243164,25451284
2023-10-16,31.575000762939453,31.575000762939453,31.424999237060547,31.5625,29.458744049072266,30968164
2023-10-17,31.674999237060547,31.75,31.600000381469727,31.637500762939453,29.528745651245117,27344148
2023-10-18,31.5625,31.5625,31.200000762939453,31.200000762939453,29.120405197143555,38264128
2023-10-19,31.100000381469727,31.299999237060547,31.100000381469727,31.212499618530273,29.1320743560791,31304980
2023-10-20,31.1875,31.362499237060547,30.975000381469727,31.350000381469727,29.26041030883789,17549164
2023-10-23,31.212499618530273,31.212499618530273,30.887500762939453,30.962499618530273,28.89873504638672,32149280
2023-10-24,30.950000762939453,30.987499237060547,30.674999237060547,30.987499237060547,28.92207145690918,28788744
2023-10-25,31.049999237060547,31.225000381469727,31.049999237060547,31.049999237060547,28.980403900146484,15920360
2023-10-26,30.462499618530273,30.600000381469727,30.399999618530273,30.4375,28.408729553222656,87896488
2023-10-27,30.537500381469727,30.6875,30.524999618530273,30.575000762939453,28.537065505981445,16275748
2023-10-30,30.600000381469727,30.712499618530273,30.4375,30.5,28.467065811157227,36553408
2023-10-31,30.600000381469727,30.612499237060547,30.274999618530273,30.287500381469727,28.268728256225586,43123508
2023-11-01,30.5,30.537500381469727,30.3125,30.4375,28.408729553222656,17689308
2023-11-02,30.787500381469727,31.125,30.787500381469727,31.125,29.05040740966797,39232848
2023-11-03,31.25,31.399999618530273,31.174999237060547,31.362499237060547,29.27207374572754,34794272
2023-11-06,31.637500762939453,31.799999237060547,31.587499618530273,31.637500762939453,29.528745651245117,63692796
2023-11-07,31.625,31.700000762939453,31.524999618530273,31.625,29.51707649230957,26172452
2023-11-08,31.662500381469727,31.862499237060547,31.625,31.799999237060547,29.68041229248047,44402716
2023-11-09,31.725000381469727,31.850000381469727,31.662500381469727,31.8125,29.692079544067383,24907492
2023-11-10,31.674999237060547,31.712499618530273,31.600000381469727,31.6875,29.57541275024414,17006284
2023-11-13,32.3125,32.400001525878906,32.125,32.17499923706055,30.030418395996094,101550224
2023-11-14,32.29999923706055,32.400001525878906,32.23749923706055,32.25,30.100419998168945,80377828
2023-11-15,32.724998474121094,32.75,32.51250076293945,32.63750076293945,30.462093353271484,91164196
2023-11-16,32.70000076293945,32.79999923706055,32.57500076293945,32.650001525878906,30.473758697509766,73317344
2023-11-17,32.650001525878906,32.875,32.63750076293945,32.75,30.567092895507812,108590352
2023-11-20,32.76250076293945,32.76250076293945,32.61249923706055,32.73749923706055,30.5554256439209,34641500
2023-11-21,32.86249923706055,33.17499923706055,32.86249923706055,33.13750076293945,30.92876625061035,113513384
2023-11-22,32.8125,32.95000076293945,32.787498474121094,32.837501525878906,30.64876365661621,24548288
2023-11-23,32.837501525878906,32.86249923706055,32.6875,32.82500076293945,30.63709831237793,24937264
2023-11-24,32.82500076293945,32.912498474121094,32.76250076293945,32.79999923706055,30.613759994506836,53237608
2023-11-27,32.79999923706055,32.962501525878906,32.525001525878906,32.587501525878906,30.41542625427246,37727104
2023-11-28,32.599998474121094,32.95000076293945,32.57500076293945,32.8125,30.625423431396484,38275884
2023-11-29,32.82500076293945,33.04999923706055,32.76250076293945,32.787498474121094,30.602092742919922,26470308
2023-11-30,32.82500076293945,32.875,32.662498474121094,32.837501525878906,30.64876365661621,43669324
2023-12-01,32.75,32.95000076293945,32.70000076293945,32.95000076293945,30.753761291503906,21198560
2023-12-04,32.95000076293945,33.0,32.724998474121094,32.82500076293945,30.63709831237793,17596136
2023-12-05,32.650001525878906,32.650001525878906,32.474998474121094,32.587501525878906,30.41542625427246,19111864
2023-12-06,32.599998474121094,32.849998474121094,32.599998474121094,32.70000076293945,30.52042579650879,28548196
2023-12-07,32.650001525878906,32.662498474121094,32.5,32.5,30.333757400512695,10954636
2023-12-08,32.787498474121094,32.900001525878906,32.724998474121094,32.76250076293945,30.57876205444336,52095808
2023-12-11,32.76250076293945,32.837501525878906,32.662498474121094,32.79999923706055,30.613759994506836,12519352
2023-12-12,32.974998474121094,33.01250076293945,32.837501525878906,32.875,30.683761596679688,21902040
2023-12-13,32.900001525878906,32.95000076293945,32.849998474121094,32.88750076293945,30.695425033569336,11761744
2023-12-14,33.162498474121094,33.36249923706055,33.125,33.287498474121094,31.068767547607422,128026068
2023-12-15,33.412498474121094,33.54999923706055,33.412498474121094,33.42499923706055,31.197101593017578,73515340
2023-12-18,33.412498474121094,33.474998474121094,33.150001525878906,33.474998474121094,31.24376678466797,26607988
2023-12-19,33.45000076293945,33.45000076293945,33.1875,33.349998474121094,31.12710189819336,22424988
2023-12-20,33.38750076293945,33.462501525878906,33.349998474121094,33.4375,31.208770751953125,26463340
2023-12-21,33.04999923706055,33.17499923706055,33.01250076293945,33.150001525878906,30.940433502197266,21419804
2023-12-22,33.150001525878906,33.275001525878906,33.150001525878906,33.23749923706055,31.0221004486084,24816776
2023-12-25,33.25,33.45000076293945,33.23749923706055,33.375,31.150434494018555,32321648
2023-12-26,33.375,33.599998474121094,33.375,33.5625,31.325435638427734,67267856
2023-12-27,33.599998474121094,33.974998474121094,33.587501525878906,33.9375,31.675443649291992,119800140
2023-12-28,33.9375,34.0,33.86249923706055,33.9375,31.675443649291992,59393184
2023-12-29,33.92499923706055,34.0,33.837501525878906,33.86249923706055,31.605438232421875,52446432
2024-01-02,33.900001525878906,33.98749923706055,33.662498474121094,33.724998474121094,31.47710418701172,23688304
2024-01-03,33.42499923706055,33.474998474121094,33.07500076293945,33.13750076293945,30.92876625061035,54189900
2024-01-04,33.13750076293945,33.1875,33.07500076293945,33.125,30.917098999023438,18270372
2024-01-05,33.13750076293945,33.23749923706055,33.025001525878906,33.037498474121094,30.83542823791504,15998684
2024-01-08,33.25,33.400001525878906,33.1875,33.1875,30.97542953491211,37578880
2024-01-09,33.462501525878906,33.48749923706055,33.1875,33.25,31.03376579284668,22804060
2024-01-10,33.099998474121094,33.162498474121094,33.0,33.07500076293945,30.87042999267578,27125880
2024-01-11,33.11249923706055,33.3125,33.087501525878906,33.212501525878906,30.998767852783203,22504312
2024-01-12,33.04999923706055,33.26250076293945,32.98749923706055,33.162498474121094,30.95210075378418,25937588
2024-01-15,33.162498474121094,33.162498474121094,33.162498474121094,33.162498474121094,30.95210075378418,0
2024-01-16,33.01250076293945,33.07500076293945,32.775001525878906,32.912498474121094,30.718761444091797,87905184
2024-01-17,32.5,32.5,31.825000762939453,31.862499237060547,30.432226181030273,145373216
2024-01-18,31.975000381469727,32.13750076293945,31.975000381469727,32.07500076293945,30.635190963745117,28368372
2024-01-19,32.92499923706055,33.275001525878906,32.775001525878906,33.224998474121094,31.733564376831055,104149832
2024-01-22,33.45000076293945,33.587501525878906,33.337501525878906,33.45000076293945,31.948467254638672,51769732
2024-01-23,33.474998474121094,33.5625,33.375,33.51250076293945,32.00816345214844,27609740
2024-01-24,33.537498474121094,33.599998474121094,33.48749923706055,33.5,31.99622344970703,56681432
2024-01-25,33.76250076293945,33.92499923706055,33.724998474121094,33.912498474121094,32.39020538330078,104278032
2024-01-26,33.912498474121094,33.98749923706055,33.82500076293945,33.912498474121094,32.39020538330078,63300248
2024-01-29,33.912498474121094,34.162498474121094,33.900001525878906,34.125,32.59316635131836,106544936
2024-01-30,34.087501525878906,34.162498474121094,34.01250076293945,34.037498474121094,32.50959777832031,38244096
2024-01-31,33.8125,33.82500076293945,33.587501525878906,33.587501525878906,32.079795837402344,27139568
2024-02-01,33.587501525878906,33.625,33.400001525878906,33.587501525878906,32.079795837402344,33583900
2024-02-02,33.75,33.79999923706055,33.662498474121094,33.775001525878906,32.258880615234375,35616952
2024-02-05,33.775001525878906,34.04999923706055,33.75,33.98749923706055,32.46183776855469,68850940
2024-02-15,35.54999923706055,35.67499923706055,35.349998474121094,35.587501525878906,33.990020751953125,166902248
2024-02-16,35.587501525878906,35.587501525878906,35.29999923706055,35.32500076293945,33.73930358886719,70613876
2024-02-19,35.25,35.3125,35.150001525878906,35.275001525878906,33.691551208496094,35994992
2024-02-20,35.13750076293945,35.5,35.099998474121094,35.412498474121094,33.822872161865234,53273328
2024-02-21,35.349998474121094,35.375,35.26250076293945,35.29999923706055,33.715423583984375,41419940
2024-02-22,35.73749923706055,35.76250076293945,35.462501525878906,35.70000076293945,34.09746551513672,49482432
2024-02-23,35.86249923706055,36.025001525878906,35.82500076293945,35.9375,34.32430648803711,76632740
2024-02-26,35.92499923706055,36.0,35.75,35.98749923706055,34.37206268310547,39179224
2024-02-27,35.98749923706055,36.04999923706055,35.662498474121094,35.837501525878906,34.22879409790039,23922688
2024-02-29,35.75,35.98749923706055,35.67499923706055,35.82500076293945,34.216854095458984,27390448
2024-03-01,35.88750076293945,35.98749923706055,35.70000076293945,35.70000076293945,34.09746551513672,34647028
2024-03-04,36.25,36.79999923706055,36.212501525878906,36.73749923706055,35.08839416503906,97571592
2024-03-05,36.9375,37.13750076293945,36.837501525878906,37.037498474121094,35.37492370605469,65483708
2024-03-06,36.75,37.26250076293945,36.599998474121094,37.212501525878906,35.542076110839844,66132768
2024-03-07,37.75,38.25,37.6875,38.07500076293945,36.3658561706543,118461268
2024-03-08,38.900001525878906,39.11249923706055,38.25,38.61249923706055,36.87922668457031,115837004
2024-03-11,38.462501525878906,38.54999923706055,38.13750076293945,38.224998474121094,36.509124755859375,52057640
2024-03-12,38.04999923706055,38.650001525878906,38.025001525878906,38.625,36.891170501708984,58684560
2024-03-13,38.88750076293945,39.037498474121094,38.73749923706055,38.8125,37.070247650146484,51296604
2024-03-14,38.724998474121094,38.95000076293945,38.57500076293945,38.775001525878906,37.0344352722168,33274472
2024-03-15,38.57500076293945,38.6875,38.25,38.25,36.53300094604492,34403816
2024-03-18,38.25,38.625,38.25,38.599998474121094,36.86729049682617,71751072
2024-03-19,38.349998474121094,38.63750076293945,38.25,38.51250076293945,36.783714294433594,34279156
2024-03-20,38.54999923706055,38.82500076293945,38.25,38.29999923706055,36.580753326416016,40321616
2024-03-21,38.88750076293945,39.42499923706055,38.88750076293945,39.349998474121094,37.5836181640625,79843224
2024-03-22,39.375,39.5625,39.125,39.29999923706055,37.535865783691406,27109996
2024-03-25,39.29999923706055,39.5,39.23749923706055,39.375,37.60749816894531,34332452
2024-03-26,39.57500076293945,39.79999923706055,39.099998474121094,39.400001525878906,37.63138198852539,26127772
2024-03-27,39.349998474121094,39.462501525878906,39.224998474121094,39.412498474121094,37.64331817626953,17547948
2024-03-28,39.32500076293945,39.32500076293945,38.974998474121094,39.224998474121094,37.4642333984375,12641392
2024-03-29,39.224998474121094,39.48749923706055,39.224998474121094,39.45000076293945,37.67913818359375,20572000
2024-04-01,39.54999923706055,39.6875,39.3125,39.349998474121094,37.5836181640625,21344696
2024-04-02,39.61249923706055,39.912498474121094,39.599998474121094,39.912498474121094,38.12086868286133,29364088
2024-04-03,39.662498474121094,39.724998474121094,39.45000076293945,39.63750076293945,37.858219146728516,18550252
2024-04-08,39.662498474121094,39.962501525878906,39.63750076293945,39.86249923706055,38.073116302490234,22629184
2024-04-09,40.0,40.837501525878906,39.974998474121094,40.8125,38.98047637939453,32581692
2024-04-10,40.6875,40.82500076293945,40.61249923706055,40.75,38.9207763671875,21203720
2024-04-11,40.51250076293945,40.625,40.412498474121094,40.625,38.801395416259766,17270700
2024-04-12,40.650001525878906,40.70000076293945,40.48749923706055,40.525001525878906,38.70587921142578,23321576
2024-04-15,40.0625,40.13750076293945,39.900001525878906,40.0,38.20444869995117,31563124
2024-04-16,39.57500076293945,39.57500076293945,38.6875,38.912498474121094,37.1657600402832,66621548
2024-04-17,38.98749923706055,39.42499923706055,38.974998474121094,39.349998474121094,37.5836181640625,30823556
2024-04-18,39.087501525878906,39.73749923706055,38.95000076293945,39.73749923706055,37.95372772216797,26278092
2024-04-19,38.525001525878906,38.537498474121094,37.375,37.724998474121094,36.03156661987305,121590104
2024-04-22,37.599998474121094,37.9375,37.42499923706055,37.61249923706055,35.92411422729492,37041220
2024-04-23,38.037498474121094,38.11249923706055,37.82500076293945,37.974998474121094,36.27034378051758,21648704
2024-04-24,38.5,39.125,38.5,39.087501525878906,37.332908630371094,30701016
2024-04-25,38.525001525878906,38.61249923706055,38.3125,38.375,36.65238952636719,18805640
2024-04-26,39.0,39.20000076293945,38.875,39.0,37.249332427978516,23018032
2024-04-29,39.32500076293945,39.775001525878906,39.32500076293945,39.70000076293945,37.91791534423828,30810776
2024-04-30,39.650001525878906,39.837501525878906,39.5625,39.5625,37.78658676147461,17931740
2024-05-02,39.337501525878906,39.337501525878906,39.0,39.037498474121094,37.28514862060547,24868108
2024-05-03,39.63750076293945,39.662498474121094,39.11249923706055,39.23749923706055,37.476173400878906,22758784
2024-05-06,39.75,40.037498474121094,39.75,39.79999923706055,38.013423919677734,34385032
2024-05-07,40.0625,40.13750076293945,39.875,40.025001525878906,38.22832489013672,24914944
2024-05-08,40.0,40.20000076293945,39.912498474121094,40.17499923706055,38.37158966064453,23909068
2024-05-09,40.1875,40.3125,40.099998474121094,40.125,38.32383346557617,20302276
2024-05-10,40.3125,40.525001525878906,40.13750076293945,40.412498474121094,38.598426818847656,38735812
2024-05-13,40.837501525878906,40.974998474121094,40.73749923706055,40.82500076293945,38.99241638183594,36463372
2024-05-14,40.79999923706055,41.11249923706055,40.67499923706055,41.099998474121094,39.25506591796875,30997876
2024-05-15,41.400001525878906,41.962501525878906,41.375,41.662498474121094,39.79231643676758,58324000
2024-05-16,42.23749923706055,42.4375,41.775001525878906,41.86249923706055,39.98333740234375,48239680
2024-05-17,41.88750076293945,41.92499923706055,41.67499923706055,41.8125,39.935577392578125,18716540
2024-05-20,41.8125,41.849998474121094,41.32500076293945,41.79999923706055,39.92364501953125,27022924
2024-05-21,41.599998474121094,41.787498474121094,41.462501525878906,41.75,39.875892639160156,17396092
2024-05-22,41.79999923706055,42.5,41.79999923706055,42.5,40.592220306396484,25594296
2024-05-23,42.57500076293945,42.86249923706055,42.5,42.82500076293945,40.90263748168945,24008260
2024-05-24,42.32500076293945,42.70000076293945,42.32500076293945,42.650001525878906,40.73548889160156,14620304
2024-05-27,42.9375,43.349998474121094,42.9375,43.23749923706055,41.29661560058594,22741680
2024-05-28,43.23749923706055,43.349998474121094,43.125,43.29999923706055,41.35631561279297,22098816
2024-05-29,43.11249923706055,43.125,42.63750076293945,42.712501525878906,40.79518508911133,27187816
2024-05-30,42.0,42.25,41.92499923706055,41.974998474121094,40.09078598022461,37110048
2024-05-31,42.0625,42.224998474121094,41.5,41.5,39.637115478515625,33146844
2024-06-03,42.162498474121094,42.4375,41.82500076293945,42.38750076293945,40.48477554321289,35980328
2024-06-04,42.1875,42.1875,41.625,41.712501525878906,39.8400764465332,31950448
2024-06-05,41.849998474121094,42.20000076293945,41.537498474121094,42.11249923706055,40.22211456298828,18128396
2024-06-06,43.1875,43.650001525878906,43.162498474121094,43.54999923706055,41.595088958740234,68229592
2024-06-07,43.32500076293945,43.349998474121094,43.099998474121094,43.212501525878906,41.272743225097656,27000588
2024-06-11,43.287498474121094,43.5625,43.224998474121094,43.32500076293945,41.38018798828125,43428272
2024-06-12,43.32500076293945,44.11249923706055,43.32500076293945,44.099998474121094,42.120399475097656,30368844
2024-06-13,44.724998474121094,45.125,44.45000076293945,44.73749923706055,42.729278564453125,64426456
2024-06-14,44.73749923706055,45.0,44.45000076293945,45.0,42.980003356933594,25992432
2024-06-17,44.79999923706055,45.11249923706055,44.70000076293945,45.0,42.980003356933594,32511172
2024-06-18,45.625,45.76250076293945,45.5,45.75,43.69633102416992,26253244
2024-06-19,46.1875,47.224998474121094,46.1875,46.98749923706055,44.8782844543457,101354688
2024-06-20,46.98749923706055,47.4375,46.95000076293945,47.4375,45.30808639526367,45286572
2024-06-21,46.775001525878906,47.29999923706055,46.73749923706055,47.150001525878906,45.03349304199219,40956144
2024-06-24,46.625,46.625,45.88750076293945,46.0,43.93510818481445,52787124
2024-06-25,45.48749923706055,45.974998474121094,45.20000076293945,45.974998474121094,43.911231994628906,52138524
2024-06-26,46.23749923706055,46.525001525878906,46.0625,46.337501525878906,44.25746154785156,35664104
2024-06-27,45.900001525878906,46.32500076293945,45.849998474121094,46.32500076293945,44.24552536010742,24876244
2024-06-28,46.32500076293945,46.849998474121094,46.162498474121094,46.61249923706055,44.520118713378906,16587884
2024-07-01,46.63750076293945,47.01250076293945,46.5625,46.650001525878906,44.555931091308594,29279212
2024-07-02,46.48749923706055,46.6875,46.125,46.337501525878906,44.25746154785156,21777344
2024-07-03,46.900001525878906,46.900001525878906,46.599998474121094,46.900001525878906,44.794715881347656,25915028
2024-07-04,47.650001525878906,48.162498474121094,47.650001525878906,48.125,45.964725494384766,50576828
2024-07-05,48.150001525878906,48.212501525878906,47.88750076293945,47.95000076293945,45.797576904296875,38933332
2024-07-08,47.974998474121094,49.625,47.962501525878906,49.462501525878906,47.242183685302734,69409868
2024-07-09,49.36249923706055,50.01250076293945,48.86249923706055,49.412498474121094,47.194427490234375,61955156
2024-07-10,49.23749923706055,49.599998474121094,48.75,49.587501525878906,47.361576080322266,28674444
2024-07-11,50.162498474121094,50.70000076293945,50.0,50.6875,48.412193298339844,39186920
2024-07-12,49.54999923706055,49.587501525878906,49.0,49.087501525878906,46.88401794433594,56633068
2024-07-15,49.412498474121094,49.525001525878906,49.025001525878906,49.17499923706055,46.96759033203125,39160740
2024-07-16,49.13750076293945,49.75,49.0,49.212501525878906,47.243587493896484,53022152
2024-07-17,49.099998474121094,49.125,48.400001525878906,48.525001525878906,46.58359146118164,57959112
2024-07-18,47.150001525878906,47.724998474121094,47.04999923706055,47.650001525878906,45.74359893798828,71520052
2024-07-19,47.1875,47.25,46.54999923706055,46.5625,44.699607849121094,65815640
2024-07-22,46.349998474121094,46.349998474121094,45.01250076293945,45.17499923706055,43.367618560791016,84847384
2024-07-23,45.92499923706055,46.57500076293945,45.92499923706055,46.57500076293945,44.71160888671875,50108316
2024-07-26,44.51250076293945,44.86249923706055,44.275001525878906,44.75,42.959625244140625,103626472
2024-07-29,45.45000076293945,45.5,44.98749923706055,45.150001525878906,43.343624114990234,39785056
2024-07-30,44.8125,45.32500076293945,44.375,45.150001525878906,43.343624114990234,52429524
2024-07-31,44.712501525878906,45.287498474121094,44.650001525878906,45.212501525878906,43.403621673583984,36314216
2024-08-01,46.25,46.275001525878906,45.67499923706055,46.0,44.159610748291016,56246796
2024-08-02,44.537498474121094,44.724998474121094,43.67499923706055,43.67499923706055,41.92763137817383,118827260
2024-08-05,41.662498474121094,41.662498474121094,39.599998474121094,39.6875,38.099666595458984,222308816
2024-08-06,41.82500076293945,42.599998474121094,40.20000076293945,41.875,40.199649810791016,252563844
2024-08-07,42.462501525878906,43.6875,42.25,43.537498474121094,41.795631408691406,127298960
2024-08-08,42.76250076293945,43.099998474121094,42.25,42.63750076293945,40.931640625,103364420
2024-08-09,43.75,44.224998474121094,43.625,43.962501525878906,42.20363235473633,93415024
2024-08-12,44.3125,44.95000076293945,44.3125,44.51250076293945,42.73162841796875,70286956
2024-08-13,44.82500076293945,44.875,44.5,44.625,42.839630126953125,43433840
2024-08-14,45.087501525878906,45.462501525878906,44.98749923706055,45.1875,43.37962341308594,74857276
2024-08-15,45.150001525878906,45.25,44.76250076293945,44.837501525878906,43.04362487792969,45926588
2024-08-16,45.75,45.912498474121094,45.587501525878906,45.849998474121094,44.0156135559082,52823660
2024-08-19,45.875,46.17499923706055,45.787498474121094,45.912498474121094,44.07561111450195,37122372
2024-08-20,46.150001525878906,46.29999923706055,45.92499923706055,45.9375,44.099609375,43139504
2024-08-21,45.75,45.76250076293945,45.36249923706055,45.45000076293945,43.63161849975586,46736568
2024-08-22,45.525001525878906,45.650001525878906,45.087501525878906,45.212501525878906,43.403621673583984,20872828
2024-08-23,44.75,45.337501525878906,44.724998474121094,45.23749923706055,43.42761993408203,31773940
2024-08-26,45.599998474121094,45.849998474121094,45.20000076293945,45.3125,43.4996223449707,45593952
2024-08-27,45.099998474121094,45.224998474121094,44.9375,45.11249923706055,43.3076171875,21167864
2024-08-28,45.125,45.75,44.962501525878906,45.75,43.91961669921875,21989684
2024-08-29,44.875,45.287498474121094,44.787498474121094,45.125,43.319618225097656,43063780
2024-08-30,45.23749923706055,45.51250076293945,45.162498474121094,45.337501525878906,43.52362060546875,32202952
2024-09-02,45.474998474121094,45.61249923706055,45.125,45.212501525878906,43.403621673583984,32057896
2024-09-03,45.25,45.375,44.92499923706055,45.01250076293945,43.21162414550781,38411312
2024-09-04,42.75,43.45000076293945,42.5,42.8125,41.099639892578125,119635984
2024-09-05,43.212501525878906,43.662498474121094,42.9375,43.07500076293945,41.35163879394531,35275304
2024-09-06,43.25,43.724998474121094,42.962501525878906,43.6875,41.93962860107422,34331020
2024-09-09,42.599998474121094,43.025001525878906,42.57500076293945,43.01250076293945,41.2916374206543,60735940
2024-09-10,43.349998474121094,43.349998474121094,42.787498474121094,43.087501525878906,41.36363983154297,37207812
2024-09-11,43.087501525878906,43.125,42.875,42.962501525878906,41.2436408996582,20056236
2024-09-12,44.025001525878906,44.662498474121094,44.025001525878906,44.57500076293945,42.7916259765625,62978008
2024-09-13,44.75,44.837501525878906,44.462501525878906,44.599998474121094,42.81562042236328,18047504
2024-09-16,44.650001525878906,44.79999923706055,44.57500076293945,44.6875,42.89962387084961,23507632
2024-09-18,44.625,44.775001525878906,44.13750076293945,44.462501525878906,42.68362808227539,36769256
2024-09-19,44.5,45.04999923706055,44.25,45.037498474121094,43.23562240600586,32440304
2024-09-20,45.775001525878906,46.025001525878906,45.61249923706055,45.61249923706055,43.78761672973633,54531520
2024-09-23,45.63750076293945,45.912498474121094,45.63750076293945,45.8125,43.979610443115234,31601992
2024-09-24,45.79999923706055,46.25,45.525001525878906,46.25,44.39960861206055,39809384
2024-09-25,46.92499923706055,47.0,46.837501525878906,46.9375,45.059608459472656,46692004
2024-09-26,47.400001525878906,47.5,47.1875,47.32500076293945,45.431602478027344,66903724
2024-09-27,47.54999923706055,47.8125,47.150001525878906,47.224998474121094,45.335601806640625,45613256
2024-09-30,46.63750076293945,46.79999923706055,45.98749923706055,45.98749923706055,44.14760971069336,52747800
2024-10-01,45.974998474121094,46.150001525878906,45.837501525878906,45.900001525878906,44.06361389160156,37640876
2024-10-04,46.0,46.32500076293945,45.75,45.900001525878906,44.06361389160156,35462652
2024-10-07,46.45000076293945,47.04999923706055,46.45000076293945,47.037498474121094,45.15559768676758,53806008
2024-10-08,46.73749923706055,46.837501525878906,46.375,46.8125,44.939605712890625,37917328
2024-10-09,47.25,47.54999923706055,47.25,47.25,45.35960388183594,45188240
2024-10-11,47.26250076293945,48.20000076293945,47.26250076293945,48.037498474121094,46.11559295654297,49226984
2024-10-14,48.025001525878906,48.224998474121094,47.73749923706055,48.07500076293945,46.15159606933594,40439036
2024-10-15,48.25,49.150001525878906,48.25,49.099998474121094,47.13558578491211,59070828
2024-10-16,48.11249923706055,48.82500076293945,47.912498474121094,48.25,46.3195915222168,71201552
2024-10-17,48.5,48.525001525878906,47.974998474121094,48.32500076293945,46.391597747802734,38164820
2024-10-18,49.82500076293945,50.04999923706055,49.3125,49.525001525878906,47.543582916259766,129283608
2024-10-21,49.76250076293945,49.98749923706055,49.5,49.51250076293945,47.531585693359375,52918584
2024-10-22,49.29999923706055,49.32500076293945,48.837501525878906,49.32500076293945,47.35158920288086,33857660
2024-10-23,49.17499923706055,49.224998474121094,48.912498474121094,49.0,47.039588928222656,37794896
2024-10-24,49.0,49.17499923706055,48.625,48.70000076293945,46.751590728759766,32493848
2024-10-25,48.75,49.13750076293945,48.75,49.099998474121094,47.13558578491211,50566572
2024-10-28,49.474998474121094,49.537498474121094,48.73749923706055,49.01250076293945,47.05158996582031,45978476
2024-10-29,48.3125,48.3125,47.54999923706055,47.875,45.9595947265625,96980096
2024-10-30,48.23749923706055,48.51250076293945,47.875,47.95000076293945,46.03159713745117,56626752
2024-11-01,46.537498474121094,47.63750076293945,46.48749923706055,47.625,45.719600677490234,78483628
2024-11-04,47.76250076293945,48.29999923706055,47.70000076293945,48.23749923706055,46.30759048461914,29118288
2024-11-05,47.88750076293945,48.67499923706055,47.849998474121094,48.412498474121094,46.47559356689453,40432828
2024-11-06,48.51250076293945,49.51250076293945,48.375,48.79999923706055,46.847591400146484,66825504
2024-11-07,48.724998474121094,49.51250076293945,48.625,49.36249923706055,47.3875846862793,53994208
2024-11-08,49.849998474121094,50.0,49.67499923706055,49.75,47.75958251953125,51800604
2024-11-11,49.712501525878906,49.775001525878906,49.20000076293945,49.775001525878906,47.7835807800293,49456052
2024-11-12,48.79999923706055,48.962501525878906,48.5,48.5,46.559593200683594,105088348
2024-11-13,48.462501525878906,48.5,48.125,48.1875,46.25959396362305,36778360
2024-11-14,48.07500076293945,48.125,47.525001525878906,47.75,45.839599609375,48586460
2024-11-15,48.01250076293945,48.212501525878906,47.712501525878906,48.087501525878906,46.163597106933594,29542324
2024-11-18,47.86249923706055,47.92499923706055,47.400001525878906,47.412498474121094,45.515602111816406,53578064
2024-11-19,47.67499923706055,48.23749923706055,47.54999923706055,48.0625,46.13959503173828,30473284
2024-11-20,47.86249923706055,47.86249923706055,47.86249923706055,47.86249923706055,45.94759750366211,312000
2024-11-21,47.5,47.537498474121094,47.150001525878906,47.337501525878906,45.443603515625,63506468
2024-11-22,47.775001525878906,48.29999923706055,47.775001525878906,48.26250076293945,46.33159637451172,31862348
2024-11-25,48.67499923706055,48.6875,48.0625,48.087501525878906,46.163597106933594,31306652
2024-11-26,47.525001525878906,47.57500076293945,47.20000076293945,47.462501525878906,45.563602447509766,45563288
2024-11-27,47.287498474121094,47.36249923706055,46.75,46.775001525878906,44.90360641479492,56290744
2024-11-28,46.75,46.775001525878906,46.36249923706055,46.70000076293945,44.831607818603516,52436456
2024-11-29,46.23749923706055,47.0,46.125,46.8125,44.939605712890625,32512880
2024-12-02,47.125,47.92499923706055,47.125,47.92499923706055,46.007598876953125,42176312
2024-12-03,48.57500076293945,48.712501525878906,48.4375,48.57500076293945,46.631591796875,39812424
2024-12-04,48.67499923706055,48.86249923706055,48.51250076293945,48.86249923706055,46.907588958740234,25820996
2024-12-05,48.9375,49.150001525878906,48.912498474121094,49.125,47.159584045410156,29784812
2024-12-06,49.125,49.17499923706055,48.75,48.9375,46.979591369628906,27238024
2024-12-09,49.037498474121094,49.0625,48.92499923706055,49.0,47.039588928222656,18559456
2024-12-10,48.9375,49.11249923706055,48.63750076293945,48.650001525878906,46.70359420776367,17909228
2024-12-11,48.25,48.5625,48.150001525878906,48.224998474121094,46.29559326171875,26858756
2024-12-12,48.724998474121094,48.9375,48.61249923706055,48.787498474121094,46.83558654785156,20108964
2024-12-13,48.662498474121094,48.900001525878906,48.525001525878906,48.82500076293945,46.87158966064453,18081708
2024-12-16,49.25,49.412498474121094,48.9375,49.025001525878906,47.06359100341797,29374368
2024-12-17,49.275001525878906,49.51250076293945,49.1875,49.275001525878906,47.3035888671875,37176916
2024-12-18,49.20000076293945,49.462501525878906,48.900001525878906,49.275001525878906,47.3035888671875,26215508
2024-12-19,48.587501525878906,48.70000076293945,48.38750076293945,48.599998474121094,46.65559005737305,52180188
2024-12-20,48.4375,48.4375,48.0,48.150001525878906,46.22359848022461,44493576
2024-12-23,48.67499923706055,49.32500076293945,48.625,49.3125,47.33958435058594,44704264
2024-12-24,49.625,49.775001525878906,49.375,49.45000076293945,47.47158432006836,32783608
2024-12-25,49.625,49.625,49.36249923706055,49.599998474121094,47.615577697753906,23624492
2024-12-26,49.599998474121094,49.625,49.5,49.5625,47.57958221435547,19214244
2024-12-27,49.400001525878906,49.76250076293945,49.32500076293945,49.724998474121094,47.7355842590332,27949668
2024-12-30,49.537498474121094,49.662498474121094,49.412498474121094,49.45000076293945,47.47158432006836,34709064
2024-12-31,49.17499923706055,49.224998474121094,48.900001525878906,48.9375,46.979591369628906,31346136
2025-01-02,48.912498474121094,48.912498474121094,48.3125,48.51250076293945,46.571590423583984,51190808
2025-01-03,49.0,49.23749923706055,48.79999923706055,49.0,47.039588928222656,28453484
2025-01-06,49.662498474121094,50.57500076293945,49.650001525878906,50.537498474121094,48.51557922363281,98511172
2025-01-07,51.23749923706055,51.5,51.0625,51.099998474121094,49.05556869506836,63775376
2025-01-08,50.662498474121094,50.837501525878906,50.26250076293945,50.337501525878906,48.32357406616211,47422868
2025-01-09,50.04999923706055,50.287498474121094,49.75,49.76250076293945,47.771583557128906,33722620
2025-01-10,49.75,49.88750076293945,49.5,49.75,47.75958251953125,33285296
2025-01-13,49.75,49.75,48.525001525878906,48.599998474121094,46.65559005737305,83504716
2025-01-14,48.67499923706055,48.974998474121094,48.51250076293945,48.900001525878906,46.94358825683594,43511100
2025-01-15,49.0,49.0,48.4375,48.525001525878906,46.58359146118164,69536468
2025-01-16,49.474998474121094,49.875,49.349998474121094,49.51250076293945,47.531585693359375,62348392
2025-01-17,49.25,49.337501525878906,48.599998474121094,49.07500076293945,47.76272964477539,60550264
2025-01-20,49.287498474121094,49.662498474121094,49.287498474121094,49.57500076293945,48.24936294555664,29670284
2025-01-21,49.32500076293945,49.79999923706055,49.17499923706055,49.67499923706055,48.3466911315918,42450952
2025-01-22,50.07500076293945,50.42499923706055,50.07500076293945,50.32500076293945,48.979305267333984,51457596
2025-02-03,48.07500076293945,48.25,47.662498474121094,48.17499923706055,46.88679504394531,223159112
2025-02-04,48.412498474121094,48.63750076293945,48.26250076293945,48.462501525878906,47.1666145324707,77136476
2025-02-05,48.9375,49.45000076293945,48.9375,49.20000076293945,47.88439178466797,60958500
2025-02-06,49.5,49.599998474121094,49.275001525878906,49.412498474121094,48.09120559692383,44838828
2025-02-07,49.412498474121094,49.650001525878906,49.275001525878906,49.63750076293945,48.3101921081543,22434376
2025-02-10,49.54999923706055,49.54999923706055,49.025001525878906,49.07500076293945,47.76272964477539,65528040
2025-02-11,49.375,49.625,49.25,49.375,48.054710388183594,19842444
2025-02-12,49.5,49.662498474121094,49.25,49.29999923706055,47.981712341308594,27301116
2025-02-13,49.32500076293945,49.349998474121094,48.88750076293945,49.087501525878906,47.774898529052734,56673980
2025-02-14,48.787498474121094,48.787498474121094,48.375,48.5,47.20310974121094,92217264
2025-02-17,48.6875,49.23749923706055,48.6875,49.23749923706055,47.9208869934082,46591960
2025-02-18,49.474998474121094,49.474998474121094,49.150001525878906,49.412498474121094,48.09120559692383,32278676
2025-02-19,49.412498474121094,49.474998474121094,49.25,49.32500076293945,48.00605010986328,47313232
2025-02-20,49.23749923706055,49.23749923706055,48.775001525878906,49.13750076293945,47.82356262207031,55359052
2025-02-21,49.125,49.48749923706055,48.974998474121094,49.48749923706055,48.16420364379883,33879192
2025-02-24,49.037498474121094,49.099998474121094,48.875,49.04999923706055,47.738399505615234,49672024
2025-02-25,48.5,48.51250076293945,48.150001525878906,48.412498474121094,47.11794662475586,106710684
2025-02-26,48.224998474121094,48.67499923706055,47.974998474121094,48.67499923706055,47.37342834472656,73176320
2025-02-27,48.73749923706055,48.73749923706055,48.087501525878906,48.125,46.838134765625,74694820
2025-03-03,47.20000076293945,47.25,46.70000076293945,47.01250076293945,45.7553825378418,221959024
2025-03-04,46.25,46.8125,46.162498474121094,46.70000076293945,45.45124053955078,114655652
2025-03-05,47.0,47.375,47.0,47.3125,46.047359466552734,51369564
2025-03-06,47.337501525878906,47.337501525878906,46.837501525878906,47.025001525878906,45.76755142211914,56890884
2025-03-07,46.70000076293945,46.75,46.45000076293945,46.587501525878906,45.34175109863281,68483412
2025-03-10,46.587501525878906,46.587501525878906,46.087501525878906,46.3125,45.074100494384766,79006576
2025-03-11,45.1875,45.525001525878906,44.775001525878906,45.5,44.283329010009766,134191768
2025-03-12,45.525001525878906,46.099998474121094,45.400001525878906,45.70000076293945,44.47798156738281,51035508
2025-03-13,46.29999923706055,46.462501525878906,45.26250076293945,45.275001525878906,44.06434631347656,52268912
2025-03-14,45.275001525878906,45.287498474121094,44.88750076293945,45.125,43.91835403442383,49198232
2025-03-17,45.63750076293945,45.875,45.400001525878906,45.51250076293945,44.295494079589844,43897376
2025-03-18,45.775001525878906,45.962501525878906,45.587501525878906,45.70000076293945,44.47798156738281,30603120
2025-03-19,45.650001525878906,45.662498474121094,45.025001525878906,45.13750076293945,43.93052291870117,46763368
2025-03-20,45.61249923706055,46.11249923706055,45.61249923706055,46.11249923706055,44.87944793701172,30658212
2025-03-21,46.0,46.0,45.625,45.73749923706055,44.51447677612305,28538176
2025-03-24,46.099998474121094,46.099998474121094,45.57500076293945,45.6875,44.46581268310547,29239460
2025-03-25,46.162498474121094,46.375,46.0,46.162498474121094,44.92810821533203,31256652
2025-03-26,46.29999923706055,46.349998474121094,45.962501525878906,46.125,44.8916130065918,26915048
2025-03-27,45.375,45.400001525878906,45.11249923706055,45.25,44.04001235961914,69966552
2025-03-28,44.787498474121094,44.82500076293945,44.5,44.79999923706055,43.602046966552734,78993236
2025-03-31,43.400001525878906,43.5625,43.04999923706055,43.1875,42.03266525268555,146065632
2025-04-01,43.400001525878906,44.13750076293945,43.400001525878906,44.07500076293945,42.89643096923828,47284600
2025-04-02,44.212501525878906,44.337501525878906,44.0,44.0,42.82343673706055,41725300
2025-04-07,39.599998474121094,39.599998474121094,39.599998474121094,39.599998474121094,38.54109191894531,92658524
2025-04-08,37.79999923706055,39.36249923706055,37.63750076293945,38.3125,37.288021087646484,321307308
2025-04-09,38.125,38.537498474121094,36.25,36.54999923706055,35.57265090942383,300494796
2025-04-10,40.20000076293945,40.20000076293945,40.20000076293945,40.20000076293945,39.12504959106445,22371068
2025-04-11,39.3125,41.13750076293945,38.837501525878906,41.13750076293945,40.03748321533203,189919436
2025-04-14,42.125,42.17499923706055,40.875,40.92499923706055,39.83066177368164,175434800
2025-04-15,41.01250076293945,41.375,40.82500076293945,41.337501525878906,40.23213577270508,73965868
2025-04-16,40.95000076293945,40.95000076293945,40.349998474121094,40.587501525878906,39.5021858215332,98068248
2025-04-17,40.32500076293945,40.32500076293945,39.86249923706055,40.13750076293945,39.06422424316406,72955972
2025-04-18,40.349998474121094,40.45000076293945,40.150001525878906,40.224998474121094,39.14937973022461,44335540
2025-04-21,40.1875,40.1875,39.625,39.650001525878906,38.589759826660156,62867512
2025-04-22,39.38750076293945,39.474998474121094,38.98749923706055,38.98749923706055,37.944969177246094,75640860
2025-04-23,40.07500076293945,40.775001525878906,40.07500076293945,40.712501525878906,39.623844146728516,63235952
2025-04-24,40.974998474121094,41.01250076293945,40.32500076293945,40.474998474121094,39.392696380615234,53776468
2025-04-25,41.54999923706055,41.73749923706055,41.375,41.4375,40.32946014404297,70563724
2025-04-28,41.70000076293945,41.875,41.70000076293945,41.787498474121094,40.67009735107422,48371852
2025-04-29,41.787498474121094,42.0,41.625,41.95000076293945,40.82825469970703,43388416
2025-04-30,41.962501525878906,42.25,41.875,42.150001525878906,41.02290344238281,37552524
2025-05-02,43.0,43.375,42.875,43.375,42.21514892578125,57160960
2025-05-05,43.650001525878906,43.650001525878906,42.474998474121094,42.98749923706055,41.838008880615234,127935288
2025-05-06,42.48749923706055,43.025001525878906,42.337501525878906,42.75,41.60686492919922,116316784
2025-05-07,42.95000076293945,43.125,42.48749923706055,42.587501525878906,41.448707580566406,53137384
2025-05-08,43.01250076293945,43.29999923706055,42.900001525878906,43.150001525878906,41.99616622924805,39311228
2025-05-09,43.17499923706055,43.73749923706055,43.087501525878906,43.6875,42.519290924072266,51888384
2025-05-12,43.875,44.25,43.875,44.17499923706055,42.99375915527344,53767756
2025-05-13,45.212501525878906,45.275001525878906,44.712501525878906,44.712501525878906,43.51688766479492,79922716
2025-05-14,45.462501525878906,45.724998474121094,45.337501525878906,45.724998474121094,44.5023078918457,90203212
2025-05-15,45.724998474121094,45.724998474121094,45.5,45.625,44.40498352050781,45677800
2025-05-16,45.5625,45.79999923706055,45.42499923706055,45.75,44.526641845703125,37815732
2025-05-19,45.662498474121094,45.662498474121094,45.087501525878906,45.11249923706055,43.906185150146484,37940744
2025-05-20,45.462501525878906,45.599998474121094,45.125,45.20000076293945,43.99134826660156,21364336
2025-05-21,45.224998474121094,45.962501525878906,45.224998474121094,45.900001525878906,44.672630310058594,54450212
2025-05-22,45.51250076293945,45.51250076293945,45.150001525878906,45.400001525878906,44.186004638671875,33358772
2025-05-23,45.6875,45.70000076293945,45.04999923706055,45.212501525878906,44.003517150878906,26094416
2025-05-26,45.162498474121094,45.375,45.07500076293945,45.162498474121094,43.95484924316406,55195720
2025-05-27,45.162498474121094,45.162498474121094,44.5,44.76250076293945,43.56554412841797,48275072
2025-05-28,45.224998474121094,45.337501525878906,44.57500076293945,44.837501525878906,43.638545989990234,32309448
2025-05-29,45.375,45.42499923706055,44.82500076293945,44.9375,43.73586654663086,36265824
2025-06-02,44.5,44.51250076293945,43.8125,43.974998474121094,42.79910659790039,70595756
2025-06-03,44.375,44.70000076293945,44.25,44.287498474121094,43.103248596191406,28229464
2025-06-04,44.82500076293945,45.32500076293945,44.787498474121094,45.32500076293945,44.11301040649414,45804932
2025-06-05,45.5,45.662498474121094,45.375,45.412498474121094,44.19816589355469,40696376
2025-06-06,45.474998474121094,45.599998474121094,45.375,45.48749923706055,44.27116394042969,32768028
2025-06-09,45.849998474121094,46.01250076293945,45.76250076293945,45.92499923706055,44.696964263916016,52629020
2025-06-10,46.224998474121094,47.224998474121094,46.224998474121094,47.162498474121094,45.9013671875,116037804
2025-06-11,47.162498474121094,47.162498474121094,47.162498474121094,47.162498474121094,45.9013671875,0
2025-06-12,47.162498474121094,47.162498474121094,47.162498474121094,47.162498474121094,45.9013671875,0
2025-06-13,47.162498474121094,47.162498474121094,47.162498474121094,47.162498474121094,45.9013671875,0
2025-06-16,47.162498474121094,47.162498474121094,47.162498474121094,47.162498474121094,45.9013671875,0
2025-06-17,47.162498474121094,47.162498474121094,47.162498474121094,47.162498474121094,45.9013671875,0
2025-06-18,47.5,47.720001220703125,47.13999938964844,47.56999969482422,46.297977447509766,244697327
2025-06-19,47.5,47.54999923706055,47.02000045776367,47.099998474121094,45.84054183959961,166284920
2025-06-20,47.099998474121094,47.15999984741211,46.689998626708984,47.029998779296875,45.77241134643555,80561608
2025-06-23,46.540000915527344,46.65999984741211,46.279998779296875,46.63999938964844,45.392845153808594,101938627
2025-06-24,47.29999923706055,47.4900016784668,47.29999923706055,47.4900016784668,46.220115661621094,54574616
2025-06-25,47.900001525878906,48.18000030517578,47.88999938964844,48.18000030517578,46.891666412353516,77814637
2025-06-26,48.29999923706055,48.45000076293945,48.16999816894531,48.2400016784668,46.9500617980957,77281242
2025-06-27,48.31999969482422,48.369998931884766,48.0,48.290000915527344,46.998722076416016,94190611
2025-06-30,48.369998931884766,48.41999816894531,48.2400016784668,48.36000061035156,47.06685256958008,59086358
2025-07-01,48.380001068115234,49.150001525878906,48.380001068115234,48.63999938964844,47.339359283447266,74674904
2025-07-02,48.56999969482422,48.75,48.380001068115234,48.650001525878906,47.349098205566406,75071035
2025-07-03,49.349998474121094,49.599998474121094,49.2599983215332,49.31999969482422,48.001182556152344,61179330
2025-07-04,49.400001525878906,49.4900016784668,48.83000183105469,48.86000061035156,47.55348205566406,73712387
2025-07-07,48.81999969482422,48.81999969482422,48.439998626708984,48.56999969482422,47.27123260498047,78503277
2025-07-08,48.45000076293945,48.5099983215332,48.209999084472656,48.349998474121094,47.0571174621582,50214875
2025-07-09,48.349998474121094,48.9900016784668,48.27000045776367,48.849998474121094,47.54374694824219,38540142
2025-07-10,49.0,49.470001220703125,48.9900016784668,49.40999984741211,48.088775634765625,53089295
2025-07-11,49.36000061035156,49.630001068115234,49.279998779296875,49.619998931884766,48.29315948486328,44752569
2025-07-14,49.59000015258789,49.59000015258789,49.209999084472656,49.33000183105469,48.01091384887695,62300823
2025-07-15,49.349998474121094,50.099998474121094,49.33000183105469,50.0,48.66299819946289,68008041
2025-07-16,50.150001525878906,50.70000076293945,50.150001525878906,50.400001525878906,49.052303314208984,90231230
2025-07-17,50.599998474121094,50.79999923706055,50.29999923706055,50.70000076293945,49.34428024291992,88235423
2025-07-18,51.400001525878906,51.599998474121094,51.29999923706055,51.45000076293945,50.07422637939453,105861549
2025-07-21,51.099998474121094,51.099998474121094,50.75,50.900001525878906,49.888004302978516,75792981
2025-07-22,50.900001525878906,51.29999923706055,50.45000076293945,50.54999923706055,49.544960021972656,88841474
2025-07-23,50.599998474121094,50.849998474121094,50.54999923706055,50.70000076293945,49.69198226928711,63766890
2025-07-24,51.0,51.099998474121094,50.79999923706055,51.0,49.98601531982422,79659820
2025-07-25,51.0,51.099998474121094,50.79999923706055,50.900001525878906,49.888004302978516,38620389
2025-07-28,51.20000076293945,51.400001525878906,50.900001525878906,51.04999923706055,50.03501892089844,52312766
2025-07-29,51.04999923706055,51.04999923706055,50.25,50.45000076293945,49.44694900512695,102624231
2025-07-30,50.79999923706055,51.099998474121094,50.650001525878906,51.0,49.98601531982422,82807206
2025-07-31,51.099998474121094,51.599998474121094,51.099998474121094,51.54999923706055,50.525081634521484,81565859
2025-08-01,50.79999923706055,51.20000076293945,50.650001525878906,51.099998474121094,50.084022521972656,98235777
2025-08-04,50.650001525878906,50.79999923706055,50.400001525878906,50.79999923706055,49.78998947143555,85556033
2025-08-05,51.25,51.45000076293945,51.04999923706055,51.45000076293945,50.427066802978516,46655329
2025-08-06,51.099998474121094,51.099998474121094,50.849998474121094,51.0,49.98601531982422,48326240
2025-08-07,51.650001525878906,52.599998474121094,51.650001525878906,52.45000076293945,51.407188415527344,125733157
2025-08-08,52.54999923706055,52.599998474121094,52.29999923706055,52.45000076293945,51.407188415527344,59604000
2025-08-11,52.349998474121094,53.099998474121094,52.04999923706055,52.849998474121094,51.799232482910156,71600855
2025-08-12,52.849998474121094,53.0,52.54999923706055,52.900001525878906,51.84823989868164,57519835
2025-08-13,53.150001525878906,53.400001525878906,52.95000076293945,53.349998474121094,52.28928756713867,75956144
2025-08-14,53.20000076293945,53.29999923706055,52.95000076293945,53.150001525878906,52.09326934814453,57038858
2025-08-15,53.150001525878906,53.29999923706055,52.79999923706055,53.150001525878906,52.09326934814453,52736409
2025-08-18,52.95000076293945,53.349998474121094,52.79999923706055,53.29999923706055,52.24028778076172,46297216
2025-08-19,53.29999923706055,53.29999923706055,53.04999923706055,53.20000076293945,52.142276763916016,29425841
2025-08-20,52.54999923706055,52.599998474121094,51.5,51.70000076293945,50.672096252441406,223798736
2025-08-21,51.75,52.099998474121094,51.75,52.0,50.96613311767578,73508730
2025-08-22,52.04999923706055,52.099998474121094,51.650001525878906,51.75,50.72110366821289,44549133
2025-08-25,52.45000076293945,52.95000076293945,52.349998474121094,52.70000076293945,51.652217864990234,62750061
2025-08-26,52.54999923706055,52.849998474121094,52.29999923706055,52.75,51.70121765136719,40863870
2025-08-27,53.0,53.150001525878906,52.900001525878906,53.0,51.946250915527344,90133682
2025-08-28,52.79999923706055,52.900001525878906,52.5,52.5,51.45619201660156,59176066
2025-08-29,52.79999923706055,52.95000076293945,52.5,52.5,51.45619201660156,36369305
2025-09-01,52.150001525878906,52.45000076293945,51.75,52.0,50.96613311767578,76529981
2025-09-02,52.29999923706055,52.5,51.95000076293945,52.0,50.96613311767578,33217612
2025-09-03,51.900001525878906,52.20000076293945,51.75,51.95000076293945,50.9171257019043,39472404
2025-09-04,52.54999923706055,52.70000076293945,52.25,52.29999923706055,51.26016616821289,37461241
2025-09-05,52.70000076293945,52.900001525878906,52.650001525878906,52.849998474121094,51.799232482910156,37395300
2025-09-08,53.400001525878906,53.54999923706055,53.25,53.349998474121094,52.28928756713867,59980892
2025-09-09,53.54999923706055,53.95000076293945,53.5,53.900001525878906,52.8283576965332,56315324
2025-09-10,54.400001525878906,55.0,54.400001525878906,54.95000076293945,53.85748291015625,73272121
2025-09-11,55.54999923706055,55.900001525878906,55.25,55.45000076293945,54.34754180908203,84750243
2025-09-12,55.75,56.0,55.70000076293945,56.0,54.88660430908203,57457218
2025-09-15,56.0,56.04999923706055,55.79999923706055,56.0,54.88660430908203,52544684
2025-09-16,56.150001525878906,56.849998474121094,56.150001525878906,56.75,55.62169647216797,63314427
2025-09-17,56.599998474121094,56.599998474121094,56.25,56.349998474121094,55.229644775390625,66204045
2025-09-18,56.5,56.95000076293945,56.25,56.95000076293945,55.817718505859375,44089588
2025-09-19,57.0,57.099998474121094,56.599998474121094,57.0,55.866722106933594,71674519
2025-09-22,57.0,57.400001525878906,56.75,57.400001525878906,56.25876998901367,56355369
2025-09-23,57.849998474121094,58.599998474121094,57.849998474121094,58.45000076293945,57.28789520263672,89181458
2025-09-24,58.70000076293945,58.95000076293945,58.099998474121094,58.400001525878906,57.2388916015625,90579906
2025-09-25,58.349998474121094,58.400001525878906,58.0,58.20000076293945,57.04286193847656,56318217
2025-09-26,57.900001525878906,57.900001525878906,56.849998474121094,57.25,56.111751556396484,158564436
2025-09-30,57.54999923706055,57.900001525878906,57.54999923706055,57.79999923706055,56.65081787109375,62389962
2025-10-01,57.900001525878906,58.75,57.900001525878906,58.099998474121094,56.94485092163086,74531798
2025-10-02,59.0,59.25,58.849998474121094,59.20000076293945,58.02298355102539,72057003
2025-10-03,59.20000076293945,60.099998474121094,59.04999923706055,60.04999923706055,58.856082916259766,73601535
2025-10-07,61.0,61.70000076293945,60.900001525878906,61.70000076293945,60.4732780456543,132381054
2025-10-08,61.0,61.150001525878906,60.599998474121094,61.150001525878906,59.93421173095703,112448112
2025-10-09,61.849998474121094,61.95000076293945,61.5,61.599998474121094,60.37526321411133,72911291
2025-10-13,59.900001525878906,61.0,59.599998474121094,61.0,59.787193298339844,261787970
2025-10-14,61.849998474121094,62.150001525878906,60.650001525878906,60.70000076293945,59.493160247802734,157148588
2025-10-15,61.0,61.79999923706055,60.599998474121094,61.79999923706055,60.5712890625,97216134
2025-10-16,62.099998474121094,63.0,62.099998474121094,63.0,61.74742889404297,112923095
2025-10-17,62.04999923706055,62.29999923706055,61.900001525878906,62.04999923706055,60.81631851196289,157583768
2025-10-20,62.349998474121094,63.20000076293945,62.150001525878906,63.099998474121094,61.84543991088867,102880277
2025-10-21,63.400001525878906,63.650001525878906,63.04999923706055,63.20000076293945,61.94345474243164,124931191
2025-10-22,62.599998474121094,62.849998474121094,62.25,62.70000076293945,61.45339584350586,116660310
2025-10-23,62.099998474121094,62.400001525878906,61.75,62.349998474121094,61.1103515625,161355781
2025-10-27,63.75,63.900001525878906,63.45000076293945,63.79999923706055,62.531524658203125,102297434
2025-10-28,63.54999923706055,63.70000076293945,63.20000076293945,63.349998474121094,62.09047317504883,93730892
2025-10-29,63.70000076293945,64.44999694824219,63.70000076293945,64.4000015258789,63.119598388671875,65206490
2025-10-30,64.5999984741211,64.80000305175781,64.0,64.4000015258789,63.119598388671875,91073965
2025-10-31,64.5999984741211,64.80000305175781,64.4000015258789,64.75,63.46263885498047,53629924
2025-11-03,64.44999694824219,64.80000305175781,63.900001525878906,64.1500015258789,62.874568939208984,130638786
2025-11-04,64.5,64.8499984741211,63.849998474121094,63.95000076293945,62.67853927612305,83118781
2025-11-05,62.95000076293945,63.150001525878906,62.29999923706055,63.150001525878906,61.894447326660156,210997899
2025-11-06,63.349998474121094,63.5,63.150001525878906,63.29999923706055,62.041465759277344,65559913
2025-11-07,62.650001525878906,62.75,62.400001525878906,62.54999923706055,61.306373596191406,102458588
2025-11-10,62.79999923706055,63.349998474121094,62.599998474121094,63.349998474121094,62.09047317504883,80256746
2025-11-11,63.650001525878906,63.70000076293945,62.849998474121094,62.900001525878906,61.649417877197266,75382949
2025-11-12,62.95000076293945,63.29999923706055,62.75,63.20000076293945,61.94345474243164,59822193
2025-11-13,62.79999923706055,62.95000076293945,62.599998474121094,62.900001525878906,61.649417877197266,74963633
2025-11-14,61.650001525878906,61.900001525878906,61.400001525878906,61.70000076293945,60.4732780456543,204108022
2025-11-17,62.0,62.20000076293945,61.79999923706055,61.900001525878906,60.66930389404297,86927813
2025-11-18,61.29999923706055,61.29999923706055,60.29999923706055,60.45000076293945,59.248130798339844,240526230
2025-11-19,60.150001525878906,60.5,59.900001525878906,60.04999923706055,58.856082916259766,138705085
2025-11-20,61.54999923706055,61.95000076293945,61.349998474121094,61.900001525878906,60.66930389404297,81330710
2025-11-21,60.099998474121094,60.150001525878906,59.5,59.849998474121094,58.660057067871094,299502200
2025-11-24,60.099998474121094,60.099998474121094,59.45000076293945,59.54999923706055,58.366024017333984,153617414
2025-11-25,60.70000076293945,60.75,60.099998474121094,60.349998474121094,59.150115966796875,61913501
2025-11-26,61.099998474121094,61.5,61.0,61.349998474121094,60.13023376464844,73622900
2025-11-27,61.79999923706055,62.099998474121094,61.650001525878906,61.900001525878906,60.66930389404297,52209933
2025-11-28,61.95000076293945,62.400001525878906,61.849998474121094,62.349998474121094,61.1103515625,66700125
2025-12-01,61.79999923706055,61.95000076293945,61.400001525878906,61.5,60.277252197265625,96548521
2025-12-02,61.79999923706055,62.20000076293945,61.650001525878906,61.70000076293945,60.4732780456543,41397425
2025-12-03,62.400001525878906,62.5,62.099998474121094,62.29999923706055,61.061344146728516,44855416
2025-12-04,62.400001525878906,62.5,62.0,62.20000076293945,60.96333694458008,38785824
2025-12-05,62.45000076293945,62.75,62.349998474121094,62.75,61.502403259277344,45051403
2025-12-08,63.0,63.70000076293945,62.95000076293945,63.70000076293945,62.43351364135742,76124318
2025-12-09,63.79999923706055,63.849998474121094,63.54999923706055,63.599998474121094,62.33549880981445,48271330
2025-12-10,63.70000076293945,64.19999694824219,63.650001525878906,64.05000305175781,62.77655792236328,64151249
2025-12-11,64.30000305175781,64.5,63.20000076293945,63.349998474121094,62.09047317504883,94638653
2025-12-12,63.54999923706055,63.79999923706055,63.29999923706055,63.45000076293945,62.18848419189453,57687594
2025-12-15,62.5,62.849998474121094,62.400001525878906,62.79999923706055,61.5514030456543,105905436
2025-12-16,62.099998474121094,62.25,61.70000076293945,62.25,61.0123405456543,155552766
2025-12-17,62.150001525878906,62.45000076293945,61.849998474121094,61.900001525878906,60.66930389404297,89657544
2025-12-18,61.79999923706055,62.099998474121094,61.54999923706055,61.900001525878906,60.66930389404297,112535790
2025-12-19,62.400001525878906,62.75,62.349998474121094,62.5,61.25737380981445,79433169
2025-12-22,63.29999923706055,63.45000076293945,63.04999923706055,63.400001525878906,62.13947677612305,91596850
2025-12-23,63.5,63.79999923706055,63.5,63.70000076293945,62.43351364135742,100327038
2025-12-24,63.95000076293945,64.05000305175781,63.75,63.849998474121094,62.580528259277344,62393202
2025-12-26,64.19999694824219,64.5,64.0999984741211,64.4000015258789,63.119598388671875,68362335
2025-12-29,64.6500015258789,65.3499984741211,64.5999984741211,65.25,63.952693939208984,83563905
2025-12-30,64.9000015258789,65.30000305175781,64.75,65.1500015258789,63.85468673706055,58116367
2025-12-31,65.0999984741211,65.8499984741211,64.9000015258789,65.5999984741211,64.29573822021484,69494353
2026-01-02,66.0,67.0,65.80000305175781,66.94999694824219,65.618896484375,77878570
2026-01-05,68.0999984741211,70.05000305175781,68.05000305175781,69.5,68.11819458007812,225924687
2026-01-06,69.44999694824219,70.4000015258789,68.94999694824219,70.4000015258789,69.00030517578125,125256215
2026-01-07,70.4000015258789,70.44999694824219,69.69999694824219,69.8499984741211,68.46123504638672,113869755
2026-01-08,69.6500015258789,70.3499984741211,69.4000015258789,70.0999984741211,68.70626831054688,71394567
2026-01-09,69.80000305175781,70.25,68.9000015258789,69.8499984741211,68.46123504638672,106682469
2026-01-12,70.5,70.55000305175781,70.05000305175781,70.3499984741211,68.95130157470703,80365400
2026-01-13,71.0999984741211,71.19999694824219,70.30000305175781,70.69999694824219,69.2943344116211,99445355
2026-01-14,70.94999694824219,71.0999984741211,70.6500015258789,70.75,69.34334564208984,82266008
2026-01-15,70.69999694824219,70.69999694824219,70.1500015258789,70.6500015258789,69.24533081054688,89452635
2026-01-16,71.75,72.0999984741211,71.19999694824219,72.0,70.56849670410156,97268614
2026-01-19,71.69999694824219,72.80000305175781,71.44999694824219,72.5999984741211,71.15656280517578,116848644
2026-01-20,71.9000015258789,72.6500015258789,71.8499984741211,72.5999984741211,71.15656280517578,104977401
2026-01-21,71.80000305175781,72.5,71.69999694824219,71.8499984741211,70.42147064208984,161269608
2026-01-22,71.9000015258789,72.05000305175781,71.5999984741211,71.80000305175781,71.36573028564453,96360058
2026-01-23,72.0999984741211,72.30000305175781,71.80000305175781,72.25,71.81300354003906,68701320
2026-01-26,72.25,72.6500015258789,72.19999694824219,72.25,71.81300354003906,84082813
2026-01-27,72.4000015258789,73.1500015258789,72.3499984741211,73.05000305175781,72.60816955566406,70421120
2026-01-28,73.55000305175781,74.19999694824219,73.5,74.19999694824219,73.75120544433594,87294077
2026-01-29,74.4000015258789,74.5,73.5,73.75,73.3039321899414,111905919
2026-01-30,73.1500015258789,73.19999694824219,72.30000305175781,72.5999984741211,72.160888671875,159055585
2026-02-02,71.55000305175781,71.75,70.9000015258789,71.5,71.06754302978516,211262670
2026-02-03,73.0,73.05000305175781,72.4000015258789,72.94999694824219,72.5087661743164,70926930
2026-02-04,72.4000015258789,73.1500015258789,72.30000305175781,72.9000015258789,72.45907592773438,56597222
2026-02-05,72.05000305175781,72.25,71.75,72.0,71.56451416015625,95746290
2026-02-06,71.4000015258789,72.25,70.80000305175781,71.9000015258789,71.46512603759766,102980565
2026-02-09,74.05000305175781,74.1500015258789,73.75,73.94999694824219,73.50271606445312,118533745
2026-02-10,74.6500015258789,75.5,74.5999984741211,75.5,75.04335021972656,98559015
2026-02-11,75.9000015258789,77.44999694824219,75.9000015258789,77.19999694824219,76.73306274414062,114028587
2026-02-23,78.44999694824219,78.44999694824219,77.19999694824219,77.4000015258789,76.93185424804688,212974781
2026-02-24,77.94999694824219,79.6500015258789,77.8499984741211,79.4000015258789,78.91976165771484,143721014
2026-02-25,80.3499984741211,81.80000305175781,80.25,81.0999984741211,80.6094741821289,158561421
2026-02-26,81.25,81.5,80.80000305175781,81.1500015258789,80.65917205810547,123812672
2026-03-02,79.5,80.80000305175781,79.1500015258789,80.3499984741211,79.864013671875,204278933
2026-03-03,80.05000305175781,80.4000015258789,78.6500015258789,78.75,78.27368927001953,288356288
2026-03-04,77.4000015258789,77.44999694824219,75.5,75.5999984741211,75.14273834228516,455564304
2026-03-05,78.30000305175781,78.8499984741211,76.69999694824219,77.4000015258789,76.93185424804688,194777972
2026-03-06,76.80000305175781,77.30000305175781,76.30000305175781,76.8499984741211,76.38517761230469,139697065
2026-03-09,73.1500015258789,73.5999984741211,71.6500015258789,73.5999984741211,73.15483856201172,493890200
2026-03-10,75.9000015258789,76.25,74.30000305175781,75.19999694824219,74.74515533447266,164247105
2026-03-11,76.30000305175781,78.5,76.0999984741211,78.19999694824219,77.72701263427734,147508364
2026-03-12,77.0999984741211,77.5999984741211,76.3499984741211,76.5999984741211,76.1366958618164,120680192
2026-03-13,75.1500015258789,76.55000305175781,75.0,75.94999694824219,75.4906234741211,105970280
2026-03-16,76.30000305175781,76.69999694824219,75.44999694824219,75.5999984741211,75.14273834228516,97649824
2026-03-17,76.44999694824219,77.0,76.30000305175781,76.6500015258789,76.18639373779297,61503521
2026-03-18,77.75,78.05000305175781,77.44999694824219,77.80000305175781,77.32943725585938,72305179
2026-03-19,76.5999984741211,76.80000305175781,75.94999694824219,76.0,75.54032135009766,128778782
2026-03-20,76.19999694824219,76.4000015258789,75.5,75.9000015258789,75.44092559814453,67265037
2026-03-23,73.5,74.44999694824219,73.30000305175781,74.25,73.80091094970703,210502502
2026-03-24,75.5,75.5999984741211,73.80000305175781,74.4000015258789,73.95000457763672,83942753
2026-03-25,76.3499984741211,76.6500015258789,76.0,76.19999694824219,75.7391128540039,91456088
2026-03-26,76.30000305175781,76.8499984741211,75.5999984741211,75.80000305175781,75.34153747558594,76157584
2026-03-27,74.44999694824219,75.0999984741211,74.0999984741211,75.0,74.54637145996094,106078935
2026-03-30,73.30000305175781,74.05000305175781,72.80000305175781,73.9000015258789,73.4530258178711,158608942
2026-03-31,73.3499984741211,73.44999694824219,72.1500015258789,72.3499984741211,71.91239929199219,231400782
2026-04-01,75.0,75.5999984741211,74.5999984741211,75.44999694824219,74.99364471435547,126562159
2026-04-02,75.9000015258789,76.05000305175781,73.80000305175781,73.94999694824219,73.50271606445312,105707506
2026-04-07,75.1500015258789,75.44999694824219,74.6500015258789,75.30000305175781,74.84455871582031,76885542
2026-04-08,78.0999984741211,79.25,78.0999984741211,79.19999694824219,78.72096252441406,227364928
2026-04-09,79.30000305175781,79.4000015258789,78.80000305175781,79.1500015258789,78.67127227783203,92049631
2026-04-10,80.0,80.80000305175781,79.94999694824219,80.75,80.2615966796875,115520077
2026-04-13,80.5999984741211,81.0,80.4000015258789,80.5999984741211,80.11249542236328,87581345
2026-04-14,81.75,83.19999694824219,81.75,83.0999984741211,82.59738159179688,123920345
2026-04-15,84.0999984741211,85.0999984741211,83.80000305175781,84.1500015258789,83.64102935791016,122414906
2026-04-16,84.75,85.0999984741211,84.1500015258789,85.0,84.48588562011719,76987129
2026-04-17,84.19999694824219,84.5,84.0,84.1500015258789,83.64102935791016,93304532
2026-04-20,84.55000305175781,85.0999984741211,84.44999694824219,84.55000305175781,84.03861236572266,95994589
2026-04-21,85.5,86.0999984741211,85.0,86.0,85.4798355102539,71987659
2026-04-22,85.75,86.5999984741211,85.55000305175781,86.3499984741211,85.82772064208984,64147874
2026-04-23,87.6500015258789,88.80000305175781,85.1500015258789,86.3499984741211,85.82772064208984,148310644
2026-04-24,87.5999984741211,89.94999694824219,87.55000305175781,89.94999694824219,89.40594482421875,125117290
2026-04-27,92.69999694824219,94.25,92.69999694824219,93.0,92.4375,183173507
2026-04-28,92.55000305175781,93.6500015258789,91.9000015258789,92.0,91.44355010986328,114706934
2026-04-29,90.69999694824219,91.5,90.0,90.75,90.20111083984375,93857452
2026-04-30,91.25,91.9000015258789,90.30000305175781,90.5,89.95262145996094,82229228
2026-05-04,92.5,94.6500015258789,92.4000015258789,94.5999984741211,94.02782440185547,120393477
2026-05-05,94.4000015258789,94.75,94.0,94.5999984741211,94.02782440185547,76579608
2026-05-06,96.05000305175781,96.9000015258789,94.69999694824219,95.75,95.17086791992188,105507530
2026-05-07,97.94999694824219,98.4000015258789,97.4000015258789,97.69999694824219,97.10906982421875,110289613
2026-05-08,97.3499984741211,97.69999694824219,95.8499984741211,97.0,96.4133071899414,117639791
2026-05-11,96.6500015258789,97.1500015258789,96.5,96.9000015258789,96.31391143798828,88544547
2026-05-12,96.8499984741211,97.3499984741211,95.5,96.8499984741211,96.26421356201172,94676481
2026-05-13,94.8499984741211,95.80000305175781,94.69999694824219,95.5,94.92237854003906,113598688
2026-05-14,96.9000015258789,97.19999694824219,95.75,96.05000305175781,95.46905517578125,53565899
2026-05-15,97.6500015258789,98.25,95.19999694824219,95.4000015258789,94.82298278808594,90487261
2026-05-18,94.0,95.19999694824219,93.30000305175781,94.9000015258789,94.32601165771484,105172915
2026-05-19,94.3499984741211,94.69999694824219,93.0999984741211,93.0999984741211,92.53689575195312,116385289
2026-05-20,93.0,93.5,92.44999694824219,92.5,91.94052124023438,108931614
2026-05-21,94.80000305175781,96.05000305175781,94.69999694824219,95.8499984741211,95.270263671875,59494294
2026-05-22,96.30000305175781,97.30000305175781,96.0,97.30000305175781,96.71149444580078,60917271
2026-05-25,99.55000305175781,101.0,99.55000305175781,100.80000305175781,100.19032287597656,124114624
2026-05-26,101.5999984741211,101.80000305175781,100.0999984741211,100.0999984741211,99.49455261230469,87695026
2026-05-27,102.4000015258789,103.9000015258789,102.0,102.55000305175781,101.92974090576172,90102044
2026-05-28,104.0,104.25,100.0999984741211,100.5,99.89213562011719,140421329
2026-05-29,103.19999694824219,105.4000015258789,102.69999694824219,105.4000015258789,104.76250457763672,98892043
2026-06-01,105.25,106.69999694824219,104.5,105.5,104.86189270019531,127067000
2026-06-02,106.30000305175781,106.30000305175781,104.19999694824219,105.69999694824219,105.06068420410156,107794552
2026-06-03,107.30000305175781,107.8499984741211,107.0999984741211,107.5999984741211,106.9491958618164,75111550
2026-06-04,106.75,107.0,106.05000305175781,106.0999984741211,105.45826721191406,108491104
2026-06-05,105.0,105.3499984741211,102.80000305175781,104.1500015258789,103.52006530761719,164564140
2026-06-08,98.05000305175781,101.30000305175781,98.05000305175781,100.94999694824219,100.33941650390625,320685641
2026-06-09,102.0999984741211,103.5999984741211,101.3499984741211,103.5,102.87399291992188,89392847
2026-06-10,102.5999984741211,102.94999694824219,100.19999694824219,100.25,99.64364624023438,166445287
2026-06-11,100.0,100.55000305175781,97.5999984741211,99.8499984741211,99.2460708618164,248828975
2026-06-12,103.25,103.75,101.55000305175781,101.94999694824219,101.33336639404297,73401960
2026-06-15,105.0999984741211,105.5,104.30000305175781,105.25,104.61341094970703,95906242
2026-06-16,106.05000305175781,106.05000305175781,104.8499984741211,105.9000015258789,105.25947570800781,67088029
2026-06-17,105.0,106.0,104.5,106.0,105.35887145996094,75416209
2026-06-18,107.0,107.44999694824219,106.6500015258789,107.30000305175781,106.65100860595703,74587200
2026-06-22,109.44999694824219,111.19999694824219,109.44999694824219,111.1500015258789,110.47772216796875,110460961
2026-06-23,112.0,112.30000305175781,110.05000305175781,110.0999984741211,109.43407440185547,120564830
2026-06-24,108.0,108.0999984741211,106.1500015258789,107.1500015258789,106.50191497802734,208531754
2026-06-25,108.0,108.05000305175781,106.3499984741211,107.19999694824219,106.5516128540039,89454929
2026-06-26,105.4000015258789,105.8499984741211,102.80000305175781,103.0999984741211,102.47640991210938,251693794
2026-06-29,103.3499984741211,105.3499984741211,103.30000305175781,104.44999694824219,103.81824493408203,101519378
2026-06-30,106.8499984741211,108.25,106.75,107.80000305175781,107.14798736572266,103816325
2026-07-01,109.80000305175781,109.94999694824219,108.5999984741211,109.3499984741211,108.68860626220703,72216950
2026-07-02,107.19999694824219,108.94999694824219,106.9000015258789,108.80000305175781,108.14193725585938,67727796
2026-07-03,106.1500015258789,108.80000305175781,106.0999984741211,108.3499984741211,107.69465637207031,76733905
2026-07-06,109.05000305175781,109.5999984741211,107.69999694824219,108.25,107.59526062011719,70136815
2026-07-07,108.55000305175781,109.05000305175781,105.8499984741211,106.19999694824219,105.55765533447266,111060971
2026-07-08,106.4000015258789,106.5999984741211,105.05000305175781,106.05000305175781,105.4085693359375,86877553
2026-07-09,106.3499984741211,107.0,105.44999694824219,105.80000305175781,105.16008758544922,51733962
2026-07-10,105.80000305175781,105.80000305175781,105.80000305175781,105.80000305175781,105.16008758544922,0
2026-07-13,107.0,107.55000305175781,105.69999694824219,106.0,105.35887145996094,65558453
2026-07-14,105.5,105.5,102.25,104.4000015258789,103.76854705810547,225466504
2026-07-15,105.30000305175781,106.44999694824219,104.6500015258789,106.30000305175781,105.65705871582031,106147811
2026-07-16,105.3499984741211,106.75,104.55000305175781,106.4000015258789,105.75645446777344,68042614
2026-07-17,102.9000015258789,103.05000305175781,100.0,100.1500015258789,99.54425811767578,443467989
2026-07-20,100.19999694824219,100.5999984741211,98.30000305175781,99.19999694824219,98.5999984741211,335645366
2026-07-21,100.0,102.5,99.8499984741211,102.5,102.5,91004977
2026-07-22,104.5,104.80000305175781,103.30000305175781,103.8499984741211,103.8499984741211,103568792
2026-07-23,104.25,104.80000305175781,102.9000015258789,103.9000015258789,103.9000015258789,51221177
2026-07-24,102.55000305175781,103.05000305175781,101.30000305175781,101.69999694824219,101.69999694824219,94377095
2026-07-27,101.30000305175781,101.5999984741211,100.05000305175781,101.44999694824219,101.44999694824219,100975462
