Date,Open,High,Low,Close,Adj Close,Volume
2017-03-23,0.0,0.0,0.0,0.4166699945926666,0.4166699945926666,0
2017-03-24,0.0,0.0,0.0,0.4166699945926666,0.4166699945926666,0
2017-03-27,0.0,0.0,0.0,0.4166699945926666,0.4166699945926666,0
2017-03-28,0.0,0.0,0.0,0.4166699945926666,0.4166699945926666,0
2017-03-29,0.0,0.0,0.0,0.41582998633384705,0.41582998633384705,0
2017-03-30,0.4141699969768524,0.4166699945926666,0.4129199981689453,0.41332998871803284,0.41332998871803284,48312000
2017-03-31,0.4141699969768524,0.41499999165534973,0.4116699993610382,0.4116699993610382,0.4116699993610382,53592000
2017-04-05,0.4141699969768524,0.41874998807907104,0.4141699969768524,0.41874998807907104,0.41874998807907104,91560000
2017-04-06,0.41833001375198364,0.41833001375198364,0.41457998752593994,0.41499999165534973,0.41499999165534973,24288000
2017-04-07,0.4137499928474426,0.4137499928474426,0.40625,0.41207998991012573,0.41207998991012573,33744000
2017-04-10,0.4129199981689453,0.4141699969768524,0.4116699993610382,0.4137499928474426,0.4137499928474426,22992000
2017-04-11,0.4116699993610382,0.4166699945926666,0.4104200005531311,0.41082999110221863,0.41082999110221863,49800000
2017-04-12,0.4104200005531311,0.4112499952316284,0.4074999988079071,0.4099999964237213,0.4099999964237213,35544000
2017-04-13,0.4099999964237213,0.4141699969768524,0.4099999964237213,0.4129199981689453,0.4129199981689453,36528000
2017-04-14,0.4087499976158142,0.4087499976158142,0.403329998254776,0.403329998254776,0.403329998254776,39480000
2017-04-17,0.4054200053215027,0.4054200053215027,0.3995800018310547,0.4025000035762787,0.4025000035762787,21000000
2017-04-18,0.4066700041294098,0.4066700041294098,0.403329998254776,0.4041700065135956,0.4041700065135956,19992000
2017-04-19,0.40042001008987427,0.40167000889778137,0.39625000953674316,0.39667001366615295,0.39667001366615295,29472000
2017-04-20,0.3958300054073334,0.3983300030231476,0.39500001072883606,0.3970800042152405,0.3970800042152405,49392000
2017-04-21,0.40042001008987427,0.4037500023841858,0.40042001008987427,0.4037500023841858,0.4037500023841858,37824000
2017-04-24,0.4083299934864044,0.4087499976158142,0.4020799994468689,0.4045799970626831,0.4045799970626831,26232000
2017-04-25,0.4070799946784973,0.41207998991012573,0.4058299958705902,0.41207998991012573,0.41207998991012573,51456000
2017-04-26,0.41582998633384705,0.4166699945926666,0.4137499928474426,0.41499999165534973,0.41499999165534973,38952000
2017-04-27,0.41457998752593994,0.41499999165534973,0.4124999940395355,0.41499999165534973,0.41499999165534973,32256000
2017-04-28,0.41499999165534973,0.41791999340057373,0.41457998752593994,0.41582998633384705,0.41582998633384705,34032000
2017-05-02,0.42208001017570496,0.42333000898361206,0.42083001136779785,0.42083001136779785,0.42083001136779785,82296000
2017-05-03,0.42124998569488525,0.42375001311302185,0.42124998569488525,0.42166998982429504,0.42166998982429504,33264000
2017-05-04,0.42291998863220215,0.42375001311302185,0.42041999101638794,0.42250001430511475,0.42250001430511475,40056000
2017-05-05,0.42208001017570496,0.42208001017570496,0.41749998927116394,0.41749998927116394,0.41749998927116394,44352000
2017-05-08,0.42208001017570496,0.42291998863220215,0.41874998807907104,0.41958001255989075,0.41958001255989075,42024000
2017-05-09,0.42124998569488525,0.42583000659942627,0.41874998807907104,0.41999998688697815,0.41999998688697815,73968000
2017-05-10,0.42083001136779785,0.42291998863220215,0.41999998688697815,0.42250001430511475,0.42250001430511475,39984000
2017-05-11,0.42291998863220215,0.42625001072883606,0.42250001430511475,0.42625001072883606,0.42625001072883606,60528000
2017-05-12,0.42625001072883606,0.4270800054073334,0.42500001192092896,0.42500001192092896,0.42500001192092896,42456000
2017-05-15,0.42583000659942627,0.42917001247406006,0.42583000659942627,0.42917001247406006,0.42917001247406006,36024000
2017-05-16,0.43042001128196716,0.4312500059604645,0.42750000953674316,0.42917001247406006,0.42917001247406006,29352000
2017-05-17,0.42917001247406006,0.42917001247406006,0.42583000659942627,0.4270800054073334,0.4270800054073334,29424000
2017-05-18,0.42083001136779785,0.42458000779151917,0.41874998807907104,0.42416998744010925,0.42416998744010925,34464000
2017-05-19,0.42416998744010925,0.42458000779151917,0.42291998863220215,0.42333000898361206,0.42333000898361206,25368000
2017-05-22,0.42458000779151917,0.42667001485824585,0.42458000779151917,0.42667001485824585,0.42667001485824585,19488000
2017-05-23,0.42583000659942627,0.4295800030231476,0.42583000659942627,0.42875000834465027,0.42875000834465027,24312000
2017-05-24,0.42875000834465027,0.43042001128196716,0.42875000834465027,0.43042001128196716,0.43042001128196716,37320000
2017-05-25,0.4337500035762787,0.4370799958705902,0.4333299994468689,0.4370799958705902,0.4370799958705902,20376000
2017-05-26,0.4379200041294098,0.4383299946784973,0.434579998254776,0.4354200065135956,0.4354200065135956,28680000
2017-05-31,0.4366700053215027,0.4366700053215027,0.4312500059604645,0.4312500059604645,0.4312500059604645,19248000
2017-06-01,0.4325000047683716,0.434579998254776,0.4325000047683716,0.434579998254776,0.434579998254776,33192000
2017-06-02,0.4399999976158142,0.4399999976158142,0.4379200041294098,0.4387499988079071,0.4387499988079071,34608000
2017-06-03,0.0,0.0,0.0,0.4437499940395355,0.4437499940395355,0
2017-06-05,0.4395799934864044,0.4454199969768524,0.4395799934864044,0.4454199969768524,0.4454199969768524,26664000
2017-06-06,0.4449999928474426,0.44582998752593994,0.4441699981689453,0.4454199969768524,0.4454199969768524,19008000
2017-06-07,0.44624999165534973,0.4479199945926666,0.44457998871803284,0.4454199969768524,0.4454199969768524,19872000
2017-06-08,0.4449999928474426,0.44707998633384705,0.4449999928474426,0.44707998633384705,0.44707998633384705,13320000
2017-06-09,0.44958001375198364,0.44999998807907104,0.44582998752593994,0.44707998633384705,0.44707998633384705,13560000
2017-06-12,0.4391700029373169,0.4424999952316284,0.4379200041294098,0.4391700029373169,0.4391700029373169,15648000
2017-06-13,0.4408299922943115,0.4408299922943115,0.4391700029373169,0.4395799934864044,0.4395799934864044,3552000
2017-06-14,0.4424999952316284,0.4424999952316284,0.4325000047683716,0.4333299994468689,0.4333299994468689,2856000
2017-06-15,0.4333299994468689,0.4354200065135956,0.4308300018310547,0.4341700077056885,0.4341700077056885,6624000
2017-06-16,0.4354200065135956,0.44207999110221863,0.434579998254776,0.44207999110221863,0.44207999110221863,13392000
2017-06-19,0.44332998991012573,0.44958001375198364,0.44332998991012573,0.44916999340057373,0.44916999340057373,15000000
2017-06-20,0.45249998569488525,0.4583300054073334,0.45249998569488525,0.4583300054073334,0.4583300054073334,17136000
2017-06-21,0.45458000898361206,0.46000000834465027,0.45291998982429504,0.46000000834465027,0.46000000834465027,19488000
2017-06-22,0.4612500071525574,0.46292001008987427,0.4595800042152405,0.46292001008987427,0.46292001008987427,19248000
2017-06-23,0.46292001008987427,0.4650000035762787,0.4612500071525574,0.4620800018310547,0.4620800018310547,27840000
2017-06-26,0.4625000059604645,0.47874999046325684,0.4625000059604645,0.4779199957847595,0.4779199957847595,68064000
2017-06-27,0.4791699945926666,0.47999998927116394,0.4754199981689453,0.47749999165534973,0.47749999165534973,28776000
2017-06-28,0.471670001745224,0.4737499952316284,0.465829998254776,0.46875,0.46875,45696000
2017-06-29,0.47457998991012573,0.47457998991012573,0.4683299958705902,0.4699999988079071,0.4699999988079071,37224000
2017-06-30,0.4637500047683716,0.4670799970626831,0.4620800018310547,0.4666700065135956,0.4666700065135956,99168000
2017-07-03,0.4666700065135956,0.46875,0.4654200077056885,0.4679200053215027,0.4679200053215027,5784000
2017-07-04,0.46875,0.4699999988079071,0.4633300006389618,0.4633300006389618,0.4633300006389618,1128000
2017-07-05,0.4645799994468689,0.4695799946784973,0.4608300030231476,0.4695799946784973,0.4695799946784973,18552000
2017-07-06,0.4704200029373169,0.4704200029373169,0.4645799994468689,0.4675000011920929,0.4675000011920929,13344000
2017-07-07,0.4654200077056885,0.4654200077056885,0.4620800018310547,0.4620800018310547,0.4620800018310547,3480000
2017-07-10,0.4633300006389618,0.4650000035762787,0.46042001247406006,0.4620800018310547,0.4620800018310547,4464000
2017-07-11,0.465829998254776,0.47457998991012573,0.465829998254776,0.47457998991012573,0.47457998991012573,16944000
2017-07-12,0.4737499952316284,0.4749999940395355,0.4737499952316284,0.4741699993610382,0.4741699993610382,2880000
2017-07-13,0.48083001375198364,0.48208001255989075,0.4779199957847595,0.48208001255989075,0.48208001255989075,4128000
2017-07-14,0.47999998927116394,0.47999998927116394,0.47957998514175415,0.47999998927116394,0.47999998927116394,264000
2017-07-17,0.48374998569488525,0.48500001430511475,0.48083001375198364,0.48166999220848083,0.48166999220848083,11568000
2017-07-18,0.48083001375198364,0.48416998982429504,0.47999998927116394,0.48374998569488525,0.48374998569488525,6288000
2017-07-19,0.48666998744010925,0.4925000071525574,0.48666998744010925,0.48875001072883606,0.48875001072883606,3408000
2017-07-20,0.49125000834465027,0.49125000834465027,0.48833000659942627,0.4895800054073334,0.4895800054073334,3672000
2017-07-21,0.48541998863220215,0.48541998863220215,0.48416998982429504,0.48458001017570496,0.48458001017570496,1968000
2017-07-24,0.48333001136779785,0.48541998863220215,0.48249998688697815,0.48541998863220215,0.48541998863220215,7272000
2017-07-25,0.48708000779151917,0.48833000659942627,0.48541998863220215,0.48666998744010925,0.48666998744010925,18072000
2017-07-26,0.48791998624801636,0.49167001247406006,0.48333001136779785,0.48333001136779785,0.48333001136779785,10128000
2017-07-27,0.48750001192092896,0.4958299994468689,0.48750001192092896,0.4945800006389618,0.4945800006389618,5592000
2017-07-28,0.4895800054073334,0.4895800054073334,0.48333001136779785,0.48458001017570496,0.48458001017570496,3192000
2017-07-31,0.48249998688697815,0.48541998863220215,0.48166999220848083,0.48374998569488525,0.48374998569488525,4416000
2017-08-01,0.48833000659942627,0.4920800030231476,0.48833000659942627,0.49125000834465027,0.49125000834465027,3888000
2017-08-02,0.4937500059604645,0.4962500035762787,0.4937500059604645,0.4962500035762787,0.4962500035762787,1056000
2017-08-03,0.48708000779151917,0.4925000071525574,0.48708000779151917,0.49167001247406006,0.49167001247406006,2184000
2017-08-04,0.4920800030231476,0.4958299994468689,0.49167001247406006,0.4950000047683716,0.4950000047683716,3144000
2017-08-07,0.4991700053215027,0.5041700005531311,0.4991700053215027,0.5033299922943115,0.5033299922943115,20928000
2017-08-08,0.5024999976158142,0.5037500262260437,0.5004199743270874,0.5037500262260437,0.5037500262260437,6216000
2017-08-09,0.4962500035762787,0.4987500011920929,0.49292001128196716,0.4950000047683716,0.4950000047683716,20976000
2017-08-10,0.4945800006389618,0.4945800006389618,0.48333001136779785,0.48541998863220215,0.48541998863220215,11184000
2017-08-11,0.47749999165534973,0.48291999101638794,0.4762499928474426,0.48124998807907104,0.48124998807907104,3312000
2017-08-14,0.48458001017570496,0.48458001017570496,0.4741699993610382,0.4749999940395355,0.4749999940395355,5664000
2017-08-15,0.48124998807907104,0.48333001136779785,0.47874999046325684,0.47999998927116394,0.47999998927116394,504000
2017-08-16,0.4791699945926666,0.48166999220848083,0.4749999940395355,0.47707998752593994,0.47707998752593994,9504000
2017-08-17,0.47999998927116394,0.48541998863220215,0.47999998927116394,0.48500001430511475,0.48500001430511475,3816000
2017-08-18,0.47707998752593994,0.47957998514175415,0.4754199981689453,0.47957998514175415,0.47957998514175415,1464000
2017-08-21,0.47874999046325684,0.48041999340057373,0.47874999046325684,0.48041999340057373,0.48041999340057373,912000
2017-08-22,0.48666998744010925,0.4895800054073334,0.48625001311302185,0.48875001072883606,0.48875001072883606,1392000
2017-08-23,0.49167001247406006,0.4933300018310547,0.48833000659942627,0.48833000659942627,0.48833000659942627,17040000
2017-08-24,0.4937500059604645,0.4987500011920929,0.4937500059604645,0.4983299970626831,0.4983299970626831,3624000
2017-08-25,0.4987500011920929,0.5016700029373169,0.4987500011920929,0.5016700029373169,0.5016700029373169,8472000
2017-08-28,0.5,0.5020800232887268,0.5,0.5020800232887268,0.5020800232887268,192000
2017-08-29,0.4987500011920929,0.4995799958705902,0.4966700077056885,0.4995799958705902,0.4995799958705902,13992000
2017-08-30,0.5041700005531311,0.5070800185203552,0.5024999976158142,0.5054200291633606,0.5054200291633606,4392000
2017-08-31,0.5091699957847595,0.5099999904632568,0.5049999952316284,0.5070800185203552,0.5070800185203552,12384000
2017-09-01,0.5074999928474426,0.5108299851417542,0.5070800185203552,0.5108299851417542,0.5108299851417542,4968000
2017-09-04,0.5074999928474426,0.5091699957847595,0.5074999928474426,0.5074999928474426,0.5074999928474426,888000
2017-09-05,0.5079200267791748,0.5079200267791748,0.5066699981689453,0.5079200267791748,0.5079200267791748,2136000
2017-09-06,0.5054200291633606,0.5079200267791748,0.5029199719429016,0.5049999952316284,0.5049999952316284,2664000
2017-09-07,0.5087500214576721,0.5087500214576721,0.5008299946784973,0.5008299946784973,0.5008299946784973,360000
2017-09-08,0.5062500238418579,0.5079200267791748,0.5062500238418579,0.5074999928474426,0.5074999928474426,144000
2017-09-11,0.5091699957847595,0.5091699957847595,0.5062500238418579,0.5070800185203552,0.5070800185203552,2160000
2017-09-12,0.5116699934005737,0.5116699934005737,0.5095800161361694,0.5099999904632568,0.5099999904632568,408000
2017-09-13,0.510420024394989,0.510420024394989,0.5041700005531311,0.504580020904541,0.504580020904541,240000
2017-09-14,0.5033299922943115,0.5054200291633606,0.5016700029373169,0.5054200291633606,0.5054200291633606,1008000
2017-09-15,0.5033299922943115,0.5074999928474426,0.5020800232887268,0.5066699981689453,0.5066699981689453,888000
2017-09-18,0.512499988079071,0.5162500143051147,0.5108299851417542,0.5154200196266174,0.5154200196266174,6384000
2017-09-19,0.5158299803733826,0.5170800089836121,0.5091699957847595,0.5091699957847595,0.5091699957847595,336000
2017-09-20,0.5091699957847595,0.5091699957847595,0.5033299922943115,0.5033299922943115,0.5033299922943115,2424000
2017-09-21,0.5024999976158142,0.5116699934005737,0.5024999976158142,0.5112500190734863,0.5112500190734863,2064000
2017-09-22,0.5058299899101257,0.5058299899101257,0.4983299970626831,0.4983299970626831,0.4983299970626831,2784000
2017-09-25,0.49542000889778137,0.49542000889778137,0.48791998624801636,0.48791998624801636,0.48791998624801636,768000
2017-09-26,0.48791998624801636,0.48917001485824585,0.48249998688697815,0.48249998688697815,0.48249998688697815,3096000
2017-09-27,0.48708000779151917,0.48750001192092896,0.48625001311302185,0.48666998744010925,0.48666998744010925,960000
2017-09-28,0.48833000659942627,0.48833000659942627,0.48541998863220215,0.48583000898361206,0.48583000898361206,2256000
2017-09-29,0.48458001017570496,0.48666998744010925,0.48458001017570496,0.48583000898361206,0.48583000898361206,1608000
2017-10-02,0.49542000889778137,0.4991700053215027,0.49417001008987427,0.4991700053215027,0.4991700053215027,3360000
2017-10-03,0.4991700053215027,0.5008299946784973,0.4987500011920929,0.4995799958705902,0.4995799958705902,768000
2017-10-05,0.5008299946784973,0.5054200291633606,0.5008299946784973,0.5049999952316284,0.5049999952316284,6096000
2017-10-06,0.5070800185203552,0.5070800185203552,0.5041700005531311,0.5062500238418579,0.5062500238418579,2208000
2017-10-11,0.5116699934005737,0.5174999833106995,0.5116699934005737,0.5154200196266174,0.5154200196266174,9792000
2017-10-12,0.518750011920929,0.5233299732208252,0.5179200172424316,0.5233299732208252,0.5233299732208252,5880000
2017-10-13,0.5216699838638306,0.5237500071525574,0.520829975605011,0.5237500071525574,0.5237500071525574,1296000
2017-10-16,0.5262500047683716,0.5262500047683716,0.5249999761581421,0.5262500047683716,0.5262500047683716,3000000
2017-10-17,0.5287500023841858,0.5299999713897705,0.5262500047683716,0.5287500023841858,0.5287500023841858,3672000
2017-10-18,0.5304200053215027,0.5304200053215027,0.5224999785423279,0.526669979095459,0.526669979095459,1056000
2017-10-19,0.5270799994468689,0.5333300232887268,0.5270799994468689,0.5291699767112732,0.5291699767112732,1080000
2017-10-20,0.5287500023841858,0.5287500023841858,0.5279200077056885,0.5279200077056885,0.5279200077056885,768000
2017-10-23,0.5279200077056885,0.5279200077056885,0.5279200077056885,0.5279200077056885,0.5279200077056885,0
2017-10-24,0.526669979095459,0.5279200077056885,0.526669979095459,0.5279200077056885,0.5279200077056885,864000
2017-10-25,0.5299999713897705,0.53125,0.5287500023841858,0.5287500023841858,0.5287500023841858,912000
2017-10-26,0.5262500047683716,0.526669979095459,0.5262500047683716,0.526669979095459,0.526669979095459,144000
2017-10-27,0.5283300280570984,0.5283300280570984,0.5279200077056885,0.5279200077056885,0.5279200077056885,1944000
2017-10-30,0.5325000286102295,0.5354200005531311,0.5279200077056885,0.5283300280570984,0.5283300280570984,5760000
2017-10-31,0.5274999737739563,0.5320799946784973,0.5270799994468689,0.5320799946784973,0.5320799946784973,21288000
2017-11-01,0.5350000262260437,0.5350000262260437,0.5308300256729126,0.5308300256729126,0.5308300256729126,2520000
2017-11-02,0.5320799946784973,0.5320799946784973,0.5320799946784973,0.5320799946784973,0.5320799946784973,24000
2017-11-03,0.5304200053215027,0.5304200053215027,0.5304200053215027,0.5304200053215027,0.5304200053215027,24000
2017-11-06,0.5354200005531311,0.5354200005531311,0.5291699767112732,0.5308300256729126,0.5308300256729126,144000
2017-11-07,0.53125,0.5333300232887268,0.53125,0.5333300232887268,0.5333300232887268,360000
2017-11-08,0.5333300232887268,0.5333300232887268,0.5333300232887268,0.5333300232887268,0.5333300232887268,0
2017-11-09,0.5345799922943115,0.5345799922943115,0.5249999761581421,0.5249999761581421,0.5249999761581421,792000
2017-11-10,0.5216699838638306,0.5258299708366394,0.520829975605011,0.5258299708366394,0.5258299708366394,168000
2017-11-13,0.5245800018310547,0.5245800018310547,0.5237500071525574,0.5241699814796448,0.5241699814796448,72000
2017-11-14,0.5229200124740601,0.5229200124740601,0.5229200124740601,0.5229200124740601,0.5229200124740601,24000
2017-11-15,0.5166699886322021,0.5183299779891968,0.5158299803733826,0.5158299803733826,0.5158299803733826,1344000
2017-11-16,0.5145800113677979,0.5174999833106995,0.5145800113677979,0.5166699886322021,0.5166699886322021,3360000
2017-11-17,0.5237500071525574,0.5254200100898743,0.5220800042152405,0.5241699814796448,0.5241699814796448,216000
2017-11-20,0.5241699814796448,0.5241699814796448,0.5241699814796448,0.5241699814796448,0.5241699814796448,24000
2017-11-21,0.5224999785423279,0.5316699743270874,0.5224999785423279,0.5316699743270874,0.5316699743270874,648000
2017-11-22,0.5362499952316284,0.5387499928474426,0.5350000262260437,0.5362499952316284,0.5362499952316284,960000
2017-11-23,0.5366700291633606,0.5379199981689453,0.5362499952316284,0.5379199981689453,0.5379199981689453,3360000
2017-11-24,0.5379199981689453,0.5379199981689453,0.5379199981689453,0.5379199981689453,0.5379199981689453,24000
2017-11-27,0.5350000262260437,0.5350000262260437,0.5287500023841858,0.5287500023841858,0.5287500023841858,168000
2017-11-28,0.5254200100898743,0.5291699767112732,0.5241699814796448,0.5245800018310547,0.5245800018310547,1824000
2017-11-29,0.5279200077056885,0.5283300280570984,0.5262500047683716,0.5262500047683716,0.5262500047683716,768000
2017-11-30,0.5191699862480164,0.5191699862480164,0.5116699934005737,0.5116699934005737,0.5116699934005737,2136000
2017-12-01,0.5133299827575684,0.5179200172424316,0.5049999952316284,0.5179200172424316,0.5179200172424316,1608000
2017-12-04,0.5183299779891968,0.5183299779891968,0.5133299827575684,0.5179200172424316,0.5179200172424316,792000
2017-12-05,0.5154200196266174,0.5154200196266174,0.512499988079071,0.512499988079071,0.512499988079071,4704000
2017-12-06,0.5062500238418579,0.5074999928474426,0.4933300018310547,0.4945800006389618,0.4945800006389618,2496000
2017-12-07,0.4958299994468689,0.4958299994468689,0.4895800054073334,0.4908300042152405,0.4908300042152405,2400000
2017-12-08,0.4958299994468689,0.4958299994468689,0.49042001366615295,0.4920800030231476,0.4920800030231476,5064000
2017-12-11,0.4987500011920929,0.5033299922943115,0.4983299970626831,0.5033299922943115,0.5033299922943115,1296000
2017-12-12,0.5008299946784973,0.5008299946784973,0.4950000047683716,0.4979200065135956,0.4979200065135956,2400000
2017-12-13,0.4979200065135956,0.5012500286102295,0.4979200065135956,0.4991700053215027,0.4991700053215027,7464000
2017-12-14,0.5070800185203552,0.5108299851417542,0.5058299899101257,0.5091699957847595,0.5091699957847595,4296000
2017-12-15,0.5049999952316284,0.5049999952316284,0.4979200065135956,0.5008299946784973,0.5008299946784973,2400000
2017-12-18,0.5037500262260437,0.5041700005531311,0.5016700029373169,0.5033299922943115,0.5033299922943115,7896000
2017-12-19,0.5062500238418579,0.5066699981689453,0.5004199743270874,0.5004199743270874,0.5004199743270874,5832000
2017-12-20,0.5012500286102295,0.5041700005531311,0.5012500286102295,0.5041700005531311,0.5041700005531311,2688000
2017-12-21,0.5041700005531311,0.5079200267791748,0.5041700005531311,0.5058299899101257,0.5058299899101257,2976000
2017-12-22,0.5033299922943115,0.5079200267791748,0.5033299922943115,0.5079200267791748,0.5079200267791748,552000
2017-12-25,0.5095800161361694,0.5095800161361694,0.5083299875259399,0.5095800161361694,0.5095800161361694,2328000
2017-12-26,0.5049999952316284,0.5049999952316284,0.497079998254776,0.4979200065135956,0.4979200065135956,1632000
2017-12-27,0.5008299946784973,0.5024999976158142,0.4991700053215027,0.5024999976158142,0.5024999976158142,1560000
2017-12-28,0.5095800161361694,0.5137500166893005,0.5091699957847595,0.5120800137519836,0.5120800137519836,5784000
2017-12-29,0.5137500166893005,0.5183299779891968,0.5137500166893005,0.5170800089836121,0.5170800089836121,8880000
2018-01-02,0.5204200148582458,0.5224999785423279,0.5199999809265137,0.5224999785423279,0.5224999785423279,1056000
2018-01-03,0.5299999713897705,0.5341699719429016,0.5299999713897705,0.5329200029373169,0.5329200029373169,1728000
2018-01-04,0.5325000286102295,0.5366700291633606,0.5325000286102295,0.5366700291633606,0.5366700291633606,528000
2018-01-05,0.5391700267791748,0.5400000214576721,0.5354200005531311,0.5391700267791748,0.5391700267791748,2832000
2018-01-08,0.5400000214576721,0.543749988079071,0.5391700267791748,0.5425000190734863,0.5425000190734863,1008000
2018-01-09,0.5420799851417542,0.5429199934005737,0.5408300161361694,0.5420799851417542,0.5420799851417542,8304000
2018-01-10,0.541670024394989,0.541670024394989,0.5354200005531311,0.5354200005531311,0.5354200005531311,3696000
2018-01-11,0.5345799922943115,0.5345799922943115,0.5308300256729126,0.5325000286102295,0.5325000286102295,10080000
2018-01-12,0.5379199981689453,0.5429199934005737,0.5379199981689453,0.5420799851417542,0.5420799851417542,192000
2018-01-15,0.5466700196266174,0.5487499833106995,0.5454199910163879,0.5487499833106995,0.5487499833106995,1056000
2018-01-16,0.5475000143051147,0.552079975605011,0.5470799803733826,0.552079975605011,0.552079975605011,1128000
2018-01-17,0.5483300089836121,0.552079975605011,0.5483300089836121,0.552079975605011,0.552079975605011,144000
2018-01-18,0.5633299946784973,0.5674999952316284,0.5604199767112732,0.5625,0.5625,8232000
2018-01-19,0.5633299946784973,0.5666700005531311,0.5633299946784973,0.5662500262260437,0.5662500262260437,12504000
2018-01-22,0.5683299899101257,0.5745800137519836,0.567080020904541,0.5745800137519836,0.5745800137519836,19296000
2018-01-23,0.5787500143051147,0.5795800089836121,0.5758299827575684,0.5758299827575684,0.5758299827575684,8544000
2018-01-24,0.5720800161361694,0.5724999904632568,0.5645800232887268,0.5662500262260437,0.5662500262260437,1680000
2018-01-25,0.5691699981689453,0.5804200172424316,0.5691699981689453,0.572920024394989,0.572920024394989,22512000
2018-01-26,0.5658299922943115,0.5708299875259399,0.5641700029373169,0.5708299875259399,0.5708299875259399,384000
2018-01-29,0.5762500166893005,0.5766699910163879,0.5708299875259399,0.5733299851417542,0.5733299851417542,16536000
2018-01-30,0.5708299875259399,0.5708299875259399,0.5625,0.5625,0.5625,2520000
2018-01-31,0.5575000047683716,0.5645800232887268,0.5575000047683716,0.5645800232887268,0.5645800232887268,1272000
2018-02-01,0.5695800185203552,0.5733299851417542,0.5695800185203552,0.5733299851417542,0.5733299851417542,120000
2018-02-02,0.5616700053215027,0.5654199719429016,0.5616700053215027,0.5654199719429016,0.5654199719429016,720000
2018-02-05,0.5454199910163879,0.5454199910163879,0.541670024394989,0.543749988079071,0.543749988079071,2088000
2018-02-06,0.5133299827575684,0.5162500143051147,0.47999998927116394,0.4937500059604645,0.4937500059604645,7848000
2018-02-07,0.512499988079071,0.5179200172424316,0.5054200291633606,0.5054200291633606,0.5054200291633606,4080000
2018-02-08,0.5091699957847595,0.5108299851417542,0.504580020904541,0.504580020904541,0.504580020904541,672000
2018-02-09,0.4741699993610382,0.48833000659942627,0.4737499952316284,0.48833000659942627,0.48833000659942627,15744000
2018-02-12,0.4950000047683716,0.4958299994468689,0.49417001008987427,0.4950000047683716,0.4950000047683716,5256000
2018-02-21,0.5141699910163879,0.5224999785423279,0.512499988079071,0.520829975605011,0.520829975605011,600000
2018-02-22,0.5195800065994263,0.5195800065994263,0.5166699886322021,0.5179200172424316,0.5179200172424316,1368000
2018-02-23,0.5254200100898743,0.5308300256729126,0.5254200100898743,0.5299999713897705,0.5299999713897705,1248000
2018-02-26,0.5395799875259399,0.5395799875259399,0.535830020904541,0.5375000238418579,0.5375000238418579,408000
2018-02-27,0.5441700220108032,0.5445799827575684,0.5366700291633606,0.5366700291633606,0.5366700291633606,792000
2018-03-01,0.5212500095367432,0.5320799946784973,0.5212500095367432,0.5320799946784973,0.5320799946784973,10608000
2018-03-02,0.5162500143051147,0.5224999785423279,0.5129200220108032,0.5224999785423279,0.5224999785423279,10848000
2018-03-05,0.5241699814796448,0.5274999737739563,0.5166699886322021,0.5174999833106995,0.5174999833106995,912000
2018-03-06,0.5316699743270874,0.5316699743270874,0.5291699767112732,0.5291699767112732,0.5291699767112732,216000
2018-03-07,0.5329200029373169,0.5345799922943115,0.5329200029373169,0.5345799922943115,0.5345799922943115,144000
2018-03-08,0.535830020904541,0.5379199981689453,0.535830020904541,0.5375000238418579,0.5375000238418579,1176000
2018-03-09,0.5400000214576721,0.5425000190734863,0.5400000214576721,0.5400000214576721,0.5400000214576721,432000
2018-03-12,0.5504199862480164,0.5554199814796448,0.5491700172424316,0.5554199814796448,0.5554199814796448,744000
2018-03-13,0.5562499761581421,0.5620800256729126,0.5562499761581421,0.5620800256729126,0.5620800256729126,888000
2018-03-14,0.5587499737739563,0.5587499737739563,0.5562499761581421,0.5562499761581421,0.5562499761581421,192000
2018-03-15,0.5533300042152405,0.5608299970626831,0.5533300042152405,0.5595800280570984,0.5595800280570984,408000
2018-03-16,0.5508300065994263,0.5575000047683716,0.5491700172424316,0.5575000047683716,0.5575000047683716,408000
2018-03-19,0.5508300065994263,0.5575000047683716,0.5508300065994263,0.5554199814796448,0.5554199814796448,144000
2018-03-20,0.5525000095367432,0.5545799732208252,0.5525000095367432,0.5545799732208252,0.5545799732208252,624000
2018-03-21,0.5604199767112732,0.5604199767112732,0.5570799708366394,0.5570799708366394,0.5570799708366394,600000
2018-03-22,0.5625,0.5679200291633606,0.5537499785423279,0.5537499785423279,0.5537499785423279,1056000
2018-03-23,0.5283300280570984,0.5383300185203552,0.5283300280570984,0.5333300232887268,0.5333300232887268,600000
2018-03-26,0.5308300256729126,0.5362499952316284,0.5308300256729126,0.5362499952316284,0.5362499952316284,648000
2018-03-27,0.5483300089836121,0.5525000095367432,0.5466700196266174,0.5525000095367432,0.5525000095367432,1368000
2018-03-28,0.5462499856948853,0.5470799803733826,0.5383300185203552,0.5383300185203552,0.5383300185203552,3504000
2018-03-29,0.5420799851417542,0.5420799851417542,0.5354200005531311,0.5400000214576721,0.5400000214576721,432000
2018-03-30,0.5487499833106995,0.5537499785423279,0.5487499833106995,0.5504199862480164,0.5504199862480164,984000
2018-04-02,0.5508300065994263,0.5508300065994263,0.5508300065994263,0.5508300065994263,0.5508300065994263,24000
2018-04-03,0.5337499976158142,0.5350000262260437,0.53125,0.5350000262260437,0.5350000262260437,3864000
2018-04-09,0.5450000166893005,0.5458300113677979,0.5404199957847595,0.5458300113677979,0.5458300113677979,5496000
2018-04-10,0.543749988079071,0.552079975605011,0.543749988079071,0.5495799779891968,0.5495799779891968,1248000
2018-04-11,0.5537499785423279,0.5558300018310547,0.5529199838638306,0.5541700124740601,0.5541700124740601,384000
2018-04-12,0.5570799708366394,0.5570799708366394,0.5491700172424316,0.5491700172424316,0.5491700172424316,360000
2018-04-13,0.5537499785423279,0.5537499785423279,0.5525000095367432,0.5525000095367432,0.5525000095367432,840000
2018-04-16,0.5487499833106995,0.5508300065994263,0.5487499833106995,0.550000011920929,0.550000011920929,864000
2018-04-17,0.5454199910163879,0.5454199910163879,0.5375000238418579,0.5375000238418579,0.5375000238418579,3336000
2018-04-18,0.5454199910163879,0.5454199910163879,0.5375000238418579,0.5408300161361694,0.5408300161361694,1056000
2018-04-19,0.5491700172424316,0.5537499785423279,0.5491700172424316,0.5537499785423279,0.5537499785423279,1464000
2018-04-20,0.5366700291633606,0.5400000214576721,0.5362499952316284,0.5362499952316284,0.5362499952316284,1824000
2018-04-23,0.5304200053215027,0.5329200029373169,0.5270799994468689,0.5270799994468689,0.5270799994468689,2328000
2018-04-24,0.520829975605011,0.520829975605011,0.5162500143051147,0.5174999833106995,0.5174999833106995,912000
2018-04-25,0.5074999928474426,0.5137500166893005,0.5041700005531311,0.5116699934005737,0.5116699934005737,2616000
2018-04-26,0.5174999833106995,0.5174999833106995,0.5062500238418579,0.5062500238418579,0.5062500238418579,2856000
2018-04-27,0.5116699934005737,0.5116699934005737,0.5079200267791748,0.5087500214576721,0.5087500214576721,1392000
2018-04-30,0.5149999856948853,0.5195800065994263,0.5149999856948853,0.5195800065994263,0.5195800065994263,1056000
2018-05-02,0.5237500071525574,0.5237500071525574,0.5212500095367432,0.5212500095367432,0.5212500095367432,2472000
2018-05-03,0.5095800161361694,0.5099999904632568,0.5062500238418579,0.5083299875259399,0.5083299875259399,408000
2018-05-04,0.5074999928474426,0.510420024394989,0.5049999952316284,0.510420024394989,0.510420024394989,168000
2018-05-07,0.5154200196266174,0.5166699886322021,0.512499988079071,0.5166699886322021,0.5166699886322021,960000
2018-05-08,0.5199999809265137,0.5224999785423279,0.5199999809265137,0.5216699838638306,0.5216699838638306,1800000
2018-05-09,0.5249999761581421,0.5262500047683716,0.5249999761581421,0.5262500047683716,0.5262500047683716,1848000
2018-05-10,0.5295799970626831,0.5333300232887268,0.5295799970626831,0.5333300232887268,0.5333300232887268,264000
2018-05-11,0.5379199981689453,0.541670024394989,0.5379199981689453,0.5408300161361694,0.5408300161361694,768000
2018-05-14,0.5475000143051147,0.5512499809265137,0.5458300113677979,0.5512499809265137,0.5512499809265137,7872000
2018-05-15,0.5495799779891968,0.5495799779891968,0.543749988079071,0.543749988079071,0.543749988079071,384000
2018-05-16,0.5445799827575684,0.5445799827575684,0.5425000190734863,0.5429199934005737,0.5429199934005737,144000
2018-05-17,0.5445799827575684,0.5450000166893005,0.5404199957847595,0.5404199957847595,0.5404199957847595,2976000
2018-05-18,0.5404199957847595,0.5429199934005737,0.5383300185203552,0.5395799875259399,0.5395799875259399,360000
2018-05-21,0.550000011920929,0.5525000095367432,0.5491700172424316,0.5525000095367432,0.5525000095367432,384000
2018-05-22,0.5529199838638306,0.5537499785423279,0.550000011920929,0.550000011920929,0.550000011920929,72000
2018-05-23,0.5470799803733826,0.5470799803733826,0.5462499856948853,0.5462499856948853,0.5462499856948853,72000
2018-05-24,0.5475000143051147,0.5475000143051147,0.5475000143051147,0.5475000143051147,0.5475000143051147,792000
2018-05-25,0.5475000143051147,0.5475000143051147,0.5475000143051147,0.5475000143051147,0.5475000143051147,0
2018-05-28,0.5533300042152405,0.5533300042152405,0.5533300042152405,0.5533300042152405,0.5533300042152405,504000
2018-05-29,0.5487499833106995,0.5487499833106995,0.5487499833106995,0.5487499833106995,0.5487499833106995,48000
2018-05-30,0.5350000262260437,0.5350000262260437,0.5333300232887268,0.5333300232887268,0.5333300232887268,600000
2018-05-31,0.5400000214576721,0.541670024394989,0.5400000214576721,0.541670024394989,0.541670024394989,408000
2018-06-01,0.5458300113677979,0.5458300113677979,0.5441700220108032,0.5441700220108032,0.5441700220108032,48000
2018-06-04,0.5550000071525574,0.5649999976158142,0.5550000071525574,0.5649999976158142,0.5649999976158142,864000
2018-06-05,0.5641700029373169,0.5641700029373169,0.5595800280570984,0.5608299970626831,0.5608299970626831,720000
2018-06-06,0.5683299899101257,0.5762500166893005,0.5683299899101257,0.5762500166893005,0.5762500166893005,144000
2018-06-07,0.5791699886322021,0.5791699886322021,0.5745800137519836,0.5787500143051147,0.5787500143051147,2496000
2018-06-08,0.574999988079071,0.574999988079071,0.5695800185203552,0.5695800185203552,0.5695800185203552,3168000
2018-06-11,0.567080020904541,0.5724999904632568,0.567080020904541,0.5699999928474426,0.5699999928474426,2208000
2018-06-12,0.5699999928474426,0.5699999928474426,0.5633299946784973,0.5687500238418579,0.5687500238418579,6408000
2018-06-13,0.5691699981689453,0.5716699957847595,0.5662500262260437,0.5716699957847595,0.5716699957847595,3120000
2018-06-14,0.5658299922943115,0.5658299922943115,0.5583299994468689,0.5587499737739563,0.5587499737739563,2400000
2018-06-15,0.5541700124740601,0.5595800280570984,0.5537499785423279,0.5595800280570984,0.5595800280570984,3912000
2018-06-19,0.5508300065994263,0.5508300065994263,0.5445799827575684,0.5454199910163879,0.5454199910163879,7872000
2018-06-20,0.5445799827575684,0.5545799732208252,0.5429199934005737,0.5545799732208252,0.5545799732208252,3480000
2018-06-21,0.550000011920929,0.5541700124740601,0.550000011920929,0.5504199862480164,0.5504199862480164,4584000
2018-06-22,0.5412499904632568,0.5479199886322021,0.5412499904632568,0.5475000143051147,0.5475000143051147,6672000
2018-06-25,0.5445799827575684,0.5445799827575684,0.5408300161361694,0.5408300161361694,0.5408300161361694,2424000
2018-06-26,0.5370799899101257,0.5383300185203552,0.5291699767112732,0.5383300185203552,0.5383300185203552,3744000
2018-06-27,0.5412499904632568,0.5412499904632568,0.5354200005531311,0.5354200005531311,0.5354200005531311,4848000
2018-06-28,0.5283300280570984,0.5370799899101257,0.5283300280570984,0.5325000286102295,0.5325000286102295,6168000
2018-06-29,0.5345799922943115,0.5483300089836121,0.5341699719429016,0.5483300089836121,0.5483300089836121,5160000
2018-07-02,0.5470799803733826,0.5508300065994263,0.5408300161361694,0.5408300161361694,0.5408300161361694,7728000
2018-07-03,0.5483300089836121,0.5483300089836121,0.5362499952316284,0.5395799875259399,0.5395799875259399,4272000
2018-07-04,0.541670024394989,0.5429199934005737,0.5391700267791748,0.5429199934005737,0.5429199934005737,4512000
2018-07-05,0.535830020904541,0.5395799875259399,0.5295799970626831,0.5295799970626831,0.5295799970626831,4152000
2018-07-06,0.5329200029373169,0.5333300232887268,0.5220800042152405,0.5325000286102295,0.5325000286102295,4368000
2018-07-09,0.5387499928474426,0.5466700196266174,0.5387499928474426,0.5466700196266174,0.5466700196266174,3264000
2018-07-10,0.5504199862480164,0.5516700148582458,0.5483300089836121,0.5512499809265137,0.5512499809265137,3360000
2018-07-11,0.5383300185203552,0.5450000166893005,0.5379199981689453,0.5404199957847595,0.5404199957847595,1632000
2018-07-12,0.543749988079071,0.5541700124740601,0.543749988079071,0.5541700124740601,0.5541700124740601,11136000
2018-07-13,0.5616700053215027,0.5633299946784973,0.5575000047683716,0.5633299946784973,0.5633299946784973,10104000
2018-07-16,0.5645800232887268,0.5649999976158142,0.5616700053215027,0.5616700053215027,0.5616700053215027,2376000
2018-07-17,0.5583299994468689,0.5587499737739563,0.5550000071525574,0.5558300018310547,0.5558300018310547,5856000
2018-07-18,0.5637500286102295,0.5641700029373169,0.5604199767112732,0.5625,0.5625,5424000
2018-07-19,0.5658299922943115,0.5695800185203552,0.5612499713897705,0.5629199743270874,0.5629199743270874,6672000
2018-07-20,0.572920024394989,0.5741699934005737,0.5666700005531311,0.5699999928474426,0.5699999928474426,11064000
2018-07-23,0.5704200267791748,0.5766699910163879,0.5704200267791748,0.5737500190734863,0.5737500190734863,3528000
2018-07-24,0.5737500190734863,0.5770800113677979,0.5737500190734863,0.5766699910163879,0.5766699910163879,1248000
2018-07-25,0.5783299803733826,0.5795800089836121,0.5783299803733826,0.5795800089836121,0.5795800089836121,2184000
2018-07-26,0.5829200148582458,0.5829200148582458,0.5787500143051147,0.5808299779891968,0.5808299779891968,1272000
2018-07-27,0.5849999785423279,0.5899999737739563,0.5849999785423279,0.5895799994468689,0.5895799994468689,8376000
2018-07-30,0.5887500047683716,0.5908300280570984,0.5849999785423279,0.5858299732208252,0.5858299732208252,3744000
2018-07-31,0.5870800018310547,0.5895799994468689,0.5866699814796448,0.5883299708366394,0.5883299708366394,2400000
2018-08-01,0.59375,0.5966699719429016,0.59375,0.5966699719429016,0.5966699719429016,1656000
2018-08-02,0.5933300256729126,0.5933300256729126,0.5762500166893005,0.5779200196266174,0.5779200196266174,3408000
2018-08-03,0.5849999785423279,0.5883299708366394,0.5841699838638306,0.5883299708366394,0.5883299708366394,1584000
2018-08-06,0.5899999737739563,0.5941699743270874,0.5874999761581421,0.5887500047683716,0.5887500047683716,1176000
2018-08-07,0.5895799994468689,0.5899999737739563,0.5866699814796448,0.5870800018310547,0.5870800018310547,3528000
2018-08-08,0.59375,0.5970799922943115,0.59375,0.5950000286102295,0.5950000286102295,3624000
2018-08-09,0.5929200053215027,0.5929200053215027,0.5879200100898743,0.5929200053215027,0.5929200053215027,1392000
2018-08-10,0.5870800018310547,0.5920799970626831,0.5870800018310547,0.5879200100898743,0.5879200100898743,2016000
2018-08-13,0.5754200220108032,0.5754200220108032,0.5591700077056885,0.5637500286102295,0.5637500286102295,4392000
2018-08-14,0.5687500238418579,0.5712500214576721,0.5658299922943115,0.5712500214576721,0.5712500214576721,1656000
2018-08-15,0.5712500214576721,0.5712500214576721,0.5591700077056885,0.5612499713897705,0.5612499713897705,7344000
2018-08-16,0.552079975605011,0.5637500286102295,0.552079975605011,0.5604199767112732,0.5604199767112732,7848000
2018-08-17,0.5641700029373169,0.5641700029373169,0.5583299994468689,0.5587499737739563,0.5587499737739563,3984000
2018-08-20,0.5608299970626831,0.5637500286102295,0.5595800280570984,0.5595800280570984,0.5595800280570984,5472000
2018-08-21,0.5637500286102295,0.5687500238418579,0.5637500286102295,0.5687500238418579,0.5687500238418579,1368000
2018-08-22,0.5695800185203552,0.5716699957847595,0.5674999952316284,0.5695800185203552,0.5695800185203552,2784000
2018-08-23,0.5733299851417542,0.5774999856948853,0.5699999928474426,0.5741699934005737,0.5741699934005737,6888000
2018-08-24,0.5712500214576721,0.5712500214576721,0.5666700005531311,0.5691699981689453,0.5691699981689453,1776000
2018-08-27,0.5791699886322021,0.5816699862480164,0.5758299827575684,0.5816699862480164,0.5816699862480164,2424000
2018-08-28,0.5874999761581421,0.5912500023841858,0.5874999761581421,0.589169979095459,0.589169979095459,3096000
2018-08-29,0.5941699743270874,0.5991700291633606,0.59375,0.5970799922943115,0.5970799922943115,8304000
2018-08-30,0.604170024394989,0.606249988079071,0.5966699719429016,0.5975000262260437,0.5975000262260437,5664000
2018-08-31,0.5916699767112732,0.5945799946784973,0.5899999737739563,0.5945799946784973,0.5945799946784973,2088000
2018-09-03,0.5945799946784973,0.5954200029373169,0.5849999785423279,0.5849999785423279,0.5849999785423279,3048000
2018-09-04,0.5904200077056885,0.5929200053215027,0.5883299708366394,0.5929200053215027,0.5929200053215027,1776000
2018-09-05,0.5954200029373169,0.5954200029373169,0.5904200077056885,0.5904200077056885,0.5904200077056885,2688000
2018-09-06,0.5862500071525574,0.5883299708366394,0.5824999809265137,0.5824999809265137,0.5824999809265137,2808000
2018-09-07,0.5795800089836121,0.5816699862480164,0.5741699934005737,0.5758299827575684,0.5758299827575684,384000
2018-09-10,0.5733299851417542,0.5733299851417542,0.5637500286102295,0.5658299922943115,0.5658299922943115,6792000
2018-09-11,0.5679200291633606,0.5679200291633606,0.5616700053215027,0.5662500262260437,0.5662500262260437,6024000
2018-09-12,0.567080020904541,0.567080020904541,0.5604199767112732,0.5641700029373169,0.5641700029373169,6432000
2018-09-13,0.5662500262260437,0.5687500238418579,0.5641700029373169,0.5641700029373169,0.5641700029373169,4464000
2018-09-14,0.5724999904632568,0.581250011920929,0.5704200267791748,0.581250011920929,0.581250011920929,3720000
2018-09-17,0.5787500143051147,0.5791699886322021,0.5737500190734863,0.5745800137519836,0.5745800137519836,2400000
2018-09-18,0.5720800161361694,0.5737500190734863,0.5695800185203552,0.5699999928474426,0.5699999928474426,2904000
2018-09-19,0.5766699910163879,0.5783299803733826,0.5766699910163879,0.5783299803733826,0.5783299803733826,1320000
2018-09-20,0.5841699838638306,0.5841699838638306,0.5758299827575684,0.5762500166893005,0.5762500166893005,1920000
2018-09-21,0.5804200172424316,0.5899999737739563,0.5791699886322021,0.5899999737739563,0.5899999737739563,12624000
2018-09-25,0.5904200077056885,0.5920799970626831,0.5899999737739563,0.5912500023841858,0.5912500023841858,6696000
2018-09-26,0.5916699767112732,0.5916699767112732,0.589169979095459,0.5899999737739563,0.5899999737739563,2856000
2018-09-27,0.5870800018310547,0.5933300256729126,0.5870800018310547,0.5908300280570984,0.5908300280570984,6576000
2018-09-28,0.5933300256729126,0.5962499976158142,0.5854200124740601,0.5879200100898743,0.5879200100898743,6312000
2018-10-01,0.5908300280570984,0.5945799946784973,0.5908300280570984,0.5929200053215027,0.5929200053215027,2808000
2018-10-02,0.5837500095367432,0.5837500095367432,0.5791699886322021,0.5791699886322021,0.5791699886322021,1584000
2018-10-03,0.5783299803733826,0.5820800065994263,0.5762500166893005,0.5766699910163879,0.5766699910163879,1416000
2018-10-04,0.5720800161361694,0.5720800161361694,0.5604199767112732,0.5616700053215027,0.5616700053215027,8040000
2018-10-05,0.5566700100898743,0.5570799708366394,0.5395799875259399,0.5429199934005737,0.5429199934005737,20088000
2018-10-08,0.535830020904541,0.5400000214576721,0.5325000286102295,0.5379199981689453,0.5379199981689453,8496000
2018-10-09,0.5404199957847595,0.5408300161361694,0.5366700291633606,0.5395799875259399,0.5395799875259399,2112000
2018-10-11,0.48708000779151917,0.48750001192092896,0.45666998624801636,0.45666998624801636,0.45666998624801636,18648000
2018-10-12,0.46000000834465027,0.48666998744010925,0.46000000834465027,0.48666998744010925,0.48666998744010925,4992000
2018-10-15,0.4754199981689453,0.4766699969768524,0.4737499952316284,0.47457998991012573,0.47457998991012573,3696000
2018-10-16,0.48291999101638794,0.48458001017570496,0.47582998871803284,0.48166999220848083,0.48166999220848083,2976000
2018-10-17,0.49542000889778137,0.49542000889778137,0.48333001136779785,0.48333001136779785,0.48333001136779785,4488000
2018-10-18,0.48374998569488525,0.48791998624801636,0.47832998633384705,0.47832998633384705,0.47832998633384705,7344000
2018-10-19,0.4691700041294098,0.47957998514175415,0.4691700041294098,0.47957998514175415,0.47957998514175415,3360000
2018-10-22,0.471670001745224,0.48583000898361206,0.4712499976158142,0.48291999101638794,0.48291999101638794,5928000
2018-10-23,0.4704200029373169,0.47457998991012573,0.46417000889778137,0.46417000889778137,0.46417000889778137,5688000
2018-10-24,0.46417000889778137,0.4683299958705902,0.45416998863220215,0.4620800018310547,0.4620800018310547,3648000
2018-10-25,0.4391700029373169,0.44624999165534973,0.4366700053215027,0.4391700029373169,0.4391700029373169,11760000
2018-10-26,0.4441699981689453,0.44707998633384705,0.42750000953674316,0.4358299970626831,0.4358299970626831,13464000
2018-10-29,0.4424999952316284,0.4441699981689453,0.4362500011920929,0.4391700029373169,0.4391700029373169,8112000
2018-10-30,0.4416700005531311,0.44707998633384705,0.440420001745224,0.4416700005531311,0.4416700005531311,11448000
2018-10-31,0.45166999101638794,0.46000000834465027,0.45166999101638794,0.46000000834465027,0.46000000834465027,3864000
2018-11-01,0.46042001247406006,0.4699999988079071,0.46000000834465027,0.4679200053215027,0.4679200053215027,4344000
2018-11-02,0.4720799922943115,0.4749999940395355,0.4683299958705902,0.47332999110221863,0.47332999110221863,4920000
2018-11-05,0.4666700065135956,0.4679200053215027,0.4633300006389618,0.4679200053215027,0.4679200053215027,5112000
2018-11-06,0.4679200053215027,0.4679200053215027,0.4679200053215027,0.4679200053215027,0.4679200053215027,0
2018-11-07,0.4729200005531311,0.4762499928474426,0.4699999988079071,0.4737499952316284,0.4737499952316284,5424000
2018-11-08,0.48541998863220215,0.48583000898361206,0.47874999046325684,0.47957998514175415,0.47957998514175415,3864000
2018-11-09,0.4754199981689453,0.4754199981689453,0.4650000035762787,0.4675000011920929,0.4675000011920929,2568000
2018-11-12,0.4720799922943115,0.47332999110221863,0.4699999988079071,0.4699999988079071,0.4699999988079071,3864000
2018-11-13,0.4466699957847595,0.4637500047683716,0.4466699957847595,0.4612500071525574,0.4612500071525574,3672000
2018-11-14,0.4612500071525574,0.4612500071525574,0.4612500071525574,0.4612500071525574,0.4612500071525574,0
2018-11-15,0.4612500071525574,0.4612500071525574,0.4612500071525574,0.4612500071525574,0.4612500071525574,0
2018-11-16,0.4724999964237213,0.4724999964237213,0.4675000011920929,0.4675000011920929,0.4675000011920929,1704000
2018-11-19,0.4675000011920929,0.4675000011920929,0.4675000011920929,0.4675000011920929,0.4675000011920929,0
2018-11-20,0.4675000011920929,0.4675000011920929,0.4675000011920929,0.4675000011920929,0.4675000011920929,0
2018-11-21,0.45375001430511475,0.4625000059604645,0.45333001017570496,0.4625000059604645,0.4625000059604645,2208000
2018-11-22,0.4625000059604645,0.4625000059604645,0.4625000059604645,0.4625000059604645,0.4625000059604645,0
2018-11-23,0.4620800018310547,0.4620800018310547,0.45416998863220215,0.45750001072883606,0.45750001072883606,1440000
2018-11-26,0.4699999988079071,0.4708299934864044,0.4633300006389618,0.4650000035762787,0.4650000035762787,6912000
2018-11-27,0.4650000035762787,0.4650000035762787,0.4650000035762787,0.4650000035762787,0.4650000035762787,0
2018-11-28,0.465829998254776,0.47707998752593994,0.4637500047683716,0.4762499928474426,0.4762499928474426,2544000
2018-11-29,0.48458001017570496,0.48666998744010925,0.47874999046325684,0.47999998927116394,0.47999998927116394,3192000
2018-11-30,0.47999998927116394,0.47999998927116394,0.47999998927116394,0.47999998927116394,0.47999998927116394,0
2018-12-03,0.48833000659942627,0.5012500286102295,0.48833000659942627,0.5008299946784973,0.5008299946784973,8136000
2018-12-04,0.49542000889778137,0.497079998254776,0.49167001247406006,0.4925000071525574,0.4925000071525574,3816000
2018-12-05,0.4791699945926666,0.48166999220848083,0.4762499928474426,0.4766699969768524,0.4766699969768524,6216000
2018-12-06,0.4670799970626831,0.4670799970626831,0.45333001017570496,0.45541998744010925,0.45541998744010925,5112000
2018-12-07,0.46167001128196716,0.4645799994468689,0.4608300030231476,0.4645799994468689,0.4645799994468689,3336000
2018-12-10,0.45124998688697815,0.45708000659942627,0.45041999220848083,0.45124998688697815,0.45124998688697815,3192000
2018-12-11,0.45124998688697815,0.45124998688697815,0.45124998688697815,0.45124998688697815,0.45124998688697815,0
2018-12-12,0.4654200077056885,0.4704200029373169,0.4637500047683716,0.4695799946784973,0.4695799946784973,1992000
2018-12-13,0.4699999988079071,0.47457998991012573,0.4699999988079071,0.4720799922943115,0.4720799922943115,1512000
2018-12-14,0.4608300030231476,0.4612500071525574,0.4583300054073334,0.4612500071525574,0.4612500071525574,1464000
2018-12-17,0.4650000035762787,0.46875,0.4650000035762787,0.4679200053215027,0.4679200053215027,1800000
2018-12-18,0.46292001008987427,0.4633300006389618,0.45917001366615295,0.4608300030231476,0.4608300030231476,3000000
2018-12-19,0.4633300006389618,0.465829998254776,0.4633300006389618,0.4650000035762787,0.4650000035762787,1440000
2018-12-20,0.4650000035762787,0.4650000035762787,0.4650000035762787,0.4650000035762787,0.4650000035762787,0
2018-12-21,0.45208001136779785,0.45625001192092896,0.45041999220848083,0.45625001192092896,0.45625001192092896,2088000
2018-12-24,0.45208001136779785,0.45291998982429504,0.45208001136779785,0.45291998982429504,0.45291998982429504,504000
2018-12-25,0.4366700053215027,0.4412499964237213,0.4366700053215027,0.4412499964237213,0.4412499964237213,2280000
2018-12-26,0.4466699957847595,0.4466699957847595,0.4429199993610382,0.4441699981689453,0.4441699981689453,768000
2018-12-27,0.45041999220848083,0.45500001311302185,0.44874998927116394,0.45500001311302185,0.45500001311302185,792000
2018-12-28,0.45500001311302185,0.45500001311302185,0.45500001311302185,0.45500001311302185,0.45500001311302185,24000
2019-01-02,0.46042001247406006,0.46042001247406006,0.4441699981689453,0.4449999928474426,0.4449999928474426,2184000
2019-01-03,0.4391700029373169,0.4449999928474426,0.4370799958705902,0.4370799958705902,0.4370799958705902,1488000
2019-01-04,0.42875000834465027,0.4333299994468689,0.42500001192092896,0.43042001128196716,0.43042001128196716,2016000
2019-01-07,0.44332998991012573,0.44874998927116394,0.44207999110221863,0.44874998927116394,0.44874998927116394,504000
2019-01-08,0.44874998927116394,0.44916999340057373,0.44582998752593994,0.44874998927116394,0.44874998927116394,384000
2019-01-09,0.45249998569488525,0.4650000035762787,0.45249998569488525,0.4637500047683716,0.4637500047683716,3432000
2019-01-10,0.45875000953674316,0.46167001128196716,0.45875000953674316,0.46042001247406006,0.46042001247406006,960000
2019-01-11,0.4666700065135956,0.4699999988079071,0.4645799994468689,0.465829998254776,0.465829998254776,2400000
2019-01-14,0.46292001008987427,0.46292001008987427,0.4583300054073334,0.4583300054073334,0.4583300054073334,144000
2019-01-15,0.46167001128196716,0.4708299934864044,0.46167001128196716,0.4691700041294098,0.4691700041294098,2640000
2019-01-16,0.4683299958705902,0.4695799946784973,0.4679200053215027,0.4679200053215027,0.4679200053215027,360000
2019-01-17,0.4724999964237213,0.4724999964237213,0.4633300006389618,0.4683299958705902,0.4683299958705902,888000
2019-01-18,0.4712499976158142,0.4737499952316284,0.4712499976158142,0.4729200005531311,0.4729200005531311,744000
2019-01-21,0.47749999165534973,0.48083001375198364,0.47749999165534973,0.4779199957847595,0.4779199957847595,480000
2019-01-22,0.4749999940395355,0.4749999940395355,0.4741699993610382,0.4741699993610382,0.4741699993610382,96000
2019-01-23,0.4766699969768524,0.4766699969768524,0.4720799922943115,0.4720799922943115,0.4720799922943115,96000
2019-01-24,0.4766699969768524,0.4766699969768524,0.4741699993610382,0.47582998871803284,0.47582998871803284,120000
2019-01-25,0.48208001255989075,0.48875001072883606,0.48166999220848083,0.48750001192092896,0.48750001192092896,3048000
2019-01-28,0.48875001072883606,0.4908300042152405,0.48875001072883606,0.4908300042152405,0.4908300042152405,408000
2019-01-29,0.47999998927116394,0.48249998688697815,0.47832998633384705,0.48041999340057373,0.48041999340057373,264000
2019-01-30,0.47999998927116394,0.48583000898361206,0.47999998927116394,0.48249998688697815,0.48249998688697815,2808000
2019-02-11,0.49167001247406006,0.4950000047683716,0.48875001072883606,0.49000000953674316,0.49000000953674316,1008000
2019-02-12,0.4933300018310547,0.4987500011920929,0.4933300018310547,0.497079998254776,0.497079998254776,2784000
2019-02-13,0.4983299970626831,0.4983299970626831,0.4958299994468689,0.4966700077056885,0.4966700077056885,576000
2019-02-14,0.5,0.5008299946784973,0.4966700077056885,0.4966700077056885,0.4966700077056885,480000
2019-02-15,0.4958299994468689,0.5004199743270874,0.4920800030231476,0.4937500059604645,0.4937500059604645,360000
2019-02-18,0.4995799958705902,0.5041700005531311,0.4995799958705902,0.5041700005531311,0.5041700005531311,744000
2019-02-19,0.5033299922943115,0.5037500262260437,0.5024999976158142,0.5037500262260437,0.5037500262260437,480000
2019-02-20,0.5116699934005737,0.5141699910163879,0.5095800161361694,0.5120800137519836,0.5120800137519836,1272000
2019-02-21,0.5141699910163879,0.5191699862480164,0.512499988079071,0.518750011920929,0.518750011920929,1368000
2019-02-22,0.5166699886322021,0.5166699886322021,0.5141699910163879,0.5166699886322021,0.5166699886322021,168000
2019-02-25,0.5229200124740601,0.5249999761581421,0.5212500095367432,0.5249999761581421,0.5249999761581421,552000
2019-02-26,0.5249999761581421,0.5270799994468689,0.5241699814796448,0.5241699814796448,0.5241699814796448,672000
2019-02-27,0.5216699838638306,0.5249999761581421,0.5216699838638306,0.5249999761581421,0.5249999761581421,672000
2019-03-04,0.5170800089836121,0.5216699838638306,0.5170800089836121,0.5216699838638306,0.5216699838638306,888000
2019-03-05,0.5162500143051147,0.5170800089836121,0.5141699910163879,0.5149999856948853,0.5149999856948853,840000
2019-03-06,0.5204200148582458,0.5212500095367432,0.5179200172424316,0.520829975605011,0.520829975605011,1272000
2019-03-07,0.5224999785423279,0.5224999785423279,0.5154200196266174,0.5154200196266174,0.5154200196266174,624000
2019-03-08,0.5062500238418579,0.5116699934005737,0.5062500238418579,0.5095800161361694,0.5095800161361694,384000
2019-03-11,0.5091699957847595,0.5099999904632568,0.5091699957847595,0.5099999904632568,0.5099999904632568,288000
2019-03-12,0.5220800042152405,0.5249999761581421,0.5220800042152405,0.5249999761581421,0.5249999761581421,384000
2019-03-13,0.5229200124740601,0.5229200124740601,0.518750011920929,0.5212500095367432,0.5212500095367432,144000
2019-03-14,0.5249999761581421,0.5254200100898743,0.5199999809265137,0.5199999809265137,0.5199999809265137,480000
2019-03-15,0.5274999737739563,0.5295799970626831,0.5274999737739563,0.5295799970626831,0.5295799970626831,552000
2019-03-18,0.5316699743270874,0.5362499952316284,0.5316699743270874,0.5362499952316284,0.5362499952316284,1032000
2019-03-19,0.5354200005531311,0.5395799875259399,0.5354200005531311,0.5395799875259399,0.5395799875259399,216000
2019-03-20,0.5391700267791748,0.5391700267791748,0.5375000238418579,0.5391700267791748,0.5391700267791748,576000
2019-03-21,0.5429199934005737,0.5462499856948853,0.5425000190734863,0.5458300113677979,0.5458300113677979,1512000
2019-03-22,0.5541700124740601,0.5541700124740601,0.5479199886322021,0.5508300065994263,0.5508300065994263,528000
2019-03-25,0.5341699719429016,0.5345799922943115,0.5308300256729126,0.5320799946784973,0.5320799946784973,576000
2019-03-26,0.5412499904632568,0.541670024394989,0.5395799875259399,0.5408300161361694,0.5408300161361694,600000
2019-03-27,0.5375000238418579,0.5408300161361694,0.535830020904541,0.5404199957847595,0.5404199957847595,192000
2019-03-28,0.5375000238418579,0.5387499928474426,0.5375000238418579,0.5387499928474426,0.5387499928474426,48000
2019-03-29,0.5395799875259399,0.5458300113677979,0.5395799875259399,0.5458300113677979,0.5458300113677979,288000
2019-04-01,0.5566700100898743,0.5591700077056885,0.5533300042152405,0.5537499785423279,0.5537499785423279,504000
2019-04-02,0.557919979095459,0.5583299994468689,0.557919979095459,0.557919979095459,0.557919979095459,72000
2019-04-03,0.5625,0.5625,0.5554199814796448,0.5591700077056885,0.5591700077056885,408000
2019-04-08,0.567080020904541,0.5679200291633606,0.5662500262260437,0.5662500262260437,0.5662500262260437,576000
2019-04-09,0.5674999952316284,0.572920024394989,0.5674999952316284,0.572920024394989,0.572920024394989,3240000
2019-04-10,0.5741699934005737,0.5758299827575684,0.5737500190734863,0.5758299827575684,0.5758299827575684,96000
2019-04-11,0.5770800113677979,0.5770800113677979,0.5687500238418579,0.5687500238418579,0.5687500238418579,816000
2019-04-12,0.5720800161361694,0.5720800161361694,0.5687500238418579,0.5687500238418579,0.5687500238418579,96000
2019-04-15,0.5791699886322021,0.5791699886322021,0.5770800113677979,0.5770800113677979,0.5770800113677979,168000
2019-04-16,0.5787500143051147,0.5816699862480164,0.5787500143051147,0.5816699862480164,0.5816699862480164,480000
2019-04-17,0.5849999785423279,0.5899999737739563,0.5849999785423279,0.589169979095459,0.589169979095459,912000
2019-04-18,0.5933300256729126,0.59375,0.589169979095459,0.589169979095459,0.589169979095459,576000
2019-04-19,0.5945799946784973,0.5945799946784973,0.5879200100898743,0.5879200100898743,0.5879200100898743,552000
2019-04-22,0.59375,0.59375,0.5916699767112732,0.5916699767112732,0.5916699767112732,96000
2019-04-23,0.5895799994468689,0.5916699767112732,0.5895799994468689,0.5916699767112732,0.5916699767112732,360000
2019-04-24,0.5958300232887268,0.5958300232887268,0.5916699767112732,0.5916699767112732,0.5916699767112732,72000
2019-04-25,0.5920799970626831,0.5950000286102295,0.5920799970626831,0.5950000286102295,0.5950000286102295,48000
2019-04-26,0.5841699838638306,0.5841699838638306,0.5808299779891968,0.583329975605011,0.583329975605011,120000
2019-04-29,0.5816699862480164,0.5849999785423279,0.5816699862480164,0.5849999785423279,0.5849999785423279,168000
2019-04-30,0.5820800065994263,0.5820800065994263,0.581250011920929,0.5820800065994263,0.5820800065994263,72000
2019-05-02,0.5912500023841858,0.5912500023841858,0.5883299708366394,0.5883299708366394,0.5883299708366394,48000
2019-05-03,0.5904200077056885,0.59375,0.5904200077056885,0.59375,0.59375,72000
2019-05-06,0.5816699862480164,0.5816699862480164,0.5758299827575684,0.5758299827575684,0.5758299827575684,168000
2019-05-07,0.581250011920929,0.5904200077056885,0.581250011920929,0.5904200077056885,0.5904200077056885,144000
2019-05-08,0.5737500190734863,0.5829200148582458,0.5737500190734863,0.5820800065994263,0.5820800065994263,408000
2019-05-09,0.5666700005531311,0.5666700005531311,0.5612499713897705,0.5658299922943115,0.5658299922943115,4512000
2019-05-10,0.5687500238418579,0.5720800161361694,0.5550000071525574,0.5583299994468689,0.5583299994468689,1080000
2019-05-13,0.5554199814796448,0.5554199814796448,0.5454199910163879,0.5458300113677979,0.5458300113677979,1080000
2019-05-14,0.5350000262260437,0.5429199934005737,0.5287500023841858,0.541670024394989,0.541670024394989,816000
2019-05-15,0.5412499904632568,0.5475000143051147,0.5412499904632568,0.5458300113677979,0.5458300113677979,336000
2019-05-16,0.5383300185203552,0.5454199910163879,0.5375000238418579,0.5375000238418579,0.5375000238418579,264000
2019-05-17,0.5395799875259399,0.5404199957847595,0.5320799946784973,0.5320799946784973,0.5320799946784973,168000
2019-05-20,0.5316699743270874,0.5333300232887268,0.5299999713897705,0.5299999713897705,0.5299999713897705,576000
2019-05-21,0.5299999713897705,0.5379199981689453,0.5283300280570984,0.5379199981689453,0.5379199981689453,264000
2019-05-22,0.5354200005531311,0.5391700267791748,0.5341699719429016,0.5341699719429016,0.5341699719429016,1320000
2019-05-23,0.5254200100898743,0.5254200100898743,0.5166699886322021,0.520829975605011,0.520829975605011,2976000
2019-05-24,0.5249999761581421,0.5249999761581421,0.5216699838638306,0.5237500071525574,0.5237500071525574,936000
2019-05-27,0.5224999785423279,0.5224999785423279,0.518750011920929,0.518750011920929,0.518750011920929,144000
2019-05-28,0.5233299732208252,0.5233299732208252,0.5191699862480164,0.5216699838638306,0.5216699838638306,264000
2019-05-29,0.5166699886322021,0.5179200172424316,0.5162500143051147,0.5179200172424316,0.5179200172424316,384000
2019-05-30,0.5241699814796448,0.5258299708366394,0.5241699814796448,0.5258299708366394,0.5258299708366394,72000
2019-05-31,0.5291699767112732,0.5370799899101257,0.5291699767112732,0.5370799899101257,0.5370799899101257,1080000
2019-06-03,0.5287500023841858,0.5329200029373169,0.5287500023841858,0.5329200029373169,0.5329200029373169,72000
2019-06-04,0.5333300232887268,0.5333300232887268,0.5308300256729126,0.5308300256729126,0.5308300256729126,456000
2019-06-05,0.5375000238418579,0.5375000238418579,0.5362499952316284,0.5370799899101257,0.5370799899101257,336000
2019-06-06,0.5279200077056885,0.5279200077056885,0.5229200124740601,0.5249999761581421,0.5249999761581421,192000
2019-06-10,0.5341699719429016,0.541670024394989,0.5325000286102295,0.541670024394989,0.541670024394989,528000
2019-06-11,0.541670024394989,0.5487499833106995,0.541670024394989,0.5487499833106995,0.5487499833106995,696000
2019-06-12,0.5479199886322021,0.5491700172424316,0.5466700196266174,0.5491700172424316,0.5491700172424316,192000
2019-06-13,0.5454199910163879,0.5454199910163879,0.5383300185203552,0.5420799851417542,0.5420799851417542,168000
2019-06-14,0.5408300161361694,0.5425000190734863,0.5395799875259399,0.5395799875259399,0.5395799875259399,264000
2019-06-17,0.5366700291633606,0.5450000166893005,0.5366700291633606,0.5450000166893005,0.5450000166893005,48000
2019-06-18,0.5433300137519836,0.5433300137519836,0.5433300137519836,0.5433300137519836,0.5433300137519836,24000
2019-06-19,0.5550000071525574,0.5654199719429016,0.5550000071525574,0.5654199719429016,0.5654199719429016,1920000
2019-06-20,0.5666700005531311,0.5691699981689453,0.5666700005531311,0.5683299899101257,0.5683299899101257,600000
2019-06-21,0.5724999904632568,0.572920024394989,0.5724999904632568,0.572920024394989,0.572920024394989,96000
2019-06-24,0.5708299875259399,0.574999988079071,0.5708299875259399,0.574999988079071,0.574999988079071,408000
2019-06-25,0.5649999976158142,0.5649999976158142,0.5649999976158142,0.5649999976158142,0.5649999976158142,24000
2019-06-26,0.5600000023841858,0.5629199743270874,0.5600000023841858,0.5629199743270874,0.5629199743270874,120000
2019-06-27,0.5699999928474426,0.5741699934005737,0.5699999928474426,0.5737500190734863,0.5737500190734863,168000
2019-06-28,0.5687500238418579,0.5687500238418579,0.5687500238418579,0.5687500238418579,0.5687500238418579,24000
2019-07-01,0.5799999833106995,0.5874999761581421,0.5799999833106995,0.5858299732208252,0.5858299732208252,840000
2019-07-02,0.5866699814796448,0.5866699814796448,0.5849999785423279,0.5849999785423279,0.5849999785423279,48000
2019-07-03,0.5804200172424316,0.5804200172424316,0.5754200220108032,0.5754200220108032,0.5754200220108032,144000
2019-07-04,0.5779200196266174,0.581250011920929,0.5770800113677979,0.581250011920929,0.581250011920929,168000
2019-07-05,0.583329975605011,0.583329975605011,0.5824999809265137,0.5824999809265137,0.5824999809265137,48000
2019-07-08,0.5799999833106995,0.5799999833106995,0.5733299851417542,0.5745800137519836,0.5745800137519836,528000
2019-07-09,0.5766699910163879,0.5766699910163879,0.572920024394989,0.5745800137519836,0.5745800137519836,480000
2019-07-10,0.5829200148582458,0.5845800042152405,0.5829200148582458,0.5845800042152405,0.5845800042152405,264000
2019-07-11,0.5895799994468689,0.5933300256729126,0.5895799994468689,0.5933300256729126,0.5933300256729126,648000
2019-07-12,0.5929200053215027,0.5929200053215027,0.5929200053215027,0.5929200053215027,0.5929200053215027,24000
2019-07-15,0.5920799970626831,0.5970799922943115,0.5920799970626831,0.5966699719429016,0.5966699719429016,192000
2019-07-16,0.5979200005531311,0.5991700291633606,0.5979200005531311,0.5979200005531311,0.5979200005531311,168000
2019-07-17,0.5933300256729126,0.5941699743270874,0.5933300256729126,0.5941699743270874,0.5941699743270874,48000
2019-07-18,0.5899999737739563,0.5924999713897705,0.5899999737739563,0.5924999713897705,0.5924999713897705,48000
2019-07-19,0.6020799875259399,0.604170024394989,0.6020799875259399,0.6033300161361694,0.6033300161361694,168000
2019-07-22,0.6037499904632568,0.6050000190734863,0.6037499904632568,0.604170024394989,0.604170024394989,432000
2019-07-23,0.6087499856948853,0.6095799803733826,0.6054199934005737,0.6054199934005737,0.6054199934005737,360000
2019-07-24,0.6079199910163879,0.6087499856948853,0.6075000166893005,0.6075000166893005,0.6075000166893005,72000
2019-07-25,0.6100000143051147,0.6100000143051147,0.6095799803733826,0.6095799803733826,0.6095799803733826,48000
2019-07-26,0.604170024394989,0.6070799827575684,0.604170024394989,0.6070799827575684,0.6070799827575684,144000
2019-07-29,0.6033300161361694,0.604170024394989,0.6033300161361694,0.604170024394989,0.604170024394989,120000
2019-07-30,0.6079199910163879,0.6079199910163879,0.6045799851417542,0.6045799851417542,0.6045799851417542,72000
2019-07-31,0.5970799922943115,0.5995799899101257,0.5970799922943115,0.5995799899101257,0.5995799899101257,48000
2019-08-01,0.59375,0.59375,0.5899999737739563,0.5916699767112732,0.5916699767112732,240000
2019-08-02,0.5766699910163879,0.5766699910163879,0.5695800185203552,0.5712500214576721,0.5712500214576721,1272000
2019-08-05,0.5649999976158142,0.5649999976158142,0.5604199767112732,0.5604199767112732,0.5604199767112732,480000
2019-08-06,0.5370799899101257,0.5583299994468689,0.5370799899101257,0.5583299994468689,0.5583299994468689,984000
2019-08-07,0.5591700077056885,0.5591700077056885,0.5541700124740601,0.5541700124740601,0.5541700124740601,192000
2019-08-08,0.5629199743270874,0.5674999952316284,0.5629199743270874,0.5674999952316284,0.5674999952316284,456000
2019-08-12,0.5654199719429016,0.5720800161361694,0.5654199719429016,0.5695800185203552,0.5695800185203552,192000
2019-08-13,0.5583299994468689,0.5595800280570984,0.5562499761581421,0.5562499761581421,0.5562499761581421,456000
2019-08-14,0.5708299875259399,0.5716699957847595,0.5683299899101257,0.5695800185203552,0.5695800185203552,672000
2019-08-15,0.5512499809265137,0.5554199814796448,0.5512499809265137,0.5525000095367432,0.5525000095367432,1200000
2019-08-16,0.5525000095367432,0.5633299946784973,0.5525000095367432,0.5629199743270874,0.5629199743270874,144000
2019-08-19,0.5674999952316284,0.5724999904632568,0.5674999952316284,0.5724999904632568,0.5724999904632568,984000
2019-08-20,0.5737500190734863,0.5770800113677979,0.5712500214576721,0.5770800113677979,0.5770800113677979,1128000
2019-08-21,0.572920024394989,0.5779200196266174,0.572920024394989,0.5779200196266174,0.5779200196266174,240000
2019-08-22,0.581250011920929,0.5858299732208252,0.5774999856948853,0.5774999856948853,0.5774999856948853,360000
2019-08-23,0.5779200196266174,0.5779200196266174,0.5745800137519836,0.5745800137519836,0.5745800137519836,120000
2019-08-26,0.5591700077056885,0.5637500286102295,0.5575000047683716,0.5633299946784973,0.5633299946784973,864000
2019-08-27,0.5654199719429016,0.5662500262260437,0.5625,0.5625,0.5625,216000
2019-08-28,0.5683299899101257,0.5699999928474426,0.5683299899101257,0.5699999928474426,0.5699999928474426,72000
2019-08-29,0.5654199719429016,0.5687500238418579,0.5654199719429016,0.5687500238418579,0.5687500238418579,168000
2019-08-30,0.5791699886322021,0.5870800018310547,0.5791699886322021,0.5870800018310547,0.5870800018310547,936000
2019-09-02,0.5874999761581421,0.5908300280570984,0.5874999761581421,0.5908300280570984,0.5908300280570984,120000
2019-09-03,0.5887500047683716,0.5933300256729126,0.583329975605011,0.5874999761581421,0.5874999761581421,2568000
2019-09-04,0.5920799970626831,0.5958300232887268,0.5908300280570984,0.5958300232887268,0.5958300232887268,264000
2019-09-05,0.6012499928474426,0.6066700220108032,0.6012499928474426,0.604170024394989,0.604170024394989,1536000
2019-09-06,0.6054199934005737,0.6087499856948853,0.6054199934005737,0.6087499856948853,0.6087499856948853,408000
2019-09-10,0.6058300137519836,0.6058300137519836,0.6029199957847595,0.6058300137519836,0.6058300137519836,240000
2019-09-11,0.6112499833106995,0.6112499833106995,0.6091700196266174,0.6095799803733826,0.6095799803733826,144000
2019-09-12,0.6158300042152405,0.6162499785423279,0.612500011920929,0.6150000095367432,0.6150000095367432,552000
2019-09-16,0.6141700148582458,0.6208299994468689,0.6141700148582458,0.6208299994468689,0.6208299994468689,240000
2019-09-17,0.6200000047683716,0.620419979095459,0.6175000071525574,0.620419979095459,0.620419979095459,216000
2019-09-18,0.6208299994468689,0.6283299922943115,0.6208299994468689,0.6283299922943115,0.6283299922943115,336000
2019-09-19,0.6241700053215027,0.6279199719429016,0.6187499761581421,0.6187499761581421,0.6187499761581421,384000
2019-09-20,0.625,0.625,0.625,0.625,0.625,24000
2019-09-23,0.6279199719429016,0.6287500262260437,0.6225000023841858,0.6241700053215027,0.6241700053215027,192000
2019-09-24,0.6266700029373169,0.6291700005531311,0.6241700053215027,0.6266700029373169,0.6266700029373169,168000
2019-09-25,0.6220800280570984,0.6220800280570984,0.6162499785423279,0.6175000071525574,0.6175000071525574,96000
2019-09-26,0.625,0.625,0.6200000047683716,0.6200000047683716,0.6200000047683716,72000
2019-09-27,0.625,0.625,0.6166700124740601,0.6166700124740601,0.6166700124740601,144000
2019-10-01,0.6212499737739563,0.6320800185203552,0.6212499737739563,0.6291700005531311,0.6291700005531311,6768000
2019-10-02,0.6291700005531311,0.6304200291633606,0.6283299922943115,0.6287500262260437,0.6287500262260437,144000
2019-10-03,0.6108300089836121,0.6216700077056885,0.6108300089836121,0.6200000047683716,0.6200000047683716,192000
2019-10-04,0.6216700077056885,0.6262500286102295,0.6166700124740601,0.6233299970626831,0.6233299970626831,3552000
2019-10-07,0.6241700053215027,0.6283299922943115,0.6241700053215027,0.6262500286102295,0.6262500286102295,840000
2019-10-08,0.6308299899101257,0.637499988079071,0.6308299899101257,0.637499988079071,0.637499988079071,2160000
2019-10-09,0.6320800185203552,0.6320800185203552,0.6270800232887268,0.6283299922943115,0.6283299922943115,4920000
2019-10-14,0.6445800065994263,0.6474999785423279,0.643750011920929,0.6474999785423279,0.6474999785423279,168000
2019-10-15,0.6487500071525574,0.6512500047683716,0.6445800065994263,0.6512500047683716,0.6512500047683716,192000
2019-10-16,0.6566699743270874,0.6566699743270874,0.6508299708366394,0.6549999713897705,0.6549999713897705,144000
2019-10-17,0.6554200053215027,0.6575000286102295,0.6541699767112732,0.6541699767112732,0.6541699767112732,120000
2019-10-18,0.6587499976158142,0.6650000214576721,0.6533300280570984,0.6566699743270874,0.6566699743270874,264000
2019-10-21,0.6583300232887268,0.6591699719429016,0.65625,0.6587499976158142,0.6587499976158142,168000
2019-10-22,0.6625000238418579,0.6683300137519836,0.6625000238418579,0.6662499904632568,0.6662499904632568,216000
2019-10-23,0.6691700220108032,0.6691700220108032,0.6595799922943115,0.6629199981689453,0.6629199981689453,192000
2019-10-24,0.6679199934005737,0.6708300113677979,0.6675000190734863,0.6708300113677979,0.6708300113677979,4968000
2019-10-25,0.6775000095367432,0.6775000095367432,0.6683300137519836,0.6720799803733826,0.6720799803733826,168000
2019-10-28,0.6775000095367432,0.6775000095367432,0.6745799779891968,0.6766700148582458,0.6766700148582458,216000
2019-10-29,0.6812499761581421,0.6812499761581421,0.6779199838638306,0.6779199838638306,0.6779199838638306,48000
2019-10-30,0.6754199862480164,0.6795799732208252,0.6754199862480164,0.6791700124740601,0.6791700124740601,360000
2019-10-31,0.6833299994468689,0.6862499713897705,0.682919979095459,0.682919979095459,0.682919979095459,120000
2019-11-01,0.677079975605011,0.6837499737739563,0.677079975605011,0.6837499737739563,0.6837499737739563,240000
2019-11-04,0.6908299922943115,0.7041699886322021,0.6908299922943115,0.7037500143051147,0.7037500143051147,336000
2019-11-05,0.7099999785423279,0.7137500047683716,0.7099999785423279,0.7137500047683716,0.7137500047683716,360000
2019-11-06,0.7149999737739563,0.7200000286102295,0.7112500071525574,0.7179200053215027,0.7179200053215027,480000
2019-11-07,0.7149999737739563,0.7149999737739563,0.7049999833106995,0.7116699814796448,0.7116699814796448,384000
2019-11-08,0.7116699814796448,0.7145799994468689,0.7066699862480164,0.7066699862480164,0.7066699862480164,384000
2019-11-11,0.7029200196266174,0.7029200196266174,0.6883299946784973,0.692080020904541,0.692080020904541,528000
2019-11-12,0.6974999904632568,0.7016699910163879,0.6954200267791748,0.7016699910163879,0.7016699910163879,312000
2019-11-13,0.6929200291633606,0.6966699957847595,0.6904199719429016,0.6954200267791748,0.6954200267791748,144000
2019-11-14,0.6970800161361694,0.6970800161361694,0.6891700029373169,0.6912500262260437,0.6912500262260437,168000
2019-11-15,0.7024999856948853,0.7045800089836121,0.7012500166893005,0.7029200196266174,0.7029200196266174,240000
2019-11-18,0.7033299803733826,0.7087500095367432,0.7033299803733826,0.708329975605011,0.708329975605011,1560000
2019-11-19,0.7116699814796448,0.7170799970626831,0.7116699814796448,0.7158300280570984,0.7158300280570984,240000
2019-11-20,0.7133299708366394,0.714169979095459,0.7116699814796448,0.7116699814796448,0.7116699814796448,72000
2019-11-21,0.6937500238418579,0.7058299779891968,0.6937500238418579,0.7058299779891968,0.7058299779891968,1800000
2019-11-22,0.7079200148582458,0.7079200148582458,0.7037500143051147,0.706250011920929,0.706250011920929,216000
2019-11-25,0.7124999761581421,0.7129200100898743,0.706250011920929,0.7079200148582458,0.7079200148582458,288000
2019-11-26,0.7137500047683716,0.7174999713897705,0.7124999761581421,0.7158300280570984,0.7158300280570984,216000
2019-11-27,0.7129200100898743,0.7174999713897705,0.7129200100898743,0.7174999713897705,0.7174999713897705,384000
2019-11-28,0.7120800018310547,0.7120800018310547,0.7120800018310547,0.7120800018310547,0.7120800018310547,24000
2019-11-29,0.7124999761581421,0.7124999761581421,0.6962500214576721,0.6962500214576721,0.6962500214576721,432000
2019-12-02,0.7012500166893005,0.7012500166893005,0.6966699957847595,0.699999988079071,0.699999988079071,144000
2019-12-03,0.6974999904632568,0.7020800113677979,0.6974999904632568,0.7016699910163879,0.7016699910163879,216000
2019-12-04,0.697920024394989,0.6987500190734863,0.6929200291633606,0.697920024394989,0.697920024394989,216000
2019-12-05,0.7054200172424316,0.7129200100898743,0.7054200172424316,0.7112500071525574,0.7112500071525574,120000
2019-12-06,0.71875,0.71875,0.7108299732208252,0.7124999761581421,0.7124999761581421,144000
2019-12-09,0.7179200053215027,0.7229200005531311,0.714169979095459,0.7216699719429016,0.7216699719429016,576000
2019-12-10,0.7170799970626831,0.7170799970626831,0.7133299708366394,0.7133299708366394,0.7133299708366394,120000
2019-12-11,0.7129200100898743,0.7216699719429016,0.7124999761581421,0.7216699719429016,0.7216699719429016,216000
2019-12-12,0.7266700267791748,0.745419979095459,0.7262499928474426,0.7441700100898743,0.7441700100898743,552000
2019-12-13,0.7579200267791748,0.7599999904632568,0.7470800280570984,0.7533299922943115,0.7533299922943115,600000
2019-12-16,0.7524999976158142,0.7570800185203552,0.7524999976158142,0.7562500238418579,0.7562500238418579,0
2019-12-17,0.7537500262260437,0.7712500095367432,0.7537500262260437,0.7712500095367432,0.7712500095367432,624000
2019-12-18,0.770829975605011,0.7724999785423279,0.7691699862480164,0.7724999785423279,0.7724999785423279,336000
2019-12-19,0.7729200124740601,0.7729200124740601,0.7616699934005737,0.7616699934005737,0.7616699934005737,624000
2019-12-20,0.7662500143051147,0.7674999833106995,0.7570800185203552,0.7629200220108032,0.7629200220108032,384000
2019-12-23,0.7633299827575684,0.7633299827575684,0.7595800161361694,0.7608299851417542,0.7608299851417542,192000
2019-12-24,0.7645800113677979,0.7645800113677979,0.7574999928474426,0.7616699934005737,0.7616699934005737,408000
2019-12-25,0.7645800113677979,0.7645800113677979,0.7637500166893005,0.7637500166893005,0.7637500166893005,264000
2019-12-26,0.7645800113677979,0.7645800113677979,0.7620800137519836,0.7629200220108032,0.7629200220108032,120000
2019-12-27,0.7704200148582458,0.7762500047683716,0.7704200148582458,0.7749999761581421,0.7749999761581421,360000
2019-12-30,0.7770799994468689,0.7770799994468689,0.7670800089836121,0.7712500095367432,0.7712500095367432,432000
2019-12-31,0.7591699957847595,0.7679200172424316,0.7591699957847595,0.7641699910163879,0.7641699910163879,312000
2020-01-02,0.7691699862480164,0.776669979095459,0.7658299803733826,0.7712500095367432,0.7712500095367432,360000
2020-01-03,0.7862499952316284,0.7862499952316284,0.762499988079071,0.7670800089836121,0.7670800089836121,720000
2020-01-06,0.7641699910163879,0.7654200196266174,0.7566699981689453,0.7566699981689453,0.7566699981689453,480000
2020-01-07,0.7595800161361694,0.7595800161361694,0.7366700172424316,0.7479199767112732,0.7479199767112732,960000
2020-01-08,0.7341700196266174,0.7475000023841858,0.7341700196266174,0.7379199862480164,0.7379199862480164,456000
2020-01-09,0.7445799708366394,0.7599999904632568,0.7445799708366394,0.7587500214576721,0.7587500214576721,936000
2020-01-10,0.7666699886322021,0.7666699886322021,0.7562500238418579,0.762499988079071,0.762499988079071,384000
2020-01-13,0.7741699814796448,0.7783300280570984,0.7691699862480164,0.7762500047683716,0.7762500047683716,768000
2020-01-14,0.785830020904541,0.7879199981689453,0.7791699767112732,0.7791699767112732,0.7791699767112732,144000
2020-01-15,0.78125,0.7829200029373169,0.7699999809265137,0.7699999809265137,0.7699999809265137,288000
2020-01-16,0.7699999809265137,0.7737500071525574,0.7699999809265137,0.7712500095367432,0.7712500095367432,504000
2020-01-17,0.7770799994468689,0.7774999737739563,0.7704200148582458,0.7724999785423279,0.7724999785423279,216000
2020-01-20,0.7795799970626831,0.7829200029373169,0.7795799970626831,0.7825000286102295,0.7825000286102295,120000
2020-01-30,0.708329975605011,0.7216699719429016,0.6987500190734863,0.6987500190734863,0.6987500190734863,864000
2020-01-31,0.7004200220108032,0.7033299803733826,0.692080020904541,0.692080020904541,0.692080020904541,456000
2020-02-03,0.666670024394989,0.6812499761581421,0.6645799875259399,0.6812499761581421,0.6812499761581421,600000
2020-02-04,0.6854199767112732,0.7058299779891968,0.6845800280570984,0.7058299779891968,0.7058299779891968,528000
2020-02-05,0.6983299851417542,0.7116699814796448,0.6983299851417542,0.7054200172424316,0.7054200172424316,384000
2020-02-06,0.7183300256729126,0.7287499904632568,0.7158300280570984,0.7287499904632568,0.7287499904632568,744000
2020-02-07,0.7158300280570984,0.7162500023841858,0.706250011920929,0.706250011920929,0.706250011920929,648000
2020-02-10,0.6895800232887268,0.7091699838638306,0.6887500286102295,0.7058299779891968,0.7058299779891968,552000
2020-02-11,0.7124999761581421,0.7208300232887268,0.7124999761581421,0.7162500023841858,0.7162500023841858,432000
2020-02-12,0.7229200005531311,0.7325000166893005,0.7229200005531311,0.7325000166893005,0.7325000166893005,408000
2020-02-13,0.7362499833106995,0.7387499809265137,0.7300000190734863,0.7325000166893005,0.7325000166893005,552000
2020-02-14,0.7325000166893005,0.7412499785423279,0.7325000166893005,0.7379199862480164,0.7379199862480164,336000
2020-02-17,0.7266700267791748,0.7337499856948853,0.7266700267791748,0.7304199934005737,0.7304199934005737,264000
2020-02-18,0.7191699743270874,0.7225000262260437,0.7145799994468689,0.7149999737739563,0.7149999737739563,384000
2020-02-19,0.71875,0.7337499856948853,0.7149999737739563,0.7283300161361694,0.7283300161361694,408000
2020-02-20,0.7387499809265137,0.7387499809265137,0.7258300185203552,0.7287499904632568,0.7287499904632568,264000
2020-02-21,0.723330020904541,0.7308300137519836,0.7200000286102295,0.7208300232887268,0.7208300232887268,384000
2020-02-24,0.7095800042152405,0.7095800042152405,0.699999988079071,0.7029200196266174,0.7029200196266174,384000
2020-02-25,0.6945800185203552,0.7058299779891968,0.6908299922943115,0.7058299779891968,0.7058299779891968,816000
2020-02-26,0.6866700053215027,0.6954200267791748,0.6808300018310547,0.6895800232887268,0.6895800232887268,4272000
2020-02-27,0.6875,0.6908299922943115,0.668749988079071,0.6720799803733826,0.6720799803733826,5616000
2020-03-02,0.6474999785423279,0.6700000166893005,0.6454200148582458,0.6583300232887268,0.6583300232887268,19224000
2020-03-03,0.6766700148582458,0.6804199814796448,0.6712499856948853,0.6754199862480164,0.6754199862480164,3336000
2020-03-04,0.6795799732208252,0.6800000071525574,0.6691700220108032,0.6795799732208252,0.6795799732208252,1560000
2020-03-05,0.6929200291633606,0.6966699957847595,0.6908299922943115,0.6949999928474426,0.6949999928474426,960000
2020-03-06,0.6816700100898743,0.6816700100898743,0.6691700220108032,0.6695799827575684,0.6695799827575684,1512000
2020-03-09,0.6479200124740601,0.6479200124740601,0.6291700005531311,0.6324999928474426,0.6324999928474426,888000
2020-03-10,0.6212499737739563,0.6362500190734863,0.612500011920929,0.6349999904632568,0.6349999904632568,23808000
2020-03-11,0.6383299827575684,0.6383299827575684,0.6179199814796448,0.6179199814796448,0.6179199814796448,1248000
2020-03-12,0.5987499952316284,0.5987499952316284,0.5479199886322021,0.5587499737739563,0.5587499737739563,10032000
2020-03-13,0.48374998569488525,0.5350000262260437,0.4633300006389618,0.5308300256729126,0.5308300256729126,15936000
2020-03-16,0.5220800042152405,0.5304200053215027,0.4895800054073334,0.49167001247406006,0.49167001247406006,5160000
2020-03-17,0.46042001247406006,0.48750001192092896,0.45792001485824585,0.465829998254776,0.465829998254776,5808000
2020-03-18,0.45750001072883606,0.4633300006389618,0.4375,0.440420001745224,0.440420001745224,9672000
2020-03-19,0.41624999046325684,0.41958001255989075,0.38499999046325684,0.38499999046325684,0.38499999046325684,26592000
2020-03-20,0.3995800018310547,0.4437499940395355,0.3987500071525574,0.4375,0.4375,58200000
2020-03-23,0.39375001192092896,0.41457998752593994,0.38582998514175415,0.4079200029373169,0.4079200029373169,1944000
2020-03-24,0.4358299970626831,0.45583000779151917,0.4358299970626831,0.44624999165534973,0.44624999165534973,15600000
2020-03-25,0.4737499952316284,0.48708000779151917,0.471670001745224,0.48124998807907104,0.48124998807907104,6336000
2020-03-26,0.48458001017570496,0.4908300042152405,0.4749999940395355,0.4908300042152405,0.4908300042152405,2280000
2020-03-27,0.5562499761581421,0.5562499761581421,0.48249998688697815,0.48249998688697815,0.48249998688697815,3384000
2020-03-30,0.4620800018310547,0.47999998927116394,0.45083001255989075,0.47999998927116394,0.47999998927116394,1704000
2020-03-31,0.4958299994468689,0.4958299994468689,0.4779199957847595,0.4779199957847595,0.4779199957847595,5136000
2020-04-01,0.48416998982429504,0.5,0.47874999046325684,0.48750001192092896,0.48750001192092896,2256000
2020-04-06,0.4991700053215027,0.4991700053215027,0.48333001136779785,0.4962500035762787,0.4962500035762787,864000
2020-04-07,0.512499988079071,0.5262500047683716,0.512499988079071,0.5220800042152405,0.5220800042152405,1608000
2020-04-08,0.5183299779891968,0.5337499976158142,0.5183299779891968,0.5316699743270874,0.5316699743270874,2136000
2020-04-09,0.5400000214576721,0.5400000214576721,0.5295799970626831,0.5337499976158142,0.5337499976158142,240000
2020-04-10,0.53125,0.5333300232887268,0.5304200053215027,0.5333300232887268,0.5333300232887268,216000
2020-04-13,0.526669979095459,0.5354200005531311,0.5249999761581421,0.5295799970626831,0.5295799970626831,648000
2020-04-14,0.5375000238418579,0.5516700148582458,0.5375000238418579,0.5516700148582458,0.5516700148582458,408000
2020-04-15,0.5583299994468689,0.5616700053215027,0.5545799732208252,0.557919979095459,0.557919979095459,312000
2020-04-16,0.5479199886322021,0.5629199743270874,0.5479199886322021,0.5625,0.5625,960000
2020-04-17,0.5920799970626831,0.5979200005531311,0.5874999761581421,0.5924999713897705,0.5924999713897705,1008000
2020-04-20,0.6037499904632568,0.6037499904632568,0.583329975605011,0.59375,0.59375,360000
2020-04-21,0.583329975605011,0.583329975605011,0.5541700124740601,0.5541700124740601,0.5541700124740601,1320000
2020-04-22,0.5420799851417542,0.5575000047683716,0.5420799851417542,0.5575000047683716,0.5575000047683716,360000
2020-04-23,0.5737500190734863,0.5783299803733826,0.5558300018310547,0.5679200291633606,0.5679200291633606,1224000
2020-04-24,0.5625,0.5625,0.5625,0.5625,0.5625,24000
2020-04-27,0.5783299803733826,0.5920799970626831,0.5783299803733826,0.5920799970626831,0.5920799970626831,1056000
2020-04-28,0.5979200005531311,0.5979200005531311,0.583329975605011,0.5916699767112732,0.5916699767112732,984000
2020-04-29,0.6004199981689453,0.6087499856948853,0.6004199981689453,0.6083300113677979,0.6083300113677979,1224000
2020-04-30,0.6162499785423279,0.6316699981689453,0.6154199838638306,0.6299999952316284,0.6299999952316284,1008000
2020-05-04,0.5912500023841858,0.5995799899101257,0.5912500023841858,0.5962499976158142,0.5962499976158142,648000
2020-05-05,0.6012499928474426,0.6075000166893005,0.5979200005531311,0.6016700267791748,0.6016700267791748,312000
2020-05-06,0.6058300137519836,0.6058300137519836,0.5962499976158142,0.5962499976158142,0.5962499976158142,336000
2020-05-07,0.6008300185203552,0.6170799732208252,0.6008300185203552,0.6170799732208252,0.6170799732208252,312000
2020-05-08,0.6245800256729126,0.6245800256729126,0.6150000095367432,0.6170799732208252,0.6170799732208252,696000
2020-05-11,0.625,0.6345800161361694,0.625,0.6262500286102295,0.6262500286102295,504000
2020-05-12,0.6175000071525574,0.6225000023841858,0.606249988079071,0.6150000095367432,0.6150000095367432,960000
2020-05-13,0.6104199886322021,0.6208299994468689,0.6079199910163879,0.6208299994468689,0.6208299994468689,288000
2020-05-14,0.6116700172424316,0.6141700148582458,0.6029199957847595,0.6029199957847595,0.6029199957847595,792000
2020-05-15,0.612500011920929,0.6137499809265137,0.6008300185203552,0.6137499809265137,0.6137499809265137,216000
2020-05-18,0.6054199934005737,0.6075000166893005,0.6000000238418579,0.6020799875259399,0.6020799875259399,528000
2020-05-19,0.6170799732208252,0.6170799732208252,0.6087499856948853,0.612500011920929,0.612500011920929,336000
2020-05-20,0.6120799779891968,0.6175000071525574,0.6100000143051147,0.6100000143051147,0.6100000143051147,384000
2020-05-21,0.6129199862480164,0.6324999928474426,0.6129199862480164,0.629580020904541,0.629580020904541,600000
2020-05-22,0.6233299970626831,0.6233299970626831,0.604170024394989,0.604170024394989,0.604170024394989,1896000
2020-05-25,0.604170024394989,0.6141700148582458,0.6000000238418579,0.6108300089836121,0.6108300089836121,360000
2020-05-26,0.6179199814796448,0.6333299875259399,0.6179199814796448,0.629580020904541,0.629580020904541,2136000
2020-05-27,0.6329200267791748,0.6329200267791748,0.6262500286102295,0.6266700029373169,0.6266700029373169,720000
2020-05-28,0.635420024394989,0.635420024394989,0.6154199838638306,0.6195799708366394,0.6195799708366394,7632000
2020-05-29,0.6137499809265137,0.6195799708366394,0.6137499809265137,0.6195799708366394,0.6195799708366394,216000
2020-06-01,0.625,0.6408299803733826,0.625,0.6349999904632568,0.6349999904632568,3696000
2020-06-02,0.6424999833106995,0.6424999833106995,0.6370800137519836,0.6404200196266174,0.6404200196266174,216000
2020-06-03,0.6504200100898743,0.6612499952316284,0.6504200100898743,0.6612499952316284,0.6612499952316284,696000
2020-06-04,0.6766700148582458,0.6766700148582458,0.6625000238418579,0.6716700196266174,0.6716700196266174,456000
2020-06-05,0.6775000095367432,0.6870800256729126,0.6737499833106995,0.6866700053215027,0.6866700053215027,2760000
2020-06-08,0.6912500262260437,0.7045800089836121,0.6912500262260437,0.7008299827575684,0.7008299827575684,504000
2020-06-09,0.7020800113677979,0.706250011920929,0.6970800161361694,0.7058299779891968,0.7058299779891968,1392000
2020-06-10,0.7133299708366394,0.723330020904541,0.7133299708366394,0.7204200029373169,0.7204200029373169,336000
2020-06-11,0.7229200005531311,0.7229200005531311,0.6916700005531311,0.6916700005531311,0.6916700005531311,312000
2020-06-12,0.6704199910163879,0.6854199767112732,0.668749988079071,0.6816700100898743,0.6816700100898743,1584000
2020-06-15,0.6745799779891968,0.6812499761581421,0.6583300232887268,0.6604200005531311,0.6604200005531311,552000
2020-06-16,0.677079975605011,0.6945800185203552,0.677079975605011,0.6933299899101257,0.6933299899101257,624000
2020-06-17,0.6937500238418579,0.6958299875259399,0.6879199743270874,0.6945800185203552,0.6945800185203552,408000
2020-06-18,0.6995800137519836,0.7024999856948853,0.6924999952316284,0.6995800137519836,0.6995800137519836,240000
2020-06-19,0.6974999904632568,0.7012500166893005,0.6974999904632568,0.699999988079071,0.699999988079071,624000
2020-06-22,0.7108299732208252,0.7108299732208252,0.6916700005531311,0.6995800137519836,0.6995800137519836,408000
2020-06-23,0.7120800018310547,0.714169979095459,0.697920024394989,0.7045800089836121,0.7045800089836121,528000
2020-06-24,0.708329975605011,0.7162500023841858,0.7054200172424316,0.7129200100898743,0.7129200100898743,480000
2020-06-29,0.7045800089836121,0.7045800089836121,0.6887500286102295,0.6962500214576721,0.6962500214576721,720000
2020-06-30,0.7029200196266174,0.7087500095367432,0.6991699934005737,0.7087500095367432,0.7087500095367432,1344000
2020-07-01,0.7154200077056885,0.723330020904541,0.7154200077056885,0.7225000262260437,0.7225000262260437,144000
2020-07-02,0.7254199981689453,0.7366700172424316,0.7254199981689453,0.7350000143051147,0.7350000143051147,528000
2020-07-03,0.7495800256729126,0.7533299922943115,0.7416700124740601,0.7533299922943115,0.7533299922943115,600000
2020-07-06,0.7654200196266174,0.7816699743270874,0.7654200196266174,0.7808300256729126,0.7808300256729126,1272000
2020-07-07,0.8008300065994263,0.8008300065994263,0.7749999761581421,0.7829200029373169,0.7829200029373169,408000
2020-07-08,0.7829200029373169,0.7966700196266174,0.7829200029373169,0.7962499856948853,0.7962499856948853,768000
2020-07-09,0.8108299970626831,0.8108299970626831,0.7933300137519836,0.8050000071525574,0.8050000071525574,408000
2020-07-10,0.7875000238418579,0.7987499833106995,0.7875000238418579,0.7895799875259399,0.7895799875259399,360000
2020-07-13,0.8041700124740601,0.8112499713897705,0.7991700172424316,0.8112499713897705,0.8112499713897705,264000
2020-07-14,0.7987499833106995,0.8104199767112732,0.7983300089836121,0.8104199767112732,0.8104199767112732,1632000
2020-07-15,0.8262500166893005,0.8274999856948853,0.8104199767112732,0.8195800185203552,0.8195800185203552,384000
2020-07-16,0.8129199743270874,0.8129199743270874,0.791670024394989,0.8054199814796448,0.8054199814796448,3000000
2020-07-17,0.8070799708366394,0.822920024394989,0.8070799708366394,0.8095800280570984,0.8095800280570984,528000
2020-07-20,0.802079975605011,0.8137500286102295,0.7975000143051147,0.8108299970626831,0.8108299970626831,960000
2020-07-21,0.8204200267791748,0.8475000262260437,0.8204200267791748,0.8424999713897705,0.8424999713897705,1728000
2020-07-22,0.848330020904541,0.8525000214576721,0.8433300256729126,0.8504199981689453,0.8504199981689453,552000
2020-07-23,0.8458300232887268,0.856249988079071,0.8424999713897705,0.8520799875259399,0.8520799875259399,1392000
2020-07-24,0.8641700148582458,0.8654199838638306,0.8362500071525574,0.8475000262260437,0.8475000262260437,3744000
2020-07-27,0.8962500095367432,0.9033300280570984,0.8870800137519836,0.8929200172424316,0.8929200172424316,1392000
2020-07-28,0.9537500143051147,0.956250011920929,0.8858299851417542,0.8929200172424316,0.8929200172424316,1656000
2020-07-29,0.8908299803733826,0.8916699886322021,0.8762500286102295,0.8804200291633606,0.8804200291633606,264000
2020-07-30,0.9054200053215027,0.9083300232887268,0.9054200053215027,0.9083300232887268,0.9083300232887268,48000
2020-07-31,0.9075000286102295,0.9137499928474426,0.9075000286102295,0.9091699719429016,0.9091699719429016,792000
2020-08-03,0.8883299827575684,0.8924999833106995,0.887499988079071,0.887499988079071,0.887499988079071,72000
2020-08-04,0.910830020904541,0.9137499928474426,0.895829975605011,0.9137499928474426,0.9137499928474426,240000
2020-08-05,0.9220799803733826,0.9275000095367432,0.9170799851417542,0.9233300089836121,0.9233300089836121,768000
2020-08-06,0.9379199743270874,0.9512500166893005,0.9341700077056885,0.9341700077056885,0.9341700077056885,552000
2020-08-07,0.9391700029373169,0.9391700029373169,0.9283300042152405,0.9283300042152405,0.9283300042152405,648000
2020-08-10,0.9241700172424316,0.9470800161361694,0.9241700172424316,0.9429200291633606,0.9429200291633606,1920000
2020-08-11,0.9333299994468689,0.9441699981689453,0.9308300018310547,0.9308300018310547,0.9308300018310547,216000
2020-08-12,0.916670024394989,0.916670024394989,0.901669979095459,0.9020799994468689,0.9020799994468689,2112000
2020-08-13,0.916670024394989,0.9208300113677979,0.9158300161361694,0.9158300161361694,0.9158300161361694,288000
2020-08-14,0.9100000262260437,0.9304199814796448,0.9100000262260437,0.9295799732208252,0.9295799732208252,456000
2020-08-17,0.9350000023841858,0.9558299779891968,0.9333299994468689,0.9545800089836121,0.9545800089836121,744000
2020-08-18,0.9504200220108032,0.9504200220108032,0.9362499713897705,0.9429200291633606,0.9429200291633606,576000
2020-08-19,0.9449999928474426,0.949999988079071,0.9275000095367432,0.9320799708366394,0.9320799708366394,744000
2020-08-20,0.9100000262260437,0.9150000214576721,0.8450000286102295,0.8595799803733826,0.8595799803733826,1368000
2020-08-21,0.8845800161361694,0.9020799994468689,0.8804200291633606,0.9020799994468689,0.9020799994468689,2088000
2020-08-24,0.8999999761581421,0.910830020904541,0.887499988079071,0.9083300232887268,0.9083300232887268,1680000
2020-08-25,0.9112499952316284,0.9316700100898743,0.9112499952316284,0.9233300089836121,0.9233300089836121,552000
2020-08-26,0.9233300089836121,0.9295799732208252,0.9233300089836121,0.9287499785423279,0.9287499785423279,432000
2020-08-27,0.9449999928474426,0.9487500190734863,0.9258300065994263,0.9258300065994263,0.9258300065994263,1248000
2020-08-28,0.9204199910163879,0.9283300042152405,0.9125000238418579,0.916670024394989,0.916670024394989,1464000
2020-08-31,0.9304199814796448,0.9304199814796448,0.9008299708366394,0.9008299708366394,0.9008299708366394,456000
2020-09-01,0.9087499976158142,0.9137499928474426,0.8991699814796448,0.9133300185203552,0.9133300185203552,840000
2020-09-02,0.9275000095367432,0.9295799732208252,0.9095799922943115,0.9183300137519836,0.9183300137519836,792000
2020-09-03,0.9254199862480164,0.9395800232887268,0.9195799827575684,0.9254199862480164,0.9254199862480164,1176000
2020-09-04,0.9045799970626831,0.910830020904541,0.8987500071525574,0.9024999737739563,0.9024999737739563,696000
2020-09-07,0.9066699743270874,0.9216700196266174,0.9004200100898743,0.9024999737739563,0.9024999737739563,1560000
2020-09-08,0.9075000286102295,0.9150000214576721,0.9075000286102295,0.9145799875259399,0.9145799875259399,384000
2020-09-09,0.8933299779891968,0.9037500023841858,0.8816699981689453,0.9024999737739563,0.9024999737739563,3264000
2020-09-10,0.9120799899101257,0.9158300161361694,0.9083300232887268,0.9150000214576721,0.9150000214576721,336000
2020-09-11,0.9129199981689453,0.9150000214576721,0.9058300256729126,0.9087499976158142,0.9087499976158142,336000
2020-09-14,0.9175000190734863,0.9295799732208252,0.916670024394989,0.9295799732208252,0.9295799732208252,720000
2020-09-15,0.9312499761581421,0.9395800232887268,0.9312499761581421,0.9383299946784973,0.9383299946784973,5496000
2020-09-16,0.9533299803733826,0.9608299732208252,0.9437500238418579,0.9524999856948853,0.9524999856948853,19968000
2020-09-17,0.9437500238418579,0.9529200196266174,0.9362499713897705,0.9362499713897705,0.9362499713897705,4128000
2020-09-18,0.9404199719429016,0.9466699957847595,0.9379199743270874,0.9437500238418579,0.9437500238418579,312000
2020-09-21,0.9387500286102295,0.9470800161361694,0.9241700172424316,0.9241700172424316,0.9241700172424316,432000
2020-09-22,0.9158300161361694,0.9170799851417542,0.8924999833106995,0.8954200148582458,0.8954200148582458,3192000
2020-09-23,0.9004200100898743,0.9004200100898743,0.8866699934005737,0.8979200124740601,0.8979200124740601,4224000
2020-09-24,0.8729199767112732,0.8791700005531311,0.8479200005531311,0.8491700291633606,0.8491700291633606,2664000
2020-09-25,0.8612499833106995,0.8658300042152405,0.8404200077056885,0.8520799875259399,0.8520799875259399,2760000
2020-09-28,0.8629199862480164,0.8812500238418579,0.862500011920929,0.8804200291633606,0.8804200291633606,1200000
2020-09-29,0.8933299779891968,0.895829975605011,0.8816699981689453,0.8837500214576721,0.8837500214576721,240000
2020-09-30,0.8858299851417542,0.8991699814796448,0.8858299851417542,0.8991699814796448,0.8991699814796448,336000
2020-10-05,0.9058300256729126,0.9075000286102295,0.8954200148582458,0.8979200124740601,0.8979200124740601,696000
2020-10-06,0.9137499928474426,0.9220799803733826,0.9137499928474426,0.9162499904632568,0.9162499904632568,1224000
2020-10-07,0.9125000238418579,0.9308300018310547,0.9120799899101257,0.9295799732208252,0.9295799732208252,1008000
2020-10-08,0.9383299946784973,0.9462500214576721,0.9341700077056885,0.9462500214576721,0.9462500214576721,6744000
2020-10-12,0.9574999809265137,0.9645799994468689,0.9516699910163879,0.9524999856948853,0.9524999856948853,4776000
2020-10-13,0.9587500095367432,0.9587500095367432,0.9395800232887268,0.9549999833106995,0.9549999833106995,528000
2020-10-14,0.9558299779891968,0.9558299779891968,0.9524999856948853,0.9524999856948853,0.9524999856948853,240000
2020-10-15,0.9466699957847595,0.9483299851417542,0.9275000095367432,0.9399999976158142,0.9399999976158142,504000
2020-10-16,0.9375,0.9462500214576721,0.9291700124740601,0.9291700124740601,0.9291700124740601,216000
2020-10-19,0.9395800232887268,0.9520800113677979,0.9395800232887268,0.9508299827575684,0.9508299827575684,408000
2020-10-20,0.9474999904632568,0.949999988079071,0.9445800185203552,0.9445800185203552,0.9445800185203552,72000
2020-10-21,0.9508299827575684,0.9570800065994263,0.9466699957847595,0.947920024394989,0.947920024394989,26208000
2020-10-22,0.9495800137519836,0.9537500143051147,0.9429200291633606,0.9537500143051147,0.9537500143051147,264000
2020-10-23,0.9566699862480164,0.9566699862480164,0.949999988079071,0.956250011920929,0.956250011920929,7608000
2020-10-26,0.9595800042152405,0.9662500023841858,0.9524999856948853,0.9608299732208252,0.9608299732208252,1320000
2020-10-27,0.9470800161361694,0.9524999856948853,0.9462500214576721,0.9512500166893005,0.9512500166893005,1248000
2020-10-28,0.947920024394989,0.9495800137519836,0.9375,0.9387500286102295,0.9387500286102295,624000
2020-10-29,0.9125000238418579,0.9237499833106995,0.9091699719429016,0.9200000166893005,0.9200000166893005,408000
2020-10-30,0.9116700291633606,0.9116700291633606,0.8979200124740601,0.8979200124740601,0.8979200124740601,3960000
2020-11-02,0.9029200077056885,0.9045799970626831,0.8941699862480164,0.9033300280570984,0.9033300280570984,1320000
2020-11-03,0.9216700196266174,0.9337499737739563,0.9216700196266174,0.9308300018310547,0.9308300018310547,1368000
2020-11-04,0.9312499761581421,0.9566699862480164,0.9275000095367432,0.956250011920929,0.956250011920929,2088000
2020-11-05,0.9574999809265137,0.9612500071525574,0.9533299803733826,0.9587500095367432,0.9587500095367432,288000
2020-11-06,0.9666699767112732,0.973330020904541,0.9633299708366394,0.964169979095459,0.964169979095459,59856000
2020-11-09,0.9920799732208252,1.0,0.9841700196266174,0.995419979095459,0.995419979095459,2304000
2020-11-10,0.9916700124740601,0.9975000023841858,0.979170024394989,0.9887499809265137,0.9887499809265137,1032000
2020-11-11,0.9929199814796448,1.0187499523162842,0.9887499809265137,1.0175000429153442,1.0175000429153442,3048000
2020-11-12,1.0175000429153442,1.0220799446105957,1.003749966621399,1.0116699934005737,1.0116699934005737,432000
2020-11-13,1.0129200220108032,1.0170799493789673,1.00832998752594,1.0170799493789673,1.0170799493789673,168000
2020-11-16,1.0370800495147705,1.063330054283142,1.0370800495147705,1.063330054283142,1.063330054283142,2088000
2020-11-17,1.0758299827575684,1.0808299779891968,1.068750023841858,1.07082998752594,1.07082998752594,360000
2020-11-18,1.0791699886322021,1.092919945716858,1.0779199600219727,1.0883300304412842,1.0883300304412842,528000
2020-11-19,1.0904200077056885,1.0924999713897705,1.082919955253601,1.091670036315918,1.091670036315918,600000
2020-11-20,1.089169979095459,1.090000033378601,1.089169979095459,1.090000033378601,1.090000033378601,48000
2020-11-23,1.1208300590515137,1.1245800256729126,1.1100000143051147,1.1174999475479126,1.1174999475479126,408000
2020-11-24,1.1174999475479126,1.1174999475479126,1.1016700267791748,1.1016700267791748,1.1016700267791748,408000
2020-11-25,1.1120799779891968,1.1174999475479126,1.0895800590515137,1.0895800590515137,1.0895800590515137,504000
2020-11-26,1.094580054283142,1.1150000095367432,1.094580054283142,1.1108299493789673,1.1108299493789673,528000
2020-11-27,1.1058299541473389,1.1174999475479126,1.0970799922943115,1.1116700172424316,1.1116700172424316,312000
2020-11-30,1.1245800256729126,1.1320799589157104,1.0895800590515137,1.0895800590515137,1.0895800590515137,2952000
2020-12-01,1.1050000190734863,1.1145800352096558,1.095420002937317,1.1145800352096558,1.1145800352096558,1080000
2020-12-02,1.122920036315918,1.1316699981689453,1.1174999475479126,1.1304199695587158,1.1304199695587158,336000
2020-12-03,1.118749976158142,1.1449999809265137,1.118749976158142,1.128749966621399,1.128749966621399,240000
2020-12-04,1.1366699934005737,1.155419945716858,1.1366699934005737,1.155419945716858,1.155419945716858,504000
2020-12-07,1.1737500429153442,1.1737500429153442,1.1558300256729126,1.16457998752594,1.16457998752594,984000
2020-12-08,1.16457998752594,1.1924999952316284,1.1620800495147705,1.1924999952316284,1.1924999952316284,480000
2020-12-09,1.1924999952316284,1.2041699886322021,1.1879199743270874,1.2024999856948853,1.2024999856948853,720000
2020-12-10,1.1804200410842896,1.185829997062683,1.1658300161361694,1.1787500381469727,1.1787500381469727,720000
2020-12-11,1.186669945716858,1.186669945716858,1.1520800590515137,1.1758300065994263,1.1758300065994263,1152000
2020-12-14,1.1683299541473389,1.1787500381469727,1.1683299541473389,1.1762499809265137,1.1762499809265137,456000
2020-12-15,1.1729199886322021,1.1729199886322021,1.1416699886322021,1.145419955253601,1.145419955253601,936000
2020-12-16,1.1699999570846558,1.1833300590515137,1.1662499904632568,1.1816699504852295,1.1816699504852295,10200000
2020-12-17,1.1816699504852295,1.185420036315918,1.1658300161361694,1.1779199838638306,1.1779199838638306,624000
2020-12-18,1.182919979095459,1.182919979095459,1.1725000143051147,1.1725000143051147,1.1725000143051147,120000
2020-12-21,1.1762499809265137,1.1987500190734863,1.1604199409484863,1.198330044746399,1.198330044746399,624000
2020-12-22,1.1879199743270874,1.2016700506210327,1.1666699647903442,1.1666699647903442,1.1666699647903442,648000
2020-12-23,1.1637500524520874,1.1754200458526611,1.162500023841858,1.1708300113677979,1.1708300113677979,2352000
2020-12-24,1.183750033378601,1.1945799589157104,1.183750033378601,1.1875,1.1875,192000
2020-12-25,1.1995799541473389,1.2108299732208252,1.192080020904541,1.1945799589157104,1.1945799589157104,792000
2020-12-28,1.2050000429153442,1.220829963684082,1.2050000429153442,1.217079997062683,1.217079997062683,456000
2020-12-29,1.220420002937317,1.2229199409484863,1.214169979095459,1.2229199409484863,1.2229199409484863,480000
2020-12-30,1.2345800399780273,1.25,1.2316700220108032,1.2495800256729126,1.2495800256729126,504000
2020-12-31,1.2595800161361694,1.2612500190734863,1.253749966621399,1.2558300495147705,1.2558300495147705,696000
2021-01-04,1.2599999904632568,1.3020800352096558,1.2575000524520874,1.2995799779891968,1.2995799779891968,1488000
2021-01-05,1.2949999570846558,1.3049999475479126,1.2908300161361694,1.30417001247406,1.30417001247406,600000
2021-01-06,1.3254200220108032,1.3333300352096558,1.2845799922943115,1.2962499856948853,1.2962499856948853,1656000
2021-01-07,1.3229199647903442,1.3616700172424316,1.3229199647903442,1.3554199934005737,1.3554199934005737,2328000
2021-01-08,1.3841700553894043,1.3966699838638306,1.3604199886322021,1.3945800065994263,1.3945800065994263,4464000
2021-01-11,1.3899999856948853,1.408329963684082,1.3799999952316284,1.408329963684082,1.408329963684082,1272000
2021-01-12,1.408329963684082,1.41457998752594,1.3887499570846558,1.3987499475479126,1.3987499475479126,552000
2021-01-13,1.4166699647903442,1.4541699886322021,1.4129199981689453,1.4541699886322021,1.4541699886322021,1608000
2021-01-14,1.432919979095459,1.4495799541473389,1.431249976158142,1.4429199695587158,1.4429199695587158,696000
2021-01-15,1.4874999523162842,1.4950000047683716,1.4220800399780273,1.4316699504852295,1.4316699504852295,2688000
2021-01-18,1.4362499713897705,1.4362499713897705,1.375,1.4204200506210327,1.4204200506210327,864000
2021-01-19,1.4404200315475464,1.4812500476837158,1.4404200315475464,1.4779200553894043,1.4779200553894043,552000
2021-01-20,1.4800000190734863,1.4866700172424316,1.44582998752594,1.44582998752594,1.44582998752594,2280000
2021-01-21,1.4720799922943115,1.5341700315475464,1.4720799922943115,1.5212500095367432,1.5212500095367432,1584000
2021-01-22,1.5,1.5208300352096558,1.49167001247406,1.5004199743270874,1.5004199743270874,1008000
2021-01-25,1.5,1.5,1.4541699886322021,1.4854199886322021,1.4854199886322021,720000
2021-01-26,1.4879200458526611,1.4879200458526611,1.4212499856948853,1.4362499713897705,1.4362499713897705,1152000
2021-01-27,1.4479199647903442,1.4683300256729126,1.42917001247406,1.4387500286102295,1.4387500286102295,768000
2021-01-28,1.3895800113677979,1.4095799922943115,1.3816699981689453,1.3949999809265137,1.3949999809265137,600000
2021-01-29,1.3958300352096558,1.3962500095367432,1.341670036315918,1.341670036315918,1.341670036315918,1896000
2021-02-01,1.3479199409484863,1.3875000476837158,1.337499976158142,1.3862500190734863,1.3862500190734863,336000
2021-02-02,1.4116699695587158,1.464169979095459,1.4116699695587158,1.4612499475479126,1.4612499475479126,1152000
2021-02-03,1.4612499475479126,1.4633300304412842,1.4474999904632568,1.4608299732208252,1.4608299732208252,480000
2021-02-04,1.4341700077056885,1.4600000381469727,1.4187500476837158,1.4333300590515137,1.4333300590515137,432000
2021-02-05,1.4583300352096558,1.4924999475479126,1.4524999856948853,1.464169979095459,1.464169979095459,912000
2021-02-17,1.5487500429153442,1.5779199600219727,1.5404200553894043,1.5683300495147705,1.5683300495147705,3576000
2021-02-18,1.5816700458526611,1.6154199838638306,1.5712499618530273,1.587499976158142,1.587499976158142,1272000
2021-02-19,1.5779199600219727,1.5779199600219727,1.5491700172424316,1.556249976158142,1.556249976158142,480000
2021-02-22,1.5970799922943115,1.6158299446105957,1.5820800065994263,1.587499976158142,1.587499976158142,1056000
2021-02-23,1.5575000047683716,1.6008299589157104,1.5533299446105957,1.595829963684082,1.595829963684082,768000
2021-02-24,1.5833300352096558,1.5908299684524536,1.5416699647903442,1.5487500429153442,1.5487500429153442,960000
2021-02-25,1.5841699838638306,1.5841699838638306,1.5779199600219727,1.5779199600219727,1.5779199600219727,96000
2021-02-26,1.529579997062683,1.535830020904541,1.4883300065994263,1.4933300018310547,1.4933300018310547,1128000
2021-03-02,1.5545799732208252,1.5545799732208252,1.4924999475479126,1.4924999475479126,1.4924999475479126,864000
2021-03-03,1.4895800352096558,1.5433299541473389,1.4895800352096558,1.5433299541473389,1.5433299541473389,312000
2021-03-04,1.5149999856948853,1.5195800065994263,1.470829963684082,1.5029200315475464,1.5029200315475464,504000
2021-03-05,1.4645800590515137,1.4850000143051147,1.4645800590515137,1.4762500524520874,1.4762500524520874,336000
2021-03-08,1.4924999475479126,1.5237499475479126,1.470829963684082,1.4720799922943115,1.4720799922943115,696000
2021-03-09,1.473330020904541,1.473330020904541,1.4570800065994263,1.4658299684524536,1.4658299684524536,144000
2021-03-10,1.500830054283142,1.500830054283142,1.4774999618530273,1.4816700220108032,1.4816700220108032,264000
2021-03-11,1.502500057220459,1.5499999523162842,1.502500057220459,1.542080044746399,1.542080044746399,912000
2021-03-12,1.560420036315918,1.560420036315918,1.5529199838638306,1.5529199838638306,1.5529199838638306,192000
2021-03-15,1.5499999523162842,1.5499999523162842,1.5479199886322021,1.5479199886322021,1.5479199886322021,96000
2021-03-16,1.5595799684524536,1.5625,1.5595799684524536,1.5625,1.5625,720000
2021-03-17,1.564579963684082,1.564579963684082,1.5458300113677979,1.5458300113677979,1.5458300113677979,1176000
2021-03-18,1.5750000476837158,1.589169979095459,1.57082998752594,1.57082998752594,1.57082998752594,312000
2021-03-19,1.533329963684082,1.533329963684082,1.5154199600219727,1.5225000381469727,1.5225000381469727,360000
2021-03-22,1.5416699647903442,1.5533299446105957,1.53125,1.5437500476837158,1.5437500476837158,120000
2021-03-23,1.57082998752594,1.57082998752594,1.5470800399780273,1.5491700172424316,1.5491700172424316,120000
2021-03-24,1.5199999809265137,1.5199999809265137,1.5149999856948853,1.5149999856948853,1.5149999856948853,72000
2021-03-25,1.5216699838638306,1.524999976158142,1.5216699838638306,1.524999976158142,1.524999976158142,72000
2021-03-26,1.5625,1.5779199600219727,1.5625,1.5758299827575684,1.5758299827575684,384000
2021-03-29,1.5966700315475464,1.6124999523162842,1.594580054283142,1.6029200553894043,1.6029200553894043,1032000
2021-03-30,1.6091699600219727,1.6174999475479126,1.6091699600219727,1.6174999475479126,1.6174999475479126,120000
2021-03-31,1.6104199886322021,1.618749976158142,1.5995800495147705,1.5995800495147705,1.5995800495147705,504000
2021-04-01,1.625,1.6262500286102295,1.6150000095367432,1.622920036315918,1.622920036315918,552000
2021-04-07,1.6654200553894043,1.6691700220108032,1.6641700267791748,1.6691700220108032,1.6691700220108032,72000
2021-04-08,1.676669955253601,1.6933300495147705,1.676669955253601,1.6933300495147705,1.6933300495147705,264000
2021-04-09,1.6808300018310547,1.6875,1.6808300018310547,1.6825000047683716,1.6825000047683716,384000
2021-04-12,1.689579963684082,1.71042001247406,1.67917001247406,1.67917001247406,1.67917001247406,144000
2021-04-13,1.7066700458526611,1.7200000286102295,1.6729199886322021,1.6749999523162842,1.6749999523162842,600000
2021-04-14,1.6916699409484863,1.6991699934005737,1.6379200220108032,1.6437499523162842,1.6437499523162842,240000
2021-04-15,1.6987500190734863,1.7266700267791748,1.6987500190734863,1.7266700267791748,1.7266700267791748,360000
2021-04-16,1.7158299684524536,1.7424999475479126,1.7158299684524536,1.7424999475479126,1.7424999475479126,768000
2021-04-19,1.7424999475479126,1.7699999809265137,1.7424999475479126,1.7699999809265137,1.7699999809265137,264000
2021-04-20,1.776669979095459,1.776669979095459,1.7758300304412842,1.7762500047683716,1.7762500047683716,480000
2021-04-21,1.7641700506210327,1.7641700506210327,1.7549999952316284,1.7549999952316284,1.7549999952316284,1320000
2021-04-22,1.78957998752594,1.78957998752594,1.7341699600219727,1.747920036315918,1.747920036315918,288000
2021-04-23,1.747920036315918,1.747920036315918,1.747920036315918,1.747920036315918,1.747920036315918,0
2021-04-26,1.8054200410842896,1.8245799541473389,1.8054200410842896,1.8216700553894043,1.8216700553894043,1296000
2021-04-27,1.8433300256729126,1.8433300256729126,1.8250000476837158,1.8270800113677979,1.8270800113677979,360000
2021-04-28,1.8370800018310547,1.8370800018310547,1.83542001247406,1.8370800018310547,1.8370800018310547,96000
2021-04-29,1.8441699743270874,1.8587499856948853,1.8316700458526611,1.8316700458526611,1.8316700458526611,288000
2021-05-03,1.7779200077056885,1.7945799827575684,1.7779200077056885,1.779170036315918,1.779170036315918,312000
2021-05-04,1.7445800304412842,1.7445800304412842,1.6908299922943115,1.707919955253601,1.707919955253601,288000
2021-05-05,1.7116700410842896,1.7287499904632568,1.689579963684082,1.689579963684082,1.689579963684082,144000
2021-05-06,1.7337499856948853,1.7337499856948853,1.7062499523162842,1.7062499523162842,1.7062499523162842,48000
2021-05-07,1.751670002937317,1.779170036315918,1.7412500381469727,1.779170036315918,1.779170036315918,144000
2021-05-10,1.7779200077056885,1.7779200077056885,1.7779200077056885,1.7779200077056885,1.7779200077056885,240000
2021-05-11,1.6908299922943115,1.7083300352096558,1.6150000095367432,1.6150000095367432,1.6150000095367432,696000
2021-05-12,1.5883300304412842,1.6087499856948853,1.417080044746399,1.4800000190734863,1.4800000190734863,3120000
2021-05-13,1.448330044746399,1.4908299446105957,1.3962500095367432,1.442080020904541,1.442080020904541,1200000
2021-05-14,1.4866700172424316,1.5116699934005737,1.4583300352096558,1.466670036315918,1.466670036315918,840000
2021-05-17,1.4004199504852295,1.4500000476837158,1.374169945716858,1.3929200172424316,1.3929200172424316,1968000
2021-05-18,1.4345799684524536,1.537500023841858,1.4345799684524536,1.5366699695587158,1.5366699695587158,984000
2021-05-19,1.5366699695587158,1.5549999475479126,1.5183299779891968,1.5345799922943115,1.5345799922943115,456000
2021-05-20,1.5345799922943115,1.5345799922943115,1.5033299922943115,1.5112500190734863,1.5112500190734863,216000
2021-05-21,1.5866700410842896,1.600000023841858,1.5441700220108032,1.557919979095459,1.557919979095459,192000
2021-05-24,1.5570800304412842,1.587499976158142,1.5570800304412842,1.5795799493789673,1.5795799493789673,264000
2021-05-25,1.6137499809265137,1.6387499570846558,1.6137499809265137,1.6387499570846558,1.6387499570846558,480000
2021-05-26,1.6308300495147705,1.6387499570846558,1.6308300495147705,1.6387499570846558,1.6387499570846558,168000
2021-05-27,1.6179200410842896,1.6220799684524536,1.598330020904541,1.6220799684524536,1.6220799684524536,192000
2021-05-28,1.6787500381469727,1.6875,1.6775000095367432,1.6875,1.6875,408000
2021-05-31,1.7083300352096558,1.7324999570846558,1.7083300352096558,1.716670036315918,1.716670036315918,192000
2021-06-01,1.7287499904632568,1.7287499904632568,1.7287499904632568,1.7287499904632568,1.7287499904632568,144000
2021-06-02,1.7291699647903442,1.7395800352096558,1.7287499904632568,1.7395800352096558,1.7395800352096558,72000
2021-06-03,1.7595800161361694,1.7691700458526611,1.7541699409484863,1.7691700458526611,1.7691700458526611,432000
2021-06-04,1.7354199886322021,1.7370799779891968,1.7354199886322021,1.7370799779891968,1.7370799779891968,120000
2021-06-07,1.7370799779891968,1.7370799779891968,1.7370799779891968,1.7370799779891968,1.7370799779891968,0
2021-06-08,1.7370799779891968,1.7370799779891968,1.7370799779891968,1.7370799779891968,1.7370799779891968,0
2021-06-09,1.69582998752594,1.69582998752594,1.69582998752594,1.69582998752594,1.69582998752594,24000
2021-06-10,1.7445800304412842,1.745419979095459,1.7345800399780273,1.745419979095459,1.745419979095459,96000
2021-06-11,1.760830044746399,1.760830044746399,1.760830044746399,1.760830044746399,1.760830044746399,48000
2021-06-15,1.779579997062683,1.8004200458526611,1.776669979095459,1.7999999523162842,1.7999999523162842,384000
2021-06-16,1.779579997062683,1.7799999713897705,1.7591700553894043,1.7799999713897705,1.7799999713897705,1704000
2021-06-17,1.782920002937317,1.7999999523162842,1.782920002937317,1.7999999523162842,1.7999999523162842,48000
2021-06-18,1.7999999523162842,1.7999999523162842,1.7937500476837158,1.7937500476837158,1.7937500476837158,192000
2021-06-21,1.7937500476837158,1.7937500476837158,1.7937500476837158,1.7937500476837158,1.7937500476837158,0
2021-06-22,1.7566699981689453,1.7566699981689453,1.7566699981689453,1.7566699981689453,1.7566699981689453,24000
2021-06-23,1.7891700267791748,1.7891700267791748,1.7758300304412842,1.7845799922943115,1.7845799922943115,72000
2021-06-24,1.7929199934005737,1.8200000524520874,1.7929199934005737,1.8200000524520874,1.8200000524520874,120000
2021-06-25,1.8466700315475464,1.8574999570846558,1.8324999809265137,1.8324999809265137,1.8324999809265137,240000
2021-06-28,1.8291699886322021,1.850000023841858,1.8262499570846558,1.844580054283142,1.844580054283142,336000
2021-06-29,1.8624999523162842,1.8624999523162842,1.8624999523162842,1.8624999523162842,1.8624999523162842,120000
2021-06-30,1.873329997062683,1.8949999809265137,1.873329997062683,1.8925000429153442,1.8925000429153442,456000
2021-07-01,1.8862500190734863,1.8966699838638306,1.868749976158142,1.868749976158142,1.868749976158142,216000
2021-07-02,1.875,1.8895800113677979,1.8583300113677979,1.8583300113677979,1.8583300113677979,144000
2021-07-05,1.8991700410842896,1.9299999475479126,1.8991700410842896,1.9299999475479126,1.9299999475479126,432000
2021-07-06,1.9299999475479126,1.9299999475479126,1.9299999475479126,1.9299999475479126,1.9299999475479126,0
2021-07-07,1.9033299684524536,1.9033299684524536,1.89792001247406,1.89792001247406,1.89792001247406,96000
2021-07-08,1.91457998752594,1.9162499904632568,1.89792001247406,1.904170036315918,1.904170036315918,168000
2021-07-09,1.8779200315475464,1.8779200315475464,1.8591699600219727,1.8591699600219727,1.8591699600219727,96000
2021-07-12,1.9187500476837158,1.936669945716858,1.9129199981689453,1.9129199981689453,1.9129199981689453,240000
2021-07-13,1.9537500143051147,1.9566700458526611,1.8799999952316284,1.8829200267791748,1.8829200267791748,1176000
2021-07-14,1.9191700220108032,1.9249999523162842,1.899999976158142,1.9020800590515137,1.9020800590515137,120000
2021-07-15,1.9275000095367432,1.9566700458526611,1.9275000095367432,1.9566700458526611,1.9566700458526611,96000
2021-07-16,1.9149999618530273,1.9166699647903442,1.9058300256729126,1.9154200553894043,1.9154200553894043,144000
2021-07-19,1.9029200077056885,1.9029200077056885,1.875,1.8895800113677979,1.8895800113677979,168000
2021-07-20,1.878749966621399,1.879580020904541,1.842079997062683,1.842079997062683,1.842079997062683,264000
2021-07-21,1.8587499856948853,1.8587499856948853,1.818750023841858,1.8304200172424316,1.8304200172424316,264000
2021-07-22,1.8708300590515137,1.8816699981689453,1.8695800304412842,1.8762500286102295,1.8762500286102295,120000
2021-07-23,1.8854199647903442,1.8904199600219727,1.8708300590515137,1.8708300590515137,1.8708300590515137,144000
2021-07-26,1.8466700315475464,1.8466700315475464,1.8424999713897705,1.8424999713897705,1.8424999713897705,48000
2021-07-27,1.8366700410842896,1.8366700410842896,1.8183300495147705,1.818750023841858,1.818750023841858,720000
2021-07-28,1.7695800065994263,1.7712500095367432,1.7258299589157104,1.7641700506210327,1.7641700506210327,1152000
2021-07-29,1.7954200506210327,1.8237500190734863,1.7954200506210327,1.8237500190734863,1.8237500190734863,408000
2021-07-30,1.8274999856948853,1.8295799493789673,1.8274999856948853,1.8295799493789673,1.8295799493789673,72000
2021-08-02,1.839169979095459,1.864169955253601,1.823330044746399,1.864169955253601,1.864169955253601,168000
2021-08-03,1.864169955253601,1.864169955253601,1.864169955253601,1.864169955253601,1.864169955253601,0
2021-08-04,1.8995800018310547,1.8995800018310547,1.8995800018310547,1.8995800018310547,1.8995800018310547,24000
2021-08-05,1.8899999856948853,1.8899999856948853,1.8899999856948853,1.8899999856948853,1.8899999856948853,120000
2021-08-06,1.8554199934005737,1.8650000095367432,1.8554199934005737,1.8624999523162842,1.8624999523162842,144000
2021-08-09,1.8333300352096558,1.8333300352096558,1.8333300352096558,1.8333300352096558,1.8333300352096558,24000
2021-08-10,1.8345799446105957,1.8345799446105957,1.8345799446105957,1.8345799446105957,1.8345799446105957,24000
2021-08-11,1.8320800065994263,1.8320800065994263,1.8312499523162842,1.8312499523162842,1.8312499523162842,48000
2021-08-12,1.816249966621399,1.816249966621399,1.816249966621399,1.816249966621399,1.816249966621399,24000
2021-08-13,1.783750057220459,1.783750057220459,1.7658300399780273,1.7658300399780273,1.7658300399780273,168000
2021-08-16,1.743749976158142,1.7470799684524536,1.7241699695587158,1.7433300018310547,1.7433300018310547,288000
2021-08-17,1.716670036315918,1.716670036315918,1.7000000476837158,1.7000000476837158,1.7000000476837158,72000
2021-08-18,1.658750057220459,1.7345800399780273,1.658750057220459,1.7345800399780273,1.7345800399780273,384000
2021-08-19,1.7029199600219727,1.7029199600219727,1.6491700410842896,1.6491700410842896,1.6491700410842896,288000
2021-08-20,1.6595799922943115,1.6595799922943115,1.625,1.6533299684524536,1.6533299684524536,168000
2021-08-23,1.69582998752594,1.7333300113677979,1.69582998752594,1.7333300113677979,1.7333300113677979,192000
2021-08-24,1.745419979095459,1.7549999952316284,1.745419979095459,1.7549999952316284,1.7549999952316284,120000
2021-08-25,1.75832998752594,1.787500023841858,1.75832998752594,1.780419945716858,1.780419945716858,336000
2021-08-26,1.7995799779891968,1.7995799779891968,1.7799999713897705,1.7949999570846558,1.7949999570846558,360000
2021-08-27,1.8070800304412842,1.8404200077056885,1.8070800304412842,1.8404200077056885,1.8404200077056885,288000
2021-08-30,1.8495800495147705,1.8716700077056885,1.844580054283142,1.8716700077056885,1.8716700077056885,264000
2021-08-31,1.8562500476837158,1.8941700458526611,1.839169979095459,1.8941700458526611,1.8941700458526611,1200000
2021-09-01,1.8916699886322021,1.8995800018310547,1.8916699886322021,1.8995800018310547,1.8995800018310547,72000
2021-09-02,1.8937499523162842,1.903749942779541,1.8566700220108032,1.8566700220108032,1.8566700220108032,312000
2021-09-03,1.8791699409484863,1.9141700267791748,1.8791699409484863,1.8995800018310547,1.8995800018310547,960000
2021-09-06,1.90625,1.9191700220108032,1.904579997062683,1.9191700220108032,1.9191700220108032,168000
2021-09-07,1.8991700410842896,1.8991700410842896,1.874169945716858,1.8929200172424316,1.8929200172424316,288000
2021-09-08,1.878749966621399,1.8799999952316284,1.832919955253601,1.8395800590515137,1.8395800590515137,216000
2021-09-09,1.8241699934005737,1.8579200506210327,1.8241699934005737,1.8487499952316284,1.8487499952316284,360000
2021-09-10,1.8670799732208252,1.8962500095367432,1.8670799732208252,1.8962500095367432,1.8962500095367432,144000
2021-09-13,1.8854199647903442,1.8895800113677979,1.8854199647903442,1.8895800113677979,1.8895800113677979,48000
2021-09-14,1.905419945716858,1.9149999618530273,1.8975000381469727,1.8975000381469727,1.8975000381469727,96000
2021-09-15,1.870419979095459,1.874169945716858,1.870419979095459,1.874169945716858,1.874169945716858,120000
2021-09-16,1.88332998752594,1.88332998752594,1.8562500476837158,1.8620799779891968,1.8620799779891968,96000
2021-09-17,1.8658299446105957,1.8887499570846558,1.8658299446105957,1.8887499570846558,1.8887499570846558,120000
2021-09-22,1.777500033378601,1.7941700220108032,1.7549999952316284,1.783329963684082,1.783329963684082,1080000
2021-09-23,1.818750023841858,1.8358299732208252,1.818750023841858,1.8195799589157104,1.8195799589157104,192000
2021-09-24,1.8541699647903442,1.864169955253601,1.8541699647903442,1.8558299541473389,1.8558299541473389,240000
2021-09-27,1.8654199838638306,1.8783299922943115,1.8654199838638306,1.8716700077056885,1.8716700077056885,72000
2021-09-28,1.832919955253601,1.837499976158142,1.8220800161361694,1.8291699886322021,1.8291699886322021,1008000
2021-09-29,1.782080054283142,1.782080054283142,1.7558300495147705,1.7620799541473389,1.7620799541473389,504000
2021-09-30,1.7620799541473389,1.7970800399780273,1.7620799541473389,1.7970800399780273,1.7970800399780273,120000
2021-10-01,1.7587499618530273,1.7587499618530273,1.685420036315918,1.698330044746399,1.698330044746399,432000
2021-10-04,1.7058299779891968,1.7058299779891968,1.6687500476837158,1.6687500476837158,1.6687500476837158,192000
2021-10-05,1.6433299779891968,1.6808300018310547,1.625,1.6737500429153442,1.6737500429153442,432000
2021-10-06,1.6691700220108032,1.6691700220108032,1.6575000286102295,1.6683299541473389,1.6683299541473389,1992000
2021-10-07,1.7137500047683716,1.747920036315918,1.7137500047683716,1.7458300590515137,1.7458300590515137,288000
2021-10-08,1.749169945716858,1.749169945716858,1.7237499952316284,1.7237499952316284,1.7237499952316284,264000
2021-10-12,1.6737500429153442,1.693750023841858,1.6595799922943115,1.6862499713897705,1.6862499713897705,480000
2021-10-13,1.7116700410842896,1.7116700410842896,1.690000057220459,1.690000057220459,1.690000057220459,48000
2021-10-14,1.6845799684524536,1.6845799684524536,1.6758300065994263,1.682919979095459,1.682919979095459,72000
2021-10-15,1.7237499952316284,1.750830054283142,1.720829963684082,1.750830054283142,1.750830054283142,408000
2021-10-18,1.7666699886322021,1.7666699886322021,1.75,1.75,1.75,216000
2021-10-19,1.7679200172424316,1.7891700267791748,1.7625000476837158,1.787500023841858,1.787500023841858,168000
2021-10-20,1.7904200553894043,1.7904200553894043,1.783329963684082,1.783329963684082,1.783329963684082,48000
2021-10-21,1.7908300161361694,1.8158299922943115,1.782920002937317,1.782920002937317,1.782920002937317,192000
2021-10-22,1.778749942779541,1.787500023841858,1.7645800113677979,1.785830020904541,1.785830020904541,216000
2021-10-25,1.7670799493789673,1.7916699647903442,1.7670799493789673,1.7916699647903442,1.7916699647903442,48000
2021-10-26,1.8037500381469727,1.8229199647903442,1.8037500381469727,1.810829997062683,1.810829997062683,96000
2021-10-27,1.8229199647903442,1.8229199647903442,1.8229199647903442,1.8229199647903442,1.8229199647903442,24000
2021-10-28,1.8174999952316284,1.8262499570846558,1.811669945716858,1.811669945716858,1.811669945716858,72000
2021-10-29,1.7887500524520874,1.7966699600219727,1.7854199409484863,1.7966699600219727,1.7966699600219727,72000
2021-11-01,1.8258299827575684,1.8287500143051147,1.814579963684082,1.8287500143051147,1.8287500143051147,144000
2021-11-02,1.8491699695587158,1.8624999523162842,1.8258299827575684,1.8258299827575684,1.8258299827575684,312000
2021-11-03,1.8316700458526611,1.8316700458526611,1.8316700458526611,1.8316700458526611,1.8316700458526611,24000
2021-11-04,1.8566700220108032,1.8591699600219727,1.8450000286102295,1.845420002937317,1.845420002937317,840000
2021-11-05,1.8379199504852295,1.86667001247406,1.8379199504852295,1.86667001247406,1.86667001247406,216000
2021-11-08,1.8674999475479126,1.8904199600219727,1.8674999475479126,1.8870799541473389,1.8870799541473389,360000
2021-11-09,1.9245799779891968,1.9370800256729126,1.9154200553894043,1.9237500429153442,1.9237500429153442,336000
2021-11-10,1.931249976158142,1.9345799684524536,1.9204200506210327,1.92917001247406,1.92917001247406,360000
2021-11-11,1.9137500524520874,1.9241700172424316,1.8991700410842896,1.8991700410842896,1.8991700410842896,168000
2021-11-12,1.9262499809265137,1.9441699981689453,1.9216699600219727,1.9258300065994263,1.9258300065994263,504000
2021-11-15,1.9554200172424316,1.9591699838638306,1.9479199647903442,1.9574999809265137,1.9574999809265137,120000
2021-11-16,1.9595799446105957,1.9633300304412842,1.9591699838638306,1.9591699838638306,1.9591699838638306,96000
2021-11-17,1.964169979095459,1.9654200077056885,1.9595799446105957,1.9654200077056885,1.9654200077056885,744000
2021-11-18,1.9808299541473389,1.9941699504852295,1.9808299541473389,1.9941699504852295,1.9941699504852295,168000
2021-11-19,2.0112500190734863,2.0112500190734863,1.9941699504852295,2.007499933242798,2.007499933242798,120000
2021-11-22,1.993749976158142,2.0012500286102295,1.9920799732208252,1.9966700077056885,1.9966700077056885,192000
2021-11-23,1.965000033378601,1.973330020904541,1.9487500190734863,1.9600000381469727,1.9600000381469727,144000
2021-11-24,1.9595799446105957,1.9595799446105957,1.935829997062683,1.9550000429153442,1.9550000429153442,144000
2021-11-25,1.9591699838638306,1.9595799446105957,1.9404200315475464,1.9595799446105957,1.9595799446105957,120000
2021-11-26,1.9308300018310547,1.9308300018310547,1.8804199695587158,1.8804199695587158,1.8804199695587158,336000
2021-11-29,1.875,1.8962500095367432,1.864169955253601,1.875830054283142,1.875830054283142,9264000
2021-11-30,1.901669979095459,1.9237500429153442,1.8891700506210327,1.8891700506210327,1.8891700506210327,360000
2021-12-01,1.895419955253601,1.942080020904541,1.895419955253601,1.9408299922943115,1.9408299922943115,168000
2021-12-02,1.9212499856948853,1.9620800018310547,1.9212499856948853,1.9470800161361694,1.9470800161361694,96000
2021-12-03,1.957919955253601,1.9691699743270874,1.957919955253601,1.9691699743270874,1.9691699743270874,72000
2021-12-06,1.9691699743270874,1.9691699743270874,1.9691699743270874,1.9691699743270874,1.9691699743270874,0
2021-12-07,1.9533300399780273,1.972499966621399,1.943750023841858,1.972499966621399,1.972499966621399,192000
2021-12-08,2.0137500762939453,2.020829916000366,1.9987499713897705,1.9987499713897705,1.9987499713897705,408000
2021-12-09,2.007920026779175,2.0112500190734863,1.9929200410842896,1.9945800304412842,1.9945800304412842,216000
2021-12-10,1.9866700172424316,1.9995800256729126,1.9866700172424316,1.995419979095459,1.995419979095459,96000
2021-12-13,2.0037500858306885,2.007499933242798,1.9829200506210327,1.9829200506210327,1.9829200506210327,96000
2021-12-14,1.9591699838638306,1.9591699838638306,1.9320800304412842,1.9320800304412842,1.9320800304412842,144000
2021-12-15,1.931249976158142,1.9450000524520874,1.931249976158142,1.9429199695587158,1.9429199695587158,120000
2021-12-16,1.9800000190734863,1.9866700172424316,1.972499966621399,1.9866700172424316,1.9866700172424316,288000
2021-12-17,1.9866700172424316,1.9866700172424316,1.9866700172424316,1.9866700172424316,1.9866700172424316,0
2021-12-20,1.9808299541473389,1.9808299541473389,1.9808299541473389,1.9808299541473389,1.9808299541473389,24000
2021-12-21,1.9774999618530273,2.0,1.9774999618530273,2.0,2.0,144000
2021-12-22,1.989169955253601,1.989169955253601,1.989169955253601,1.989169955253601,1.989169955253601,24000
2021-12-23,2.012500047683716,2.033329963684082,2.012500047683716,2.026249885559082,2.026249885559082,504000
2021-12-24,2.0320799350738525,2.045419931411743,2.0320799350738525,2.039170026779175,2.039170026779175,360000
2021-12-27,2.0370800495147705,2.062079906463623,2.0370800495147705,2.0583300590515137,2.0583300590515137,312000
2021-12-28,2.067080020904541,2.081249952316284,2.0625,2.081249952316284,2.081249952316284,96000
2021-12-29,2.091670036315918,2.09375,2.083329916000366,2.091670036315918,2.091670036315918,480000
2021-12-30,2.0875000953674316,2.0895800590515137,2.074579954147339,2.078749895095825,2.078749895095825,13680000
2022-01-03,2.1166698932647705,2.125,2.09375,2.09375,2.09375,240000
2022-01-04,2.127079963684082,2.154170036315918,2.127079963684082,2.1520800590515137,2.1520800590515137,456000
2022-01-05,2.1479198932647705,2.1500000953674316,2.1479198932647705,2.1479198932647705,2.1479198932647705,552000
2022-01-06,2.0979199409484863,2.0979199409484863,2.0979199409484863,2.0979199409484863,2.0979199409484863,24000
2022-01-07,2.09375,2.09375,2.067500114440918,2.067500114440918,2.067500114440918,120000
2022-01-10,2.052500009536743,2.0779199600219727,2.0508298873901367,2.0779199600219727,2.0779199600219727,216000
2022-01-11,2.083329916000366,2.083329916000366,2.052500009536743,2.083329916000366,2.083329916000366,240000
2022-01-12,2.112499952316284,2.114579916000366,2.0999999046325684,2.114579916000366,2.114579916000366,288000
2022-01-13,2.1166698932647705,2.1166698932647705,2.1166698932647705,2.1166698932647705,2.1166698932647705,24000
2022-01-14,2.0999999046325684,2.0999999046325684,2.0999999046325684,2.0999999046325684,2.0999999046325684,192000
2022-01-17,2.141669988632202,2.143749952316284,2.141669988632202,2.143749952316284,2.143749952316284,48000
2022-01-18,2.166670083999634,2.166670083999634,2.122920036315918,2.122920036315918,2.122920036315918,72000
2022-01-19,2.09375,2.09375,2.09375,2.09375,2.09375,72000
2022-01-20,2.077080011367798,2.077080011367798,2.075000047683716,2.075000047683716,2.075000047683716,48000
2022-01-21,2.0225000381469727,2.0225000381469727,2.009999990463257,2.009999990463257,2.009999990463257,72000
2022-01-24,2.018749952316284,2.02167010307312,2.018749952316284,2.02167010307312,2.02167010307312,600000
2022-01-25,1.9583300352096558,1.9691699743270874,1.9558299779891968,1.9691699743270874,1.9691699743270874,96000
2022-01-26,1.969580054283142,1.970420002937317,1.96875,1.970420002937317,1.970420002937317,264000
2022-02-07,1.9758299589157104,2.0091700553894043,1.9758299589157104,2.0091700553894043,2.0091700553894043,48000
2022-02-08,2.036669969558716,2.036669969558716,2.036669969558716,2.036669969558716,2.036669969558716,24000
2022-02-09,2.036669969558716,2.036669969558716,2.036669969558716,2.036669969558716,2.036669969558716,0
2022-02-10,2.081670045852661,2.095829963684082,2.081670045852661,2.095829963684082,2.095829963684082,48000
2022-02-11,2.09375,2.1020801067352295,2.09375,2.0999999046325684,2.0999999046325684,240000
2022-02-14,2.045830011367798,2.045830011367798,2.0354199409484863,2.0450000762939453,2.0450000762939453,168000
2022-02-15,2.0379199981689453,2.05292010307312,2.0379199981689453,2.05292010307312,2.05292010307312,72000
2022-02-16,2.0854198932647705,2.0999999046325684,2.0820798873901367,2.09375,2.09375,1488000
2022-02-17,2.122920036315918,2.122920036315918,2.104170083999634,2.110419988632202,2.110419988632202,144000
2022-02-18,2.104170083999634,2.104170083999634,2.104170083999634,2.104170083999634,2.104170083999634,24000
2022-02-21,2.09375,2.09375,2.09375,2.09375,2.09375,48000
2022-02-22,2.0254199504852295,2.0254199504852295,2.0254199504852295,2.0254199504852295,2.0254199504852295,120000
2022-02-23,2.0612499713897705,2.0612499713897705,2.0612499713897705,2.0612499713897705,2.0612499713897705,24000
2022-02-24,2.0012500286102295,2.0012500286102295,1.9550000429153442,1.9550000429153442,1.9550000429153442,240000
2022-02-25,1.9491699934005737,1.9654200077056885,1.9491699934005737,1.9516700506210327,1.9516700506210327,96000
2022-03-01,2.0,2.028330087661743,2.0,2.028330087661743,2.028330087661743,192000
2022-03-02,2.028330087661743,2.028330087661743,2.028330087661743,2.028330087661743,2.028330087661743,0
2022-03-03,2.028330087661743,2.028330087661743,2.028330087661743,2.028330087661743,2.028330087661743,0
2022-03-04,1.9908299446105957,1.9908299446105957,1.9883300065994263,1.9883300065994263,1.9883300065994263,120000
2022-03-07,1.8945800065994263,1.8945800065994263,1.845829963684082,1.845829963684082,1.845829963684082,192000
2022-03-08,1.8254200220108032,1.8254200220108032,1.7799999713897705,1.7799999713897705,1.7799999713897705,120000
2022-03-09,1.7799999713897705,1.7799999713897705,1.7799999713897705,1.7799999713897705,1.7799999713897705,0
2022-03-10,1.9075000286102295,1.9229199886322021,1.904170036315918,1.9129199981689453,1.9129199981689453,312000
2022-03-11,1.8829200267791748,1.8829200267791748,1.8708300590515137,1.8708300590515137,1.8708300590515137,168000
2022-03-14,1.8708300590515137,1.8708300590515137,1.8708300590515137,1.8708300590515137,1.8708300590515137,0
2022-03-15,1.8291699886322021,1.8291699886322021,1.7987500429153442,1.8058300018310547,1.8058300018310547,264000
2022-03-16,1.8358299732208252,1.8379199504852295,1.7887500524520874,1.8095799684524536,1.8095799684524536,456000
2022-03-17,1.9141700267791748,1.9216699600219727,1.9029200077056885,1.9216699600219727,1.9216699600219727,168000
2022-03-18,1.9141700267791748,1.9141700267791748,1.9129199981689453,1.9129199981689453,1.9129199981689453,288000
2022-03-21,1.9129199981689453,1.9129199981689453,1.9129199981689453,1.9129199981689453,1.9129199981689453,0
2022-03-22,1.9129199981689453,1.9129199981689453,1.9129199981689453,1.9129199981689453,1.9129199981689453,0
2022-03-23,1.9129199981689453,1.9129199981689453,1.9129199981689453,1.9129199981689453,1.9129199981689453,0
2022-03-24,1.9129199981689453,1.9129199981689453,1.9129199981689453,1.9129199981689453,1.9129199981689453,0
2022-03-25,1.9908299446105957,1.9908299446105957,1.9774999618530273,1.9774999618530273,1.9774999618530273,96000
2022-03-28,1.9229199886322021,1.935420036315918,1.902500033378601,1.935420036315918,1.935420036315918,120000
2022-03-29,1.9495799541473389,1.9495799541473389,1.9495799541473389,1.9495799541473389,1.9495799541473389,24000
2022-03-30,1.9900000095367432,1.9900000095367432,1.989169955253601,1.9900000095367432,1.9900000095367432,120000
2022-03-31,1.9900000095367432,1.9900000095367432,1.9900000095367432,1.9900000095367432,1.9900000095367432,0
2022-04-01,1.9479199647903442,1.9479199647903442,1.9479199647903442,1.9479199647903442,1.9479199647903442,24000
2022-04-06,1.9154200553894043,1.9154200553894043,1.9154200553894043,1.9154200553894043,1.9154200553894043,24000
2022-04-07,1.9154200553894043,1.9154200553894043,1.9154200553894043,1.9154200553894043,1.9154200553894043,0
2022-04-08,1.8849999904632568,1.8849999904632568,1.8849999904632568,1.8849999904632568,1.8849999904632568,24000
2022-04-11,1.872920036315918,1.872920036315918,1.837499976158142,1.837499976158142,1.837499976158142,72000
2022-04-12,1.8166699409484863,1.8270800113677979,1.8166699409484863,1.8270800113677979,1.8270800113677979,48000
2022-04-13,1.8912500143051147,1.8983299732208252,1.8912500143051147,1.8983299732208252,1.8983299732208252,72000
2022-04-14,1.8983299732208252,1.8983299732208252,1.8983299732208252,1.8983299732208252,1.8983299732208252,0
2022-04-15,1.846250057220459,1.846250057220459,1.8324999809265137,1.8324999809265137,1.8324999809265137,48000
2022-04-18,1.8004200458526611,1.8029199838638306,1.8004200458526611,1.8029199838638306,1.8029199838638306,48000
2022-04-19,1.8366700410842896,1.8366700410842896,1.8366700410842896,1.8366700410842896,1.8366700410842896,24000
2022-04-20,1.8466700315475464,1.8550000190734863,1.845420002937317,1.8524999618530273,1.8524999618530273,528000
2022-04-21,1.8654199838638306,1.8654199838638306,1.8654199838638306,1.8654199838638306,1.8654199838638306,48000
2022-04-22,1.815000057220459,1.815000057220459,1.815000057220459,1.815000057220459,1.815000057220459,24000
2022-04-25,1.7708300352096558,1.7708300352096558,1.7329200506210327,1.7424999475479126,1.7424999475479126,120000
2022-04-26,1.7424999475479126,1.7424999475479126,1.7424999475479126,1.7424999475479126,1.7424999475479126,0
2022-04-27,1.6741700172424316,1.6916699409484863,1.6729199886322021,1.6916699409484863,1.6916699409484863,216000
2022-04-28,1.6916699409484863,1.6916699409484863,1.6916699409484863,1.6916699409484863,1.6916699409484863,0
2022-04-29,1.7450000047683716,1.7466700077056885,1.7450000047683716,1.7466700077056885,1.7466700077056885,96000
2022-05-03,1.7300000190734863,1.7300000190734863,1.729580044746399,1.729580044746399,1.729580044746399,48000
2022-05-04,1.7258299589157104,1.7258299589157104,1.7258299589157104,1.7258299589157104,1.7258299589157104,24000
2022-05-05,1.7258299589157104,1.7258299589157104,1.7258299589157104,1.7258299589157104,1.7258299589157104,0
2022-05-06,1.6987500190734863,1.6987500190734863,1.6987500190734863,1.6987500190734863,1.6987500190734863,24000
2022-05-09,1.6529200077056885,1.6529200077056885,1.6354199647903442,1.6354199647903442,1.6354199647903442,96000
2022-05-10,1.5804200172424316,1.6062500476837158,1.5654200315475464,1.6062500476837158,1.6062500476837158,96000
2022-05-11,1.6062500476837158,1.6062500476837158,1.6062500476837158,1.6062500476837158,1.6062500476837158,0
2022-05-12,1.5866700410842896,1.5866700410842896,1.5666699409484863,1.5666699409484863,1.5666699409484863,72000
2022-05-13,1.5666699409484863,1.5666699409484863,1.5666699409484863,1.5666699409484863,1.5666699409484863,0
2022-05-16,1.6129200458526611,1.6129200458526611,1.6129200458526611,1.6129200458526611,1.6129200458526611,24000
2022-05-17,1.6370799541473389,1.6379200220108032,1.6370799541473389,1.6379200220108032,1.6379200220108032,48000
2022-05-18,1.658329963684082,1.6808300018310547,1.658329963684082,1.6808300018310547,1.6808300018310547,1080000
2022-05-19,1.6808300018310547,1.6808300018310547,1.6808300018310547,1.6808300018310547,1.6808300018310547,0
2022-05-20,1.6808300018310547,1.6808300018310547,1.6808300018310547,1.6808300018310547,1.6808300018310547,0
2022-05-23,1.6633299589157104,1.6633299589157104,1.6633299589157104,1.6633299589157104,1.6633299589157104,24000
2022-05-24,1.6633299589157104,1.6633299589157104,1.6633299589157104,1.6633299589157104,1.6633299589157104,0
2022-05-25,1.6633299589157104,1.6633299589157104,1.6633299589157104,1.6633299589157104,1.6633299589157104,0
2022-05-26,1.6633299589157104,1.6633299589157104,1.6633299589157104,1.6633299589157104,1.6633299589157104,0
2022-05-27,1.6687500476837158,1.6716699600219727,1.6654200553894043,1.6654200553894043,1.6654200553894043,384000
2022-05-30,1.721250057220459,1.721250057220459,1.721250057220459,1.721250057220459,1.721250057220459,24000
2022-05-31,1.721250057220459,1.721250057220459,1.721250057220459,1.721250057220459,1.721250057220459,0
2022-06-01,1.721250057220459,1.721250057220459,1.721250057220459,1.721250057220459,1.721250057220459,0
2022-06-02,1.721250057220459,1.721250057220459,1.721250057220459,1.721250057220459,1.721250057220459,0
2022-06-06,1.721250057220459,1.721250057220459,1.721250057220459,1.721250057220459,1.721250057220459,0
2022-06-07,1.721250057220459,1.721250057220459,1.721250057220459,1.721250057220459,1.721250057220459,0
2022-06-08,1.7666699886322021,1.7670799493789673,1.7666699886322021,1.7670799493789673,1.7670799493789673,144000
2022-06-09,1.7670799493789673,1.7670799493789673,1.7670799493789673,1.7670799493789673,1.7670799493789673,0
2022-06-10,1.7129199504852295,1.7129199504852295,1.7129199504852295,1.7129199504852295,1.7129199504852295,48000
2022-06-13,1.6283299922943115,1.6283299922943115,1.6283299922943115,1.6283299922943115,1.6283299922943115,24000
2022-06-14,1.6050000190734863,1.6325000524520874,1.6050000190734863,1.6325000524520874,1.6325000524520874,48000
2022-06-15,1.624169945716858,1.6395800113677979,1.624169945716858,1.6391700506210327,1.6391700506210327,144000
2022-06-16,1.6729199886322021,1.6762499809265137,1.6183300018310547,1.6183300018310547,1.6183300018310547,312000
2022-06-17,1.558750033378601,1.5679199695587158,1.5441700220108032,1.566249966621399,1.566249966621399,1224000
2022-06-20,1.5575000047683716,1.5575000047683716,1.5087499618530273,1.5087499618530273,1.5087499618530273,1800000
2022-06-21,1.5433299541473389,1.5783300399780273,1.5399999618530273,1.5783300399780273,1.5783300399780273,528000
2022-06-22,1.5554200410842896,1.5554200410842896,1.5129200220108032,1.5129200220108032,1.5129200220108032,120000
2022-06-23,1.5154199600219727,1.5208300352096558,1.4691699743270874,1.4774999618530273,1.4774999618530273,744000
2022-06-24,1.5270800590515137,1.5341700315475464,1.50832998752594,1.50832998752594,1.50832998752594,504000
2022-06-27,1.5566699504852295,1.5804200172424316,1.5566699504852295,1.5750000476837158,1.5750000476837158,504000
2022-06-28,1.560420036315918,1.560420036315918,1.529170036315918,1.5408300161361694,1.5408300161361694,192000
2022-06-29,1.5133299827575684,1.529579997062683,1.5116699934005737,1.5149999856948853,1.5149999856948853,216000
2022-06-30,1.47707998752594,1.47707998752594,1.4320800304412842,1.4387500286102295,1.4387500286102295,1056000
2022-07-01,1.4362499713897705,1.4362499713897705,1.347499966621399,1.347499966621399,1.347499966621399,384000
2022-07-04,1.347499966621399,1.347499966621399,1.3229199647903442,1.3304200172424316,1.3304200172424316,216000
2022-07-05,1.373329997062683,1.373329997062683,1.3137500286102295,1.3495800495147705,1.3495800495147705,1080000
2022-07-06,1.3495800495147705,1.3495800495147705,1.2866699695587158,1.2916699647903442,1.2916699647903442,600000
2022-07-07,1.313330054283142,1.3604199886322021,1.2999999523162842,1.3604199886322021,1.3604199886322021,552000
2022-07-08,1.377079963684082,1.3958300352096558,1.3737499713897705,1.3799999952316284,1.3799999952316284,576000
2022-07-11,1.3799999952316284,1.3799999952316284,1.3566700220108032,1.3633300065994263,1.3633300065994263,120000
2022-07-12,1.292080044746399,1.2929199934005737,1.28125,1.2925000190734863,1.2925000190734863,240000
2022-07-13,1.3654199838638306,1.375,1.3591699600219727,1.3612500429153442,1.3612500429153442,1296000
2022-07-14,1.345829963684082,1.3887499570846558,1.345829963684082,1.377079963684082,1.377079963684082,504000
2022-07-15,1.3820799589157104,1.4049999713897705,1.3820799589157104,1.4049999713897705,1.4049999713897705,408000
2022-07-18,1.405419945716858,1.4341700077056885,1.405419945716858,1.4254200458526611,1.4254200458526611,3024000
2022-07-19,1.4149999618530273,1.436669945716858,1.4137500524520874,1.436669945716858,1.436669945716858,288000
2022-07-20,1.47707998752594,1.47707998752594,1.442080020904541,1.4487500190734863,1.4487500190734863,1944000
2022-07-21,1.4637500047683716,1.4816700220108032,1.4512499570846558,1.4816700220108032,1.4816700220108032,1872000
2022-07-22,1.4912500381469727,1.4958300590515137,1.4833300113677979,1.4833300113677979,1.4833300113677979,864000
2022-07-25,1.4737499952316284,1.502500057220459,1.4737499952316284,1.502500057220459,1.502500057220459,168000
2022-07-26,1.4866700172424316,1.4866700172424316,1.4645800590515137,1.4645800590515137,1.4645800590515137,72000
2022-07-27,1.4620800018310547,1.4620800018310547,1.4620800018310547,1.4620800018310547,1.4620800018310547,24000
2022-07-28,1.5170799493789673,1.5170799493789673,1.4941699504852295,1.4941699504852295,1.4941699504852295,624000
2022-07-29,1.5308300256729126,1.5308300256729126,1.5104199647903442,1.5104199647903442,1.5104199647903442,312000
2022-08-01,1.503749966621399,1.5179200172424316,1.503749966621399,1.5179200172424316,1.5179200172424316,48000
2022-08-02,1.46875,1.469580054283142,1.4554200172424316,1.46042001247406,1.46042001247406,480000
2022-08-03,1.4674999713897705,1.46875,1.462499976158142,1.462499976158142,1.462499976158142,72000
2022-08-04,1.4691699743270874,1.4691699743270874,1.436669945716858,1.46875,1.46875,192000
2022-08-05,1.5075000524520874,1.5370800495147705,1.5075000524520874,1.5366699695587158,1.5366699695587158,648000
2022-08-08,1.5208300352096558,1.529170036315918,1.5208300352096558,1.529170036315918,1.529170036315918,72000
2022-08-09,1.5075000524520874,1.5441700220108032,1.5075000524520874,1.5441700220108032,1.5441700220108032,1320000
2022-08-10,1.5087499618530273,1.5137499570846558,1.5087499618530273,1.5137499570846558,1.5137499570846558,48000
2022-08-11,1.563330054283142,1.5683300495147705,1.5583300590515137,1.5654200315475464,1.5654200315475464,168000
2022-08-12,1.5791699886322021,1.591670036315918,1.5787500143051147,1.590000033378601,1.590000033378601,336000
2022-08-15,1.6058299541473389,1.6154199838638306,1.6058299541473389,1.6154199838638306,1.6154199838638306,312000
2022-08-16,1.6245800256729126,1.6245800256729126,1.6200000047683716,1.6216700077056885,1.6216700077056885,72000
2022-08-17,1.6216700077056885,1.627500057220459,1.6216700077056885,1.623329997062683,1.623329997062683,120000
2022-08-18,1.60207998752594,1.6062500476837158,1.5924999713897705,1.6062500476837158,1.6062500476837158,1728000
2022-08-19,1.6100000143051147,1.628749966621399,1.6100000143051147,1.6208300590515137,1.6208300590515137,120000
2022-08-22,1.5795799493789673,1.590000033378601,1.5774999856948853,1.5866700410842896,1.5866700410842896,168000
2022-08-23,1.5549999475479126,1.5566699504852295,1.5529199838638306,1.5529199838638306,1.5529199838638306,312000
2022-08-24,1.566249966621399,1.566249966621399,1.5508300065994263,1.5508300065994263,1.5508300065994263,168000
2022-08-25,1.57082998752594,1.57082998752594,1.57082998752594,1.57082998752594,1.57082998752594,240000
2022-08-26,1.596250057220459,1.596250057220459,1.596250057220459,1.596250057220459,1.596250057220459,48000
2022-08-29,1.5012500286102295,1.5158300399780273,1.500830054283142,1.5158300399780273,1.5158300399780273,120000
2022-08-30,1.5158300399780273,1.5383299589157104,1.5137499570846558,1.5383299589157104,1.5383299589157104,264000
2022-08-31,1.5233299732208252,1.5483299493789673,1.5233299732208252,1.5483299493789673,1.5483299493789673,120000
2022-09-01,1.493749976158142,1.4950000047683716,1.4791699647903442,1.4791699647903442,1.4791699647903442,192000
2022-09-02,1.47707998752594,1.47707998752594,1.465000033378601,1.465000033378601,1.465000033378601,120000
2022-09-05,1.471250057220459,1.471250057220459,1.471250057220459,1.471250057220459,1.471250057220459,24000
2022-09-06,1.466249942779541,1.466249942779541,1.466249942779541,1.466249942779541,1.466249942779541,24000
2022-09-07,1.4137500524520874,1.4199999570846558,1.408750057220459,1.408750057220459,1.408750057220459,192000
2022-09-08,1.4279199838638306,1.434999942779541,1.4245799779891968,1.434999942779541,1.434999942779541,360000
2022-09-12,1.4945800304412842,1.4958300590515137,1.4874999523162842,1.4958300590515137,1.4958300590515137,600000
2022-09-13,1.5208300352096558,1.5208300352096558,1.5091700553894043,1.5091700553894043,1.5091700553894043,1344000
2022-09-14,1.4341700077056885,1.4600000381469727,1.4341700077056885,1.4600000381469727,1.4600000381469727,480000
2022-09-15,1.4520800113677979,1.46875,1.4520800113677979,1.46875,1.46875,48000
2022-09-16,1.439170002937317,1.439170002937317,1.435829997062683,1.4370800256729126,1.4370800256729126,120000
2022-09-19,1.42917001247406,1.42917001247406,1.4245799779891968,1.4245799779891968,1.4245799779891968,72000
2022-09-20,1.435420036315918,1.4508299827575684,1.435420036315918,1.4462499618530273,1.4462499618530273,1560000
2022-09-21,1.435829997062683,1.435829997062683,1.4195799827575684,1.4225000143051147,1.4225000143051147,1848000
2022-09-22,1.3841700553894043,1.3908300399780273,1.36667001247406,1.3908300399780273,1.3908300399780273,432000
2022-09-23,1.3845800161361694,1.3908300399780273,1.3716700077056885,1.3716700077056885,1.3716700077056885,648000
2022-09-26,1.3316700458526611,1.3316700458526611,1.2970800399780273,1.2970800399780273,1.2970800399780273,1536000
2022-09-27,1.3191699981689453,1.3195799589157104,1.2975000143051147,1.3070800304412842,1.3070800304412842,480000
2022-09-28,1.3137500286102295,1.3137500286102295,1.251670002937317,1.251670002937317,1.251670002937317,576000
2022-09-29,1.277500033378601,1.280419945716858,1.247920036315918,1.2579200267791748,1.2579200267791748,600000
2022-09-30,1.2241699695587158,1.2412500381469727,1.2133300304412842,1.2320799827575684,1.2320799827575684,1512000
2022-10-03,1.2054200172424316,1.2324999570846558,1.2054200172424316,1.2091699838638306,1.2091699838638306,1392000
2022-10-04,1.2641700506210327,1.2679200172424316,1.2487499713897705,1.2666699886322021,1.2666699886322021,1176000
2022-10-05,1.3004200458526611,1.317080020904541,1.2962499856948853,1.301669955253601,1.301669955253601,2016000
2022-10-06,1.3254200220108032,1.3254200220108032,1.311669945716858,1.3204200267791748,1.3204200267791748,552000
2022-10-07,1.3020800352096558,1.3020800352096558,1.2841700315475464,1.2841700315475464,1.2841700315475464,840000
2022-10-11,1.2041699886322021,1.2095799446105957,1.1733299493789673,1.1733299493789673,1.1733299493789673,2088000
2022-10-12,1.1729199886322021,1.181249976158142,1.1533299684524536,1.1720800399780273,1.1720800399780273,1512000
2022-10-13,1.1712499856948853,1.1712499856948853,1.121250033378601,1.121250033378601,1.121250033378601,2448000
2022-10-14,1.1779199838638306,1.1979199647903442,1.1741700172424316,1.186669945716858,1.186669945716858,1056000
2022-10-17,1.1404199600219727,1.1520800590515137,1.1237499713897705,1.1508300304412842,1.1508300304412842,744000
2022-10-18,1.1749999523162842,1.1758300065994263,1.157920002937317,1.1741700172424316,1.1741700172424316,1344000
2022-10-19,1.1687500476837158,1.1808300018310547,1.154170036315918,1.1566699743270874,1.1566699743270874,2592000
2022-10-20,1.1058299541473389,1.1354199647903442,1.0979199409484863,1.13332998752594,1.13332998752594,2496000
2022-10-21,1.1395800113677979,1.1437499523162842,1.1216700077056885,1.122499942779541,1.122499942779541,1320000
2022-10-24,1.1654200553894043,1.1654200553894043,1.1387499570846558,1.1387499570846558,1.1387499570846558,792000
2022-10-25,1.1354199647903442,1.1354199647903442,1.095829963684082,1.0987499952316284,1.0987499952316284,912000
2022-10-26,1.1054199934005737,1.1112500429153442,1.1041699647903442,1.1083300113677979,1.1083300113677979,432000
2022-10-27,1.1379200220108032,1.1483299732208252,1.1379200220108032,1.1470799446105957,1.1470799446105957,528000
2022-10-28,1.13332998752594,1.1354199647903442,1.1104199886322021,1.1154199838638306,1.1154199838638306,624000
2022-10-31,1.1391700506210327,1.1520800590515137,1.1279200315475464,1.145419955253601,1.145419955253601,3624000
2022-11-01,1.1466699838638306,1.1729199886322021,1.1458300352096558,1.1591700315475464,1.1591700315475464,4992000
2022-11-02,1.1591700315475464,1.1720800399780273,1.1591700315475464,1.1716699600219727,1.1716699600219727,3384000
2022-11-03,1.1383299827575684,1.151669979095459,1.1375000476837158,1.1512500047683716,1.1512500047683716,2712000
2022-11-04,1.135830044746399,1.1620800495147705,1.131250023841858,1.1604199409484863,1.1604199409484863,3216000
2022-11-07,1.181249976158142,1.2033300399780273,1.1741700172424316,1.198330044746399,1.198330044746399,7320000
2022-11-08,1.2133300304412842,1.2262500524520874,1.2133300304412842,1.2183300256729126,1.2183300256729126,7632000
2022-11-09,1.2370799779891968,1.2683299779891968,1.2370799779891968,1.2645800113677979,1.2645800113677979,6480000
2022-11-10,1.2541699409484863,1.25832998752594,1.2395800352096558,1.246250033378601,1.246250033378601,8280000
2022-11-11,1.3433300256729126,1.347499966621399,1.3200000524520874,1.341670036315918,1.341670036315918,9240000
2022-11-14,1.4058300256729126,1.4058300256729126,1.3541699647903442,1.3658299446105957,1.3658299446105957,4296000
2022-11-15,1.3879200220108032,1.448330044746399,1.3849999904632568,1.4424999952316284,1.4424999952316284,4560000
2022-11-16,1.4550000429153442,1.4566700458526611,1.4212499856948853,1.4362499713897705,1.4362499713897705,14952000
2022-11-17,1.4308300018310547,1.4450000524520874,1.4166699647903442,1.4450000524520874,1.4450000524520874,7536000
2022-11-18,1.4495799541473389,1.4774999618530273,1.4287500381469727,1.4341700077056885,1.4341700077056885,8712000
2022-11-21,1.438330054283142,1.4466700553894043,1.4304200410842896,1.4304200410842896,1.4304200410842896,6384000
2022-11-22,1.4225000143051147,1.4520800113677979,1.4225000143051147,1.4479199647903442,1.4479199647903442,1656000
2022-11-23,1.4754199981689453,1.4754199981689453,1.4583300352096558,1.469580054283142,1.469580054283142,2016000
2022-11-24,1.4858299493789673,1.502079963684082,1.479580044746399,1.502079963684082,1.502079963684082,1920000
2022-11-25,1.498329997062683,1.5041699409484863,1.4883300065994263,1.4929200410842896,1.4929200410842896,2424000
2022-11-28,1.4512499570846558,1.4629199504852295,1.4362499713897705,1.4500000476837158,1.4500000476837158,5592000
2022-11-29,1.443750023841858,1.4791699647903442,1.4333300590515137,1.47707998752594,1.47707998752594,4008000
2022-11-30,1.473330020904541,1.5066699981689453,1.473330020904541,1.5066699981689453,1.5066699981689453,3600000
2022-12-01,1.5595799684524536,1.5716700553894043,1.533329963684082,1.5462499856948853,1.5462499856948853,7176000
2022-12-02,1.5225000381469727,1.5437500476837158,1.5208300352096558,1.5325000286102295,1.5325000286102295,4416000
2022-12-05,1.5270800590515137,1.556249976158142,1.5270800590515137,1.5362499952316284,1.5362499952316284,2136000
2022-12-06,1.5199999809265137,1.526669979095459,1.4854199886322021,1.4854199886322021,1.4854199886322021,5712000
2022-12-07,1.4754199981689453,1.5012500286102295,1.466670036315918,1.4716700315475464,1.4716700315475464,4536000
2022-12-08,1.4591699838638306,1.4591699838638306,1.4333300590515137,1.44582998752594,1.44582998752594,4056744
2022-12-09,1.4700000286102295,1.4883300065994263,1.4633300304412842,1.4833300113677979,1.4833300113677979,2280000
2022-12-12,1.466670036315918,1.466670036315918,1.443750023841858,1.4591699838638306,1.4591699838638306,2544000
2022-12-13,1.469580054283142,1.4716700315475464,1.4466700553894043,1.4512499570846558,1.4512499570846558,2208000
2022-12-14,1.467079997062683,1.4895800352096558,1.4608299732208252,1.4874999523162842,1.4874999523162842,2688576
2022-12-15,1.470829963684082,1.4920799732208252,1.470829963684082,1.4870799779891968,1.4870799779891968,1728000
2022-12-16,1.4325000047683716,1.4520800113677979,1.42917001247406,1.439170002937317,1.439170002937317,3456000
2022-12-19,1.4204200506210327,1.4362499713897705,1.4204200506210327,1.4254200458526611,1.4254200458526611,1560000
2022-12-20,1.4183299541473389,1.432919979095459,1.372499942779541,1.3737499713897705,1.3737499713897705,2904000
2022-12-21,1.3895800113677979,1.3975000381469727,1.3791699409484863,1.381250023841858,1.381250023841858,2784000
2022-12-22,1.412500023841858,1.4270800352096558,1.408750057220459,1.4254200458526611,1.4254200458526611,2064000
2022-12-23,1.38332998752594,1.3949999809265137,1.378749966621399,1.3920799493789673,1.3920799493789673,1152000
2022-12-26,1.3920799493789673,1.4008300304412842,1.3908300399780273,1.3970799446105957,1.3970799446105957,816576
2022-12-27,1.4183299541473389,1.4254200458526611,1.4091700315475464,1.4112499952316284,1.4112499952316284,2328000
2022-12-28,1.3791699409484863,1.3862500190734863,1.3662500381469727,1.375,1.375,1810248
2022-12-29,1.3533300161361694,1.3645800352096558,1.341249942779541,1.3595800399780273,1.3595800399780273,1152000
2022-12-30,1.3875000476837158,1.3908300399780273,1.379580020904541,1.379580020904541,1.379580020904541,1728000
2023-01-03,1.3579200506210327,1.3966699838638306,1.34375,1.3962500095367432,1.3962500095367432,3792000
2023-01-04,1.3904199600219727,1.4004199504852295,1.3866699934005737,1.395419955253601,1.395419955253601,1728000
2023-01-05,1.4129199981689453,1.4237500429153442,1.4004199504852295,1.402500033378601,1.402500033378601,2400000
2023-01-06,1.4162499904632568,1.4270800352096558,1.408329963684082,1.4237500429153442,1.4237500429153442,2712000
2023-01-09,1.4658299684524536,1.4958300590515137,1.4637500047683716,1.4958300590515137,1.4958300590515137,3696000
2023-01-10,1.5033299922943115,1.5125000476837158,1.4958300590515137,1.5125000476837158,1.5125000476837158,1992000
2023-01-11,1.5220799446105957,1.5220799446105957,1.4966700077056885,1.5058300495147705,1.5058300495147705,3672000
2023-01-12,1.5141700506210327,1.5154199600219727,1.49167001247406,1.4987499713897705,1.4987499713897705,1608000
2023-01-13,1.5475000143051147,1.5475000143051147,1.5116699934005737,1.5195800065994263,1.5195800065994263,3072000
2023-01-16,1.5366699695587158,1.5458300113677979,1.5325000286102295,1.533329963684082,1.533329963684082,2736000
2023-01-17,1.533329963684082,1.5425000190734863,1.53125,1.5370800495147705,1.5370800495147705,2184000
2023-01-30,1.6612499952316284,1.6616699695587158,1.6262500286102295,1.6437499523162842,1.6437499523162842,8160000
2023-01-31,1.6416699886322021,1.6425000429153442,1.6100000143051147,1.6129200458526611,1.6129200458526611,4200000
2023-02-01,1.6283299922943115,1.6337499618530273,1.61667001247406,1.6299999952316284,1.6299999952316284,2688000
2023-02-02,1.6604199409484863,1.6787500381469727,1.654170036315918,1.6754200458526611,1.6754200458526611,3312000
2023-02-03,1.667080044746399,1.6841700077056885,1.65625,1.6716699600219727,1.6716699600219727,4680000
2023-02-06,1.6483299732208252,1.649999976158142,1.6341700553894043,1.6341700553894043,1.6341700553894043,3888000
2023-02-07,1.6329200267791748,1.6437499523162842,1.628749966621399,1.635830044746399,1.635830044746399,2352000
2023-02-08,1.659999966621399,1.6799999475479126,1.657920002937317,1.6729199886322021,1.6729199886322021,10632000
2023-02-09,1.6604199409484863,1.6749999523162842,1.6604199409484863,1.6741700172424316,1.6741700172424316,1872000
2023-02-10,1.6666699647903442,1.6716699600219727,1.658750057220459,1.6662499904632568,1.6662499904632568,1872000
2023-02-13,1.6458300352096558,1.657920002937317,1.6412500143051147,1.657920002937317,1.657920002937317,1536000
2023-02-14,1.6745799779891968,1.690000057220459,1.6745799779891968,1.685420036315918,1.685420036315918,2520000
2023-02-15,1.6529200077056885,1.6633299589157104,1.6279200315475464,1.6304199695587158,1.6304199695587158,6083424
2023-02-16,1.6466699838638306,1.6729199886322021,1.6466699838638306,1.6687500476837158,1.6687500476837158,3384624
2023-02-17,1.6458300352096558,1.64792001247406,1.6320799589157104,1.6449999809265137,1.6449999809265137,1848000
2023-02-20,1.63332998752594,1.6641700267791748,1.63332998752594,1.6566699743270874,1.6566699743270874,2136000
2023-02-21,1.653749942779541,1.6641700267791748,1.6504199504852295,1.660830020904541,1.660830020904541,1176000
2023-02-22,1.627500057220459,1.6362500190734863,1.6145800352096558,1.6308300495147705,1.6308300495147705,3480000
2023-02-23,1.6483299732208252,1.6833300590515137,1.6483299732208252,1.6795799732208252,1.6795799732208252,4032000
2023-02-24,1.6887500286102295,1.6933300495147705,1.6612499952316284,1.6620800495147705,1.6620800495147705,1632000
2023-03-01,1.626670002937317,1.662500023841858,1.6208300590515137,1.6612499952316284,1.6612499952316284,1536000
2023-03-02,1.660830020904541,1.6675000190734863,1.6429200172424316,1.6658300161361694,1.6658300161361694,1224000
2023-03-03,1.6870800256729126,1.6875,1.6708300113677979,1.6795799732208252,1.6795799732208252,1344000
2023-03-06,1.7062499523162842,1.721250057220459,1.6954200267791748,1.7120800018310547,1.7120800018310547,4320000
2023-03-07,1.7112499475479126,1.7374999523162842,1.7091699838638306,1.7358299493789673,1.7358299493789673,1152000
2023-03-08,1.71042001247406,1.7183300256729126,1.7016700506210327,1.715000033378601,1.715000033378601,2040000
2023-03-09,1.7287499904632568,1.7291699647903442,1.7070800065994263,1.71042001247406,1.71042001247406,1056000
2023-03-10,1.6704200506210327,1.6737500429153442,1.6420799493789673,1.6504199504852295,1.6504199504852295,5640000
2023-03-13,1.6495800018310547,1.6591700315475464,1.6195800304412842,1.658329963684082,1.658329963684082,5232000
2023-03-14,1.6174999475479126,1.6370799541473389,1.6104199886322021,1.622920036315918,1.622920036315918,4224000
2023-03-15,1.6441700458526611,1.657920002937317,1.631250023841858,1.6325000524520874,1.6325000524520874,2736000
2023-03-16,1.6112500429153442,1.622920036315918,1.591670036315918,1.6050000190734863,1.6050000190734863,6074400
2023-03-17,1.629580020904541,1.64792001247406,1.628749966621399,1.6458300352096558,1.6458300352096558,2280000
2023-03-20,1.64792001247406,1.6512500047683716,1.6354199647903442,1.6412500143051147,1.6412500143051147,3192000
2023-03-21,1.6604199409484863,1.6666699647903442,1.651669979095459,1.655419945716858,1.655419945716858,2160000
2023-03-22,1.686669945716858,1.7129199504852295,1.686669945716858,1.7116700410842896,1.7116700410842896,3480000
2023-03-23,1.712499976158142,1.7466700077056885,1.71042001247406,1.7362500429153442,1.7362500429153442,3120000
2023-03-24,1.743749976158142,1.754580020904541,1.7324999570846558,1.754580020904541,1.754580020904541,2544000
2023-03-27,1.7450000047683716,1.75,1.7329200506210327,1.739169955253601,1.739169955253601,1584000
2023-03-28,1.72707998752594,1.7345800399780273,1.7020800113677979,1.7045799493789673,1.7045799493789673,2520240
2023-03-29,1.719580054283142,1.7279200553894043,1.7045799493789673,1.71042001247406,1.71042001247406,1704000
2023-03-30,1.7333300113677979,1.7404199838638306,1.7216700315475464,1.7341699600219727,1.7341699600219727,1560000
2023-03-31,1.75,1.7625000476837158,1.7445800304412842,1.747920036315918,1.747920036315918,3144000
2023-04-06,1.7258299589157104,1.7304199934005737,1.7116700410842896,1.7254199981689453,1.7254199981689453,2904000
2023-04-07,1.7383300065994263,1.7424999475479126,1.7333300113677979,1.7354199886322021,1.7354199886322021,1392000
2023-04-10,1.7512500286102295,1.7549999952316284,1.7370799779891968,1.747920036315918,1.747920036315918,1440000
2023-04-11,1.747920036315918,1.7654199600219727,1.747920036315918,1.756250023841858,1.756250023841858,2016000
2023-04-12,1.7570799589157104,1.7641700506210327,1.7512500286102295,1.7616699934005737,1.7616699934005737,3384000
2023-04-13,1.7458300590515137,1.7541699409484863,1.7358299493789673,1.7358299493789673,1.7358299493789673,2496000
2023-04-14,1.746250033378601,1.7716699838638306,1.746250033378601,1.7679200172424316,1.7679200172424316,2136000
2023-04-17,1.7554199695587158,1.7616699934005737,1.752079963684082,1.7591700553894043,1.7591700553894043,864000
2023-04-18,1.7599999904632568,1.7649999856948853,1.747920036315918,1.752079963684082,1.752079963684082,4416000
2023-04-19,1.7554199695587158,1.7554199695587158,1.7312500476837158,1.7341699600219727,1.7341699600219727,1442016
2023-04-20,1.720829963684082,1.7358299493789673,1.7116700410842896,1.71875,1.71875,2208000
2023-04-21,1.7279200553894043,1.729580044746399,1.6954200267791748,1.6966700553894043,1.6966700553894043,3480000
2023-04-24,1.686669945716858,1.7000000476837158,1.6845799684524536,1.6950000524520874,1.6950000524520874,7128000
2023-04-25,1.6979199647903442,1.6979199647903442,1.6412500143051147,1.645419955253601,1.645419955253601,12411600
2023-04-26,1.6379200220108032,1.6470799446105957,1.6291699409484863,1.6437499523162842,1.6437499523162842,4896000
2023-04-27,1.6375000476837158,1.659999966621399,1.6283299922943115,1.6487499475479126,1.6487499475479126,4320000
2023-04-28,1.6725000143051147,1.6875,1.6691700220108032,1.681249976158142,1.681249976158142,2424000
2023-05-02,1.688330054283142,1.7050000429153442,1.6808300018310547,1.6962499618530273,1.6962499618530273,8880000
2023-05-03,1.6816699504852295,1.685829997062683,1.6749999523162842,1.6833300590515137,1.6833300590515137,1128000
2023-05-04,1.6695799827575684,1.6908299922943115,1.6691700220108032,1.6908299922943115,1.6908299922943115,1224000
2023-05-05,1.7016700506210327,1.7074999809265137,1.683750033378601,1.7012499570846558,1.7012499570846558,1896000
2023-05-08,1.717079997062683,1.725000023841858,1.714169979095459,1.714169979095459,1.714169979095459,2976000
2023-05-09,1.7191699743270874,1.7191699743270874,1.707919955253601,1.717919945716858,1.717919945716858,864000
2023-05-10,1.7066700458526611,1.7066700458526611,1.686669945716858,1.6933300495147705,1.6933300495147705,2208000
2023-05-11,1.6991699934005737,1.7020800113677979,1.6741700172424316,1.6741700172424316,1.6741700172424316,3840000
2023-05-12,1.6575000286102295,1.6787500381469727,1.651669979095459,1.6729199886322021,1.6729199886322021,3984000
2023-05-15,1.6604199409484863,1.6691700220108032,1.654170036315918,1.6691700220108032,1.6691700220108032,11808000
2023-05-16,1.690000057220459,1.7158299684524536,1.689170002937317,1.7095799446105957,1.7095799446105957,12864000
2023-05-17,1.7145800590515137,1.7658300399780273,1.7145800590515137,1.7612500190734863,1.7612500190734863,4680000
2023-05-18,1.7916699647903442,1.8066699504852295,1.7816699743270874,1.8049999475479126,1.8049999475479126,9312000
2023-05-19,1.815000057220459,1.8220800161361694,1.8075000047683716,1.817080020904541,1.817080020904541,6216000
2023-05-22,1.8204200267791748,1.823330044746399,1.8129199743270874,1.8158299922943115,1.8158299922943115,1920000
2023-05-23,1.8158299922943115,1.8283300399780273,1.8066699504852295,1.8191699981689453,1.8191699981689453,5544000
2023-05-24,1.8054200410842896,1.8091700077056885,1.7916699647903442,1.806249976158142,1.806249976158142,2904000
2023-05-25,1.8337500095367432,1.837499976158142,1.8191699981689453,1.8337500095367432,1.8337500095367432,4296000
2023-05-26,1.879580020904541,1.8904199600219727,1.8708300590515137,1.8875000476837158,1.8875000476837158,3552000
2023-05-29,1.9237500429153442,1.92917001247406,1.9175000190734863,1.9187500476837158,1.9187500476837158,3072000
2023-05-30,1.9241700172424316,1.9249999523162842,1.9104199409484863,1.9212499856948853,1.9212499856948853,3240000
2023-05-31,1.9187500476837158,1.9254200458526611,1.8945800065994263,1.908750057220459,1.908750057220459,2832120
2023-06-01,1.8916699886322021,1.904170036315918,1.8875000476837158,1.89792001247406,1.89792001247406,1704000
2023-06-02,1.9229199886322021,1.9554200172424316,1.9220800399780273,1.9487500190734863,1.9487500190734863,2402400
2023-06-05,1.9441699981689453,1.9645800590515137,1.9416699409484863,1.9450000524520874,1.9450000524520874,3408000
2023-06-06,1.9470800161361694,1.9674999713897705,1.9462499618530273,1.9558299779891968,1.9558299779891968,1152000
2023-06-07,1.9683300256729126,1.9950000047683716,1.9674999713897705,1.993749976158142,1.993749976158142,3504000
2023-06-08,1.9812500476837158,1.9874999523162842,1.9404200315475464,1.942080020904541,1.942080020904541,3384000
2023-06-09,1.9683300256729126,1.9900000095367432,1.9674999713897705,1.9850000143051147,1.9850000143051147,3288000
2023-06-12,2.000420093536377,2.0129199028015137,1.9970799684524536,2.002079963684082,2.002079963684082,4584000
2023-06-13,2.043750047683716,2.0808300971984863,2.041670083999634,2.069999933242798,2.069999933242798,4848000
2023-06-14,2.0541698932647705,2.0712499618530273,2.0541698932647705,2.070420026779175,2.070420026779175,5976000
2023-06-15,2.0762500762939453,2.0979199409484863,2.074579954147339,2.0979199409484863,2.0979199409484863,3737760
2023-06-16,2.09375,2.09375,2.069999933242798,2.081670045852661,2.081670045852661,2496000
2023-06-19,2.064579963684082,2.0854198932647705,2.0608301162719727,2.0783300399780273,2.0783300399780273,28920000
2023-06-20,2.074579954147339,2.074579954147339,2.045830011367798,2.0591700077056885,2.0591700077056885,4320000
2023-06-21,2.0541698932647705,2.069580078125,2.0516700744628906,2.0591700077056885,2.0591700077056885,7536000
2023-06-26,2.029170036315918,2.0379199981689453,2.0183300971984863,2.028749942779541,2.028749942779541,2304000
2023-06-27,2.0091700553894043,2.0229198932647705,1.9895800352096558,1.998329997062683,1.998329997062683,2568600
2023-06-28,2.0112500190734863,2.0112500190734863,1.9933300018310547,2.0008299350738525,2.0008299350738525,3240600
2023-06-29,2.026249885559082,2.0466699600219727,1.9950000047683716,2.0041699409484863,2.0041699409484863,17544000
2023-06-30,1.9908299446105957,2.0137500762939453,1.9870799779891968,2.0091700553894043,2.0091700553894043,1392000
2023-07-03,2.0466699600219727,2.067919969558716,2.0466699600219727,2.067080020904541,2.067080020904541,1561152
2023-07-04,2.069580078125,2.0875000953674316,2.057080030441284,2.0854198932647705,2.0854198932647705,912000
2023-07-05,2.0808300971984863,2.0808300971984863,2.0566699504852295,2.062079906463623,2.062079906463623,2760360
2023-07-06,2.0195798873901367,2.0320799350738525,1.9850000143051147,1.9904199838638306,1.9904199838638306,7824720
2023-07-07,1.9612499475479126,1.9874999523162842,1.9500000476837158,1.967079997062683,1.967079997062683,9769320
2023-07-10,1.9787499904632568,1.993749976158142,1.9566700458526611,1.9654200077056885,1.9654200077056885,4056000
2023-07-11,2.005000114440918,2.0274999141693115,2.000420093536377,2.026249885559082,2.026249885559082,1752360
2023-07-12,2.0204200744628906,2.0399999618530273,2.0154199600219727,2.0374999046325684,2.0374999046325684,1152000
2023-07-13,2.0875000953674316,2.1187500953674316,2.072499990463257,2.0808300971984863,2.0808300971984863,18240000
2023-07-14,2.108330011367798,2.1333301067352295,2.09375,2.122920036315918,2.122920036315918,4152000
2023-07-17,2.1208300590515137,2.139580011367798,2.114579916000366,2.122920036315918,2.122920036315918,2640000
2023-07-18,2.143749952316284,2.1500000953674316,2.0979199409484863,2.1166698932647705,2.1166698932647705,3936000
2023-07-19,2.1333301067352295,2.1333301067352295,2.0854198932647705,2.091670036315918,2.091670036315918,2544480
2023-07-20,2.081249952316284,2.106250047683716,2.081249952316284,2.0979199409484863,2.0979199409484863,2232000
2023-07-21,2.0370800495147705,2.0666699409484863,2.0274999141693115,2.059580087661743,2.059580087661743,9744240
2023-07-24,2.0566699504852295,2.0779199600219727,2.0495800971984863,2.0666699409484863,2.0666699409484863,2713200
2023-07-25,2.091670036315918,2.122920036315918,2.091670036315918,2.114579916000366,2.114579916000366,2209728
2023-07-26,2.110419988632202,2.114579916000366,2.091670036315918,2.095829963684082,2.095829963684082,1632000
2023-07-27,2.127079963684082,2.137500047683716,2.1208300590515137,2.1312499046325684,2.1312499046325684,2448000
2023-07-28,2.114579916000366,2.143749952316284,2.108330011367798,2.1333301067352295,2.1333301067352295,1632000
2023-07-31,2.174999952316284,2.177079916000366,2.0895800590515137,2.09375,2.09375,6338640
2023-08-01,2.114579916000366,2.122920036315918,2.0979199409484863,2.1166698932647705,2.1166698932647705,1779600
2023-08-02,2.104170083999634,2.108330011367798,2.0250000953674316,2.0299999713897705,2.0299999713897705,9720000
2023-08-04,2.0158300399780273,2.034169912338257,2.005000114440918,2.026249885559082,2.026249885559082,6120000
2023-08-07,2.033329963684082,2.075000047683716,2.033329963684082,2.075000047683716,2.075000047683716,1968000
2023-08-08,2.0625,2.062920093536377,2.0133299827575684,2.035830020904541,2.035830020904541,5352000
2023-08-09,2.026669979095459,2.0512499809265137,2.020829916000366,2.033329963684082,2.033329963684082,1320000
2023-08-10,2.0037500858306885,2.0058300495147705,1.9741699695587158,1.9808299541473389,1.9808299541473389,7488000
2023-08-11,1.9987499713897705,2.00957989692688,1.9754199981689453,1.9808299541473389,1.9808299541473389,2715768
2023-08-14,1.940000057220459,1.9495799541473389,1.9066699743270874,1.9162499904632568,1.9162499904632568,6649680
2023-08-15,1.948330044746399,1.9583300352096558,1.9379199743270874,1.940000057220459,1.940000057220459,3456000
2023-08-16,1.9129199981689453,1.9299999475479126,1.9058300256729126,1.9225000143051147,1.9225000143051147,1896000
2023-08-17,1.8970799446105957,1.9537500143051147,1.8895800113677979,1.9508299827575684,1.9508299827575684,7968000
2023-08-18,1.939170002937317,1.9654200077056885,1.9129199981689453,1.9199999570846558,1.9199999570846558,3816000
2023-08-21,1.9387500286102295,1.9387500286102295,1.9175000190734863,1.9179199934005737,1.9179199934005737,722400
2023-08-22,1.9570800065994263,1.9570800065994263,1.9325000047683716,1.935829997062683,1.935829997062683,1632000
2023-08-23,1.9537500143051147,1.967079997062683,1.9495799541473389,1.966670036315918,1.966670036315918,1272720
2023-08-24,2.015000104904175,2.0229198932647705,1.999169945716858,2.014580011367798,2.014580011367798,3552000
2023-08-25,1.969580054283142,1.973330020904541,1.938330054283142,1.938330054283142,1.938330054283142,3504000
2023-08-28,1.9574999809265137,1.9633300304412842,1.9500000476837158,1.9516700506210327,1.9516700506210327,888000
2023-08-29,1.9574999809265137,1.9816700220108032,1.9504200220108032,1.9816700220108032,1.9816700220108032,696000
2023-08-30,2.0133299827575684,2.0179200172424316,2.0041699409484863,2.007920026779175,2.007920026779175,2640000
2023-08-31,1.9929200410842896,1.9966700077056885,1.9866700172424316,1.9866700172424316,1.9866700172424316,1344600
2023-09-01,1.9833300113677979,2.0062499046325684,1.9833300113677979,1.9945800304412842,1.9945800304412842,1656000
2023-09-04,1.993749976158142,2.018749952316284,1.9816700220108032,2.0179200172424316,2.0179200172424316,2256000
2023-09-05,2.0066699981689453,2.0195798873901367,2.0066699981689453,2.0195798873901367,2.0195798873901367,3648000
2023-09-06,2.023329973220825,2.024169921875,2.007499933242798,2.007920026779175,2.007920026779175,2784000
2023-09-07,1.9816700220108032,1.9887499809265137,1.972499966621399,1.9754199981689453,1.9754199981689453,2088000
2023-09-08,1.957919955253601,1.9745800495147705,1.9500000476837158,1.966670036315918,1.966670036315918,1560600
2023-09-11,1.9583300352096558,1.9583300352096558,1.9249999523162842,1.936669945716858,1.936669945716858,4320000
2023-09-12,1.9466700553894043,1.970420002937317,1.939170002937317,1.9683300256729126,1.9683300256729126,2760000
2023-09-13,1.9758299589157104,1.9862500429153442,1.9637500047683716,1.9745800495147705,1.9745800495147705,1152000
2023-09-14,2.007080078125,2.0350000858306885,2.007080078125,2.0350000858306885,2.0350000858306885,4104000
2023-09-15,2.0374999046325684,2.052079916000366,2.029170036315918,2.052079916000366,2.052079916000366,3696000
2023-09-18,2.0179200172424316,2.023329973220825,2.0037500858306885,2.0037500858306885,2.0037500858306885,4032000
2023-09-19,2.0083301067352295,2.00957989692688,1.9833300113677979,1.9833300113677979,1.9833300113677979,2088000
2023-09-20,1.9754199981689453,1.9829200506210327,1.9608299732208252,1.9645800590515137,1.9645800590515137,3120000
2023-09-21,1.9283299446105957,1.933750033378601,1.899999976158142,1.9033299684524536,1.9033299684524536,7464000
2023-09-22,1.8849999904632568,1.9137500524520874,1.8849999904632568,1.9129199981689453,1.9129199981689453,2904000
2023-09-25,1.9249999523162842,1.948330044746399,1.9249999523162842,1.941249966621399,1.941249966621399,1104000
2023-09-26,1.9237500429153442,1.9237500429153442,1.89792001247406,1.899999976158142,1.899999976158142,2232000
2023-09-27,1.8920799493789673,1.9066699743270874,1.8920799493789673,1.9008300304412842,1.9008300304412842,2400000
2023-09-28,1.9233299493789673,1.9316699504852295,1.904170036315918,1.9195799827575684,1.9195799827575684,1416000
2023-10-02,1.9537500143051147,1.9741699695587158,1.9537500143051147,1.9654200077056885,1.9654200077056885,2304000
2023-10-03,1.9545799493789673,1.9600000381469727,1.934999942779541,1.934999942779541,1.934999942779541,4656000
2023-10-04,1.8883299827575684,1.8995800018310547,1.872499942779541,1.8920799493789673,1.8920799493789673,3504480
2023-10-05,1.9112499952316284,1.9454200267791748,1.9112499952316284,1.9450000524520874,1.9450000524520874,2184000
2023-10-06,1.9591699838638306,1.9595799446105957,1.9479199647903442,1.9574999809265137,1.9574999809265137,3072000
2023-10-11,2.005000114440918,2.0083301067352295,1.9912500381469727,2.0008299350738525,2.0008299350738525,3264000
2023-10-12,2.009999990463257,2.0325000286102295,2.0037500858306885,2.0325000286102295,2.0325000286102295,3504000
2023-10-13,2.0112500190734863,2.0195798873901367,2.0066699981689453,2.012079954147339,2.012079954147339,1248000
2023-10-16,1.9883300065994263,1.9883300065994263,1.975000023841858,1.9862500429153442,1.9862500429153442,1272000
2023-10-17,2.0066699981689453,2.007499933242798,1.9816700220108032,1.9816700220108032,1.9816700220108032,1200000
2023-10-18,1.966670036315918,1.967079997062683,1.9345799684524536,1.9345799684524536,1.9345799684524536,3172824
2023-10-19,1.9345799684524536,1.939579963684082,1.9208300113677979,1.9249999523162842,1.9249999523162842,816000
2023-10-20,1.9091700315475464,1.9320800304412842,1.8870799541473389,1.9249999523162842,1.9249999523162842,2328000
2023-10-23,1.903749942779541,1.908750057220459,1.8870799541473389,1.8887499570846558,1.8887499570846558,1920600
2023-10-24,1.8887499570846558,1.90625,1.8612500429153442,1.90625,1.90625,3168000
2023-10-25,1.917080044746399,1.935420036315918,1.9158300161361694,1.9158300161361694,1.9158300161361694,4080000
2023-10-26,1.846250057220459,1.8654199838638306,1.8383300304412842,1.8383300304412842,1.8383300304412842,6336000
2023-10-27,1.8616700172424316,1.872920036315918,1.8579200506210327,1.8612500429153442,1.8612500429153442,1848000
2023-10-30,1.8695800304412842,1.8783299922943115,1.8574999570846558,1.8624999523162842,1.8624999523162842,5208000
2023-10-31,1.8679200410842896,1.8691699504852295,1.8229199647903442,1.8241699934005737,1.8241699934005737,3264000
2023-11-01,1.850000023841858,1.850000023841858,1.8237500190734863,1.842079997062683,1.842079997062683,1488000
2023-11-02,1.8920799493789673,1.9175000190734863,1.8920799493789673,1.9175000190734863,1.9175000190734863,3504000
2023-11-03,1.9287500381469727,1.9470800161361694,1.9287500381469727,1.943750023841858,1.943750023841858,3864000
2023-11-06,1.9766700267791748,1.9929200410842896,1.970829963684082,1.9812500476837158,1.9812500476837158,7848000
2023-11-07,1.970420002937317,1.9854199886322021,1.970420002937317,1.9854199886322021,1.9854199886322021,2928000
2023-11-08,1.9870799779891968,2.0087499618530273,1.9870799779891968,2.000420093536377,2.000420093536377,4752000
2023-11-09,1.9941699504852295,2.007499933242798,1.9883300065994263,2.004580020904541,2.004580020904541,1512000
2023-11-10,1.9850000143051147,1.9870799779891968,1.9758299589157104,1.9858299493789673,1.9858299493789673,3012720
2023-11-13,2.0470800399780273,2.049999952316284,2.023329973220825,2.026669979095459,2.026669979095459,5784000
2023-11-14,2.049999952316284,2.052079916000366,2.041670083999634,2.0466699600219727,2.0466699600219727,4224000
2023-11-15,2.0979199409484863,2.0979199409484863,2.077500104904175,2.091670036315918,2.091670036315918,4824000
2023-11-16,2.1020801067352295,2.104170083999634,2.079580068588257,2.095829963684082,2.095829963684082,4728000
2023-11-17,2.0979199409484863,2.112499952316284,2.0979199409484863,2.108330011367798,2.108330011367798,4728000
2023-11-20,2.108330011367798,2.112499952316284,2.09375,2.106250047683716,2.106250047683716,1752000
2023-11-21,2.1333301067352295,2.154170036315918,2.1333301067352295,2.154170036315918,2.154170036315918,5280000
2023-11-22,2.127079963684082,2.1333301067352295,2.1187500953674316,2.127079963684082,2.127079963684082,1176000
2023-11-23,2.1291699409484863,2.1291699409484863,2.108330011367798,2.122920036315918,2.122920036315918,1944000
2023-11-24,2.1312499046325684,2.137500047683716,2.122920036315918,2.127079963684082,2.127079963684082,1152000
2023-11-27,2.1333301067352295,2.141669988632202,2.091670036315918,2.091670036315918,2.091670036315918,1680000
2023-11-28,2.1020801067352295,2.1479198932647705,2.1020801067352295,2.141669988632202,2.141669988632202,6120000
2023-11-29,2.1520800590515137,2.1645801067352295,2.137500047683716,2.137500047683716,2.137500047683716,3120000
2023-11-30,2.1479198932647705,2.1500000953674316,2.137500047683716,2.145829916000366,2.145829916000366,648000
2023-12-01,2.137500047683716,2.158329963684082,2.1291699409484863,2.158329963684082,2.158329963684082,2400000
2023-12-04,2.168750047683716,2.172919988632202,2.1479198932647705,2.15625,2.15625,2328000
2023-12-05,2.127079963684082,2.1291699409484863,2.112499952316284,2.127079963684082,2.127079963684082,1248000
2023-12-06,2.139580011367798,2.1604199409484863,2.139580011367798,2.143749952316284,2.143749952316284,4272000
2023-12-07,2.139580011367798,2.141669988632202,2.1208300590515137,2.1208300590515137,2.1208300590515137,1056000
2023-12-08,2.158329963684082,2.1645801067352295,2.143749952316284,2.143749952316284,2.143749952316284,4152000
2023-12-11,2.15625,2.15625,2.141669988632202,2.15625,2.15625,1992000
2023-12-12,2.1791698932647705,2.1812500953674316,2.158329963684082,2.1624999046325684,2.1624999046325684,2400000
2023-12-13,2.172919988632202,2.177079916000366,2.1604199409484863,2.1645801067352295,2.1645801067352295,2496000
2023-12-14,2.208329916000366,2.2229199409484863,2.202080011367798,2.2145800590515137,2.2145800590515137,5424000
2023-12-15,2.235419988632202,2.239579916000366,2.220829963684082,2.2249999046325684,2.2249999046325684,5016000
2023-12-18,2.208329916000366,2.216670036315918,2.1958301067352295,2.216670036315918,2.216670036315918,3936000
2023-12-19,2.206249952316284,2.206249952316284,2.177079916000366,2.1937499046325684,2.1937499046325684,1896000
2023-12-20,2.206249952316284,2.2249999046325684,2.200000047683716,2.2249999046325684,2.2249999046325684,3624000
2023-12-21,2.166670083999634,2.189579963684082,2.1645801067352295,2.189579963684082,2.189579963684082,1920000
2023-12-22,2.1937499046325684,2.200000047683716,2.1916699409484863,2.197920083999634,2.197920083999634,936000
2023-12-25,2.2104198932647705,2.2145800590515137,2.208329916000366,2.2104198932647705,2.2104198932647705,744000
2023-12-26,2.2125000953674316,2.237499952316284,2.2125000953674316,2.235419988632202,2.235419988632202,1320000
2023-12-27,2.239579916000366,2.270829916000366,2.239579916000366,2.270829916000366,2.270829916000366,6960000
2023-12-28,2.2729198932647705,2.2729198932647705,2.2583301067352295,2.268749952316284,2.268749952316284,2016000
2023-12-29,2.266669988632202,2.279170036315918,2.2583301067352295,2.268749952316284,2.268749952316284,5064000
2024-01-02,2.28125,2.28125,2.2416698932647705,2.25,2.25,3240000
2024-01-03,2.2125000953674316,2.2125000953674316,2.1833300590515137,2.1916699409484863,2.1916699409484863,6984000
2024-01-04,2.1937499046325684,2.200000047683716,2.185420036315918,2.1875,2.1875,4128000
2024-01-05,2.1958301067352295,2.206249952316284,2.174999952316284,2.1812500953674316,2.1812500953674316,2952000
2024-01-08,2.2125000953674316,2.2270801067352295,2.197920083999634,2.202080011367798,2.202080011367798,3576000
2024-01-09,2.229170083999634,2.229170083999634,2.1937499046325684,2.1937499046325684,2.1937499046325684,2640000
2024-01-10,2.170830011367798,2.174999952316284,2.1645801067352295,2.168750047683716,2.168750047683716,1728000
2024-01-11,2.1791698932647705,2.202080011367798,2.174999952316284,2.1958301067352295,2.1958301067352295,3120000
2024-01-12,2.172919988632202,2.1937499046325684,2.166670083999634,2.1812500953674316,2.1812500953674316,3720000
2024-01-15,2.202080011367798,2.2125000953674316,2.189579963684082,2.197920083999634,2.197920083999634,3960000
2024-01-16,2.15625,2.1624999046325684,2.1333301067352295,2.143749952316284,2.143749952316284,8688024
2024-01-17,2.135420083999634,2.137500047683716,2.104170083999634,2.110419988632202,2.110419988632202,7584024
2024-01-18,2.1208300590515137,2.1291699409484863,2.106250047683716,2.1166698932647705,2.1166698932647705,3408000
2024-01-19,2.1875,2.216670036315918,2.172919988632202,2.2145800590515137,2.2145800590515137,7464000
2024-01-22,2.2458300590515137,2.2562499046325684,2.237499952316284,2.247920036315918,2.247920036315918,4152000
2024-01-23,2.2562499046325684,2.266669988632202,2.252079963684082,2.266669988632202,2.266669988632202,3552000
2024-01-24,2.2729198932647705,2.28125,2.266669988632202,2.266669988632202,2.266669988632202,3312000
2024-01-25,2.291670083999634,2.297919988632202,2.2854199409484863,2.297919988632202,2.297919988632202,3768000
2024-01-26,2.291670083999634,2.299999952316284,2.2874999046325684,2.295830011367798,2.295830011367798,2496000
2024-01-29,2.293750047683716,2.331249952316284,2.291670083999634,2.331249952316284,2.331249952316284,2160000
2024-01-30,2.322920083999634,2.327080011367798,2.3125,2.3208301067352295,2.3208301067352295,2234424
2024-01-31,2.291670083999634,2.297919988632202,2.270829916000366,2.2729198932647705,2.2729198932647705,2928024
2024-02-01,2.283329963684082,2.2874999046325684,2.266669988632202,2.2874999046325684,2.2874999046325684,1848000
2024-02-02,2.3083300590515137,2.3208301067352295,2.3041698932647705,2.3208301067352295,2.3208301067352295,3000000
2024-02-05,2.302079916000366,2.322920083999634,2.291670083999634,2.3208301067352295,2.3208301067352295,4464000
2024-02-15,2.4645800590515137,2.4729199409484863,2.4375,2.46875,2.46875,5713608
2024-02-16,2.4729199409484863,2.483330011367798,2.4604198932647705,2.4645800590515137,2.4645800590515137,1752024
2024-02-19,2.4645800590515137,2.470829963684082,2.456249952316284,2.46875,2.46875,3025608
2024-02-20,2.456249952316284,2.489579916000366,2.456249952316284,2.489579916000366,2.489579916000366,4344000
2024-02-21,2.481250047683716,2.483330011367798,2.46875,2.46875,2.46875,2208024
2024-02-22,2.510420083999634,2.5250000953674316,2.497920036315918,2.5250000953674316,2.5250000953674316,2233584
2024-02-23,2.549999952316284,2.549999952316284,2.53125,2.53125,2.53125,3408000
2024-02-26,2.5229198932647705,2.5541698932647705,2.520829916000366,2.547919988632202,2.547919988632202,1613472
2024-02-27,2.5583300590515137,2.5583300590515137,2.4916698932647705,2.518749952316284,2.518749952316284,2760024
2024-02-29,2.5083301067352295,2.552079916000366,2.5062499046325684,2.545830011367798,2.545830011367798,2112360
2024-03-01,2.560420036315918,2.560420036315918,2.5395801067352295,2.543750047683716,2.543750047683716,3528024
2024-03-04,2.5979199409484863,2.643749952316284,2.595829963684082,2.635420083999634,2.635420083999634,4873512
2024-03-05,2.658329963684082,2.666670083999634,2.641669988632202,2.6604199409484863,2.6604199409484863,2232000
2024-03-06,2.635420083999634,2.6937499046325684,2.6312499046325684,2.6916699409484863,2.6916699409484863,5880000
2024-03-07,2.739579916000366,2.760420083999634,2.71875,2.7458300590515137,2.7458300590515137,4224000
2024-03-08,2.827080011367798,2.827080011367798,2.733330011367798,2.768749952316284,2.768749952316284,13585440
2024-03-11,2.752079963684082,2.7729198932647705,2.739579916000366,2.747920036315918,2.747920036315918,6864024
2024-03-12,2.75,2.8125,2.75,2.8125,2.8125,4538400
2024-03-13,2.841670036315918,2.84375,2.793750047683716,2.810420036315918,2.810420036315918,4560000
2024-03-14,2.8041698932647705,2.814579963684082,2.7770800590515137,2.8062500953674316,2.8062500953674316,4056000
2024-03-15,2.7729198932647705,2.791670083999634,2.7583301067352295,2.762500047683716,2.762500047683716,1992000
2024-03-18,2.762500047683716,2.802079916000366,2.7583301067352295,2.802079916000366,2.802079916000366,1658400
2024-03-19,2.770829916000366,2.802079916000366,2.762500047683716,2.793750047683716,2.793750047683716,1560000
2024-03-20,2.8062500953674316,2.8083300590515137,2.764580011367798,2.7750000953674316,2.7750000953674316,984024
2024-03-21,2.8375000953674316,2.891669988632202,2.8375000953674316,2.891669988632202,2.891669988632202,4585368
2024-03-22,2.889580011367798,2.893749952316284,2.858330011367798,2.887500047683716,2.887500047683716,2160000
2024-03-25,2.887500047683716,2.904170036315918,2.875,2.891669988632202,2.891669988632202,4872000
2024-03-26,2.927079916000366,2.947920083999634,2.833329916000366,2.875,2.875,5904000
2024-03-27,2.8791699409484863,2.904170036315918,2.862499952316284,2.893749952316284,2.893749952316284,1753368
2024-03-28,2.8812499046325684,2.887500047683716,2.8499999046325684,2.8791699409484863,2.8791699409484863,4872000
2024-03-29,2.891669988632202,2.9000000953674316,2.8791699409484863,2.9000000953674316,2.9000000953674316,1632000
2024-04-01,2.918750047683716,2.9333300590515137,2.8979198932647705,2.9020800590515137,2.9020800590515137,7612800
2024-04-02,2.9291698932647705,2.966670036315918,2.9291698932647705,2.966670036315918,2.966670036315918,5880000
2024-04-03,2.927079916000366,2.9375,2.9020800590515137,2.922919988632202,2.922919988632202,5688024
2024-04-08,2.935420036315918,2.966670036315918,2.9312500953674316,2.954169988632202,2.954169988632202,2520000
2024-04-09,2.979170083999634,3.075000047683716,2.979170083999634,3.072920083999634,3.072920083999634,5088000
2024-04-10,3.0625,3.077080011367798,3.0541698932647705,3.0562500953674316,3.0562500953674316,4249344
2024-04-11,3.029170036315918,3.0354199409484863,3.0062499046325684,3.0354199409484863,3.0354199409484863,3384024
2024-04-12,3.0229198932647705,3.049999952316284,3.016669988632202,3.0374999046325684,3.0374999046325684,4320000
2024-04-15,2.987499952316284,2.989579916000366,2.950000047683716,2.9645800590515137,2.9645800590515137,5664024
2024-04-16,2.895829916000366,2.9000000953674316,2.762500047683716,2.802079916000366,2.802079916000366,26712024
2024-04-17,2.827080011367798,2.8687500953674316,2.8187499046325684,2.860419988632202,2.860419988632202,15324000
2024-04-18,2.825000047683716,2.895829916000366,2.8125,2.893749952316284,2.893749952316284,10656000
2024-04-19,2.7770800590515137,2.783329963684082,2.5979199409484863,2.674999952316284,2.674999952316284,30865224
2024-04-22,2.674999952316284,2.7104198932647705,2.6500000953674316,2.6645801067352295,2.6645801067352295,13561920
2024-04-23,2.729170083999634,2.729170083999634,2.6812500953674316,2.7125000953674316,2.7125000953674316,4296000
2024-04-24,2.7895801067352295,2.858330011367798,2.7895801067352295,2.8499999046325684,2.8499999046325684,11065392
2024-04-25,2.783329963684082,2.793750047683716,2.7541699409484863,2.764580011367798,2.764580011367798,11045448
2024-04-26,2.8375000953674316,2.872920036315918,2.831249952316284,2.84375,2.84375,7249392
2024-04-29,2.9124999046325684,2.954169988632202,2.908329963684082,2.950000047683716,2.950000047683716,6888000
2024-04-30,2.950000047683716,2.958329916000366,2.9333300590515137,2.9333300590515137,2.9333300590515137,4112544
2024-05-02,2.889580011367798,2.9020800590515137,2.8708300590515137,2.885420083999634,2.885420083999634,4032024
2024-05-03,2.950000047683716,2.958329916000366,2.885420083999634,2.9000000953674316,2.9000000953674316,3744000
2024-05-06,2.9770801067352295,2.997920036315918,2.958329916000366,2.96875,2.96875,4536000
2024-05-07,3.0041699409484863,3.0062499046325684,2.952080011367798,2.985419988632202,2.985419988632202,2016000
2024-05-08,2.9770801067352295,3.0062499046325684,2.96875,3.0062499046325684,3.0062499046325684,4200000
2024-05-09,2.9916698932647705,3.012500047683716,2.9749999046325684,2.9749999046325684,2.9749999046325684,3007200
2024-05-10,3.0062499046325684,3.03125,2.985419988632202,3.0229198932647705,3.0229198932647705,2736000
2024-05-13,3.0687499046325684,3.0708301067352295,3.0374999046325684,3.049999952316284,3.049999952316284,4728192
2024-05-14,3.0625,3.0895800590515137,3.049999952316284,3.0895800590515137,3.0895800590515137,3504000
2024-05-15,3.1312499046325684,3.1958301067352295,3.1291699409484863,3.143749952316284,3.143749952316284,5832000
2024-05-16,3.2229199409484863,3.2416698932647705,3.1812500953674316,3.1875,3.1875,9864000
2024-05-17,3.1916699409484863,3.202080011367798,3.170830011367798,3.1791698932647705,3.1791698932647705,3408360
2024-05-20,3.200000047683716,3.200000047683716,3.1291699409484863,3.177079916000366,3.177079916000366,12408000
2024-05-21,3.166670083999634,3.1791698932647705,3.1333301067352295,3.170830011367798,3.170830011367798,4682400
2024-05-22,3.1937499046325684,3.262500047683716,3.1916699409484863,3.2562499046325684,3.2562499046325684,7224000
2024-05-23,3.260420083999634,3.2750000953674316,3.233330011367798,3.266669988632202,3.266669988632202,11280000
2024-05-24,3.216670036315918,3.262500047683716,3.216670036315918,3.2583301067352295,3.2583301067352295,4056024
2024-05-27,3.3062500953674316,3.356250047683716,3.3041698932647705,3.3395800590515137,3.3395800590515137,6336000
2024-05-28,3.3395800590515137,3.3833301067352295,3.3375000953674316,3.3708300590515137,3.3708300590515137,6672000
2024-05-29,3.354170083999634,3.354170083999634,3.3041698932647705,3.3041698932647705,3.3041698932647705,6553512
2024-05-30,3.2125000953674316,3.2458300590515137,3.189579963684082,3.1937499046325684,3.1937499046325684,12436848
2024-05-31,3.2270801067352295,3.25,3.1624999046325684,3.1624999046325684,3.1624999046325684,33840000
2024-06-03,3.2458300590515137,3.2874999046325684,3.208329916000366,3.270829916000366,3.270829916000366,9648000
2024-06-04,3.233330011367798,3.235419988632202,3.166670083999634,3.1812500953674316,3.1812500953674316,14172024
2024-06-05,3.197920083999634,3.2229199409484863,3.154170036315918,3.2145800590515137,3.2145800590515137,10248000
2024-06-06,3.3354198932647705,3.364579916000366,3.3208301067352295,3.345829963684082,3.345829963684082,20304000
2024-06-07,3.331249952316284,3.341670036315918,3.3187499046325684,3.331249952316284,3.331249952316284,5184024
2024-06-11,3.3375000953674316,3.3666698932647705,3.314579963684082,3.314579963684082,3.314579963684082,12459624
2024-06-12,3.327080011367798,3.395829916000366,3.327080011367798,3.391669988632202,3.391669988632202,10224000
2024-06-13,3.4749999046325684,3.520829916000366,3.4458301067352295,3.483330011367798,3.483330011367798,11738880
2024-06-14,3.4749999046325684,3.529170036315918,3.4625000953674316,3.5270800590515137,3.5270800590515137,7036800
2024-06-17,3.5229198932647705,3.549999952316284,3.512500047683716,3.5250000953674316,3.5250000953674316,6744000
2024-06-18,3.591670036315918,3.6312499046325684,3.5854198932647705,3.627079963684082,3.627079963684082,12360024
2024-06-19,3.6937499046325684,3.783329963684082,3.6916699409484863,3.766669988632202,3.766669988632202,26040480
2024-06-20,3.766669988632202,3.845829963684082,3.766669988632202,3.845829963684082,3.845829963684082,12770088
2024-06-21,3.7770800590515137,3.822920083999634,3.7562499046325684,3.797919988632202,3.797919988632202,11883456
2024-06-24,3.729170083999634,3.729170083999634,3.6333301067352295,3.641669988632202,3.641669988632202,22095120
2024-06-25,3.610419988632202,3.65625,3.541670083999634,3.6520800590515137,3.6520800590515137,20832648
2024-06-26,3.689579963684082,3.729170083999634,3.6500000953674316,3.6875,3.6875,12029496
2024-06-27,3.6208300590515137,3.670830011367798,3.610419988632202,3.670830011367798,3.670830011367798,6223824
2024-06-28,3.6791698932647705,3.762500047683716,3.666670083999634,3.7249999046325684,3.7249999046325684,10639824
2024-07-01,3.7437500953674316,3.779170036315918,3.7125000953674316,3.7270801067352295,3.7270801067352295,13920000
2024-07-02,3.6937499046325684,3.7229199409484863,3.639580011367798,3.672919988632202,3.672919988632202,14420904
2024-07-03,3.7541699409484863,3.78125,3.7249999046325684,3.78125,3.78125,8722776
2024-07-04,3.8812499046325684,3.9291698932647705,3.8812499046325684,3.9291698932647705,3.9291698932647705,14619672
2024-07-05,3.9375,3.9458301067352295,3.9020800590515137,3.90625,3.90625,9120024
2024-07-08,3.9145801067352295,4.050000190734863,3.90625,4.029170036315918,4.029170036315918,15745440
2024-07-09,4.035419940948486,4.087500095367432,3.9333300590515137,4.010419845581055,4.010419845581055,24889224
2024-07-10,4.002079963684082,4.05417013168335,3.958329916000366,4.05417013168335,4.05417013168335,19297968
2024-07-11,4.135419845581055,4.191669940948486,4.110420227050781,4.17917013168335,4.17917013168335,28495440
2024-07-12,4.03125,4.0625,3.983330011367798,3.9958300590515137,3.9958300590515137,29022456
2024-07-15,4.03957986831665,4.047920227050781,3.96875,4.0,4.0,14376000
2024-07-16,4.020830154418945,4.108329772949219,4.00832986831665,4.037499904632568,4.037499904632568,19564800
2024-07-17,4.010419845581055,4.035419940948486,3.952080011367798,3.9749999046325684,3.9749999046325684,21447600
2024-07-18,3.802079916000366,3.858330011367798,3.7750000953674316,3.8479199409484863,3.8479199409484863,22996008
2024-07-19,3.7750000953674316,3.779170036315918,3.674999952316284,3.685420036315918,3.685420036315918,42723120
2024-07-22,3.6520800590515137,3.6520800590515137,3.458329916000366,3.514580011367798,3.514580011367798,64814880
2024-07-23,3.604170083999634,3.672919988632202,3.604170083999634,3.672919988632202,3.672919988632202,21408000
2024-07-26,3.3812499046325684,3.4458301067352295,3.375,3.4333300590515137,3.4333300590515137,50026368
2024-07-29,3.5374999046325684,3.5395801067352295,3.4416699409484863,3.4604198932647705,3.4604198932647705,22250880
2024-07-30,3.4000000953674316,3.485419988632202,3.3375000953674316,3.4749999046325684,3.4749999046325684,27460800
2024-07-31,3.422919988632202,3.5,3.4020800590515137,3.470829963684082,3.470829963684082,18312480
2024-08-01,3.5999999046325684,3.604170083999634,3.5374999046325684,3.5895800590515137,3.5895800590515137,20064792
2024-08-02,3.3791699409484863,3.416670083999634,3.270829916000366,3.270829916000366,3.270829916000366,69691656
2024-08-05,2.889580011367798,2.895829916000366,2.637500047683716,2.639580011367798,2.639580011367798,127213416
2024-08-06,2.9145801067352295,2.970829963684082,2.654170036315918,2.8791699409484863,2.8791699409484863,109945680
2024-08-07,2.9416699409484863,3.122920036315918,2.918750047683716,3.1020801067352295,3.1020801067352295,67572000
2024-08-08,2.9916698932647705,3.0583300590515137,2.927079916000366,2.9749999046325684,2.9749999046325684,57686400
2024-08-09,3.127079963684082,3.200000047683716,3.0999999046325684,3.1520800590515137,3.1520800590515137,58072536
2024-08-12,3.208329916000366,3.2895801067352295,3.204169988632202,3.233330011367798,3.233330011367798,36849600
2024-08-13,3.2729198932647705,3.2770800590515137,3.2249999046325684,3.247920036315918,3.247920036315918,26160000
2024-08-14,3.333329916000366,3.3666698932647705,3.297919988632202,3.3166699409484863,3.3166699409484863,46714944
2024-08-15,3.333329916000366,3.3499999046325684,3.2895801067352295,3.293750047683716,3.293750047683716,28711200
2024-08-16,3.427079916000366,3.450000047683716,3.408329963684082,3.4291698932647705,3.4291698932647705,33217080
2024-08-19,3.4375,3.4729199409484863,3.418750047683716,3.4291698932647705,3.4291698932647705,23712000
2024-08-20,3.479170083999634,3.489579916000366,3.4375,3.4437499046325684,3.4437499046325684,20318376
2024-08-21,3.418750047683716,3.427079916000366,3.3812499046325684,3.3979198932647705,3.3979198932647705,17737896
2024-08-22,3.395829916000366,3.404170036315918,3.3395800590515137,3.356250047683716,3.356250047683716,13033128
2024-08-23,3.302079916000366,3.377079963684082,3.291670083999634,3.3687500953674316,3.3687500953674316,24000240
2024-08-26,3.4291698932647705,3.4625000953674316,3.375,3.3791699409484863,3.3791699409484863,24797256
2024-08-27,3.333329916000366,3.387500047683716,3.333329916000366,3.3791699409484863,3.3791699409484863,12900000
2024-08-28,3.385420083999634,3.452080011367798,3.345829963684082,3.452080011367798,3.452080011367798,17606400
2024-08-29,3.3395800590515137,3.4000000953674316,3.3125,3.3791699409484863,3.3791699409484863,26836128
2024-08-30,3.4145801067352295,3.435420036315918,3.395829916000366,3.416670083999634,3.416670083999634,12768576
2024-09-02,3.456249952316284,3.4625000953674316,3.3791699409484863,3.389580011367798,3.389580011367798,14785152
2024-09-03,3.395829916000366,3.418750047683716,3.345829963684082,3.3499999046325684,3.3499999046325684,14217600
2024-09-04,3.0250000953674316,3.1333301067352295,2.9749999046325684,3.0374999046325684,3.0374999046325684,70117176
2024-09-05,3.108330011367798,3.1520800590515137,3.041670083999634,3.064579963684082,3.064579963684082,21411120
2024-09-06,3.075000047683716,3.143749952316284,3.03125,3.1312499046325684,3.1312499046325684,15144336
2024-09-09,2.9916698932647705,3.0541698932647705,2.9770801067352295,3.049999952316284,3.049999952316284,37635048
2024-09-10,3.083329916000366,3.09375,3.0,3.043750047683716,3.043750047683716,24720000
2024-09-11,3.0374999046325684,3.0583300590515137,3.016669988632202,3.016669988632202,3.016669988632202,24120000
2024-09-12,3.172919988632202,3.239579916000366,3.1520800590515137,3.2249999046325684,3.2249999046325684,33490128
2024-09-13,3.239579916000366,3.25,3.2104198932647705,3.25,3.25,12468000
2024-09-16,3.260420083999634,3.270829916000366,3.235419988632202,3.262500047683716,3.262500047683716,9217632
2024-09-18,3.2562499046325684,3.268749952316284,3.1958301067352295,3.2145800590515137,3.2145800590515137,17832000
2024-09-19,3.229170083999634,3.327080011367798,3.204169988632202,3.325000047683716,3.325000047683716,18223320
2024-09-20,3.418750047683716,3.4333300590515137,3.364579916000366,3.364579916000366,3.364579916000366,27077712
2024-09-23,3.4000000953674316,3.416670083999634,3.3791699409484863,3.4020800590515137,3.4020800590515137,12132000
2024-09-24,3.387500047683716,3.450000047683716,3.354170083999634,3.447920083999634,3.447920083999634,20857920
2024-09-25,3.541670083999634,3.564579963684082,3.53125,3.560420036315918,3.560420036315918,25315152
2024-09-26,3.614579916000366,3.6291699409484863,3.579169988632202,3.5895800590515137,3.5895800590515137,19521744
2024-09-27,3.643749952316284,3.6604199409484863,3.5854198932647705,3.5895800590515137,3.5895800590515137,18506256
2024-09-30,3.5270800590515137,3.533329963684082,3.40625,3.40625,3.40625,37485312
2024-10-01,3.427079916000366,3.439579963684082,3.404170036315918,3.416670083999634,3.416670083999634,17096112
2024-10-04,3.4145801067352295,3.454169988632202,3.3812499046325684,3.3979198932647705,3.3979198932647705,14045616
2024-10-07,3.479170083999634,3.543750047683716,3.4770801067352295,3.5395801067352295,3.5395801067352295,27754248
2024-10-08,3.481250047683716,3.4958300590515137,3.422919988632202,3.4749999046325684,3.4749999046325684,25104000
2024-10-09,3.5562500953674316,3.5687499046325684,3.510420083999634,3.510420083999634,3.510420083999634,24897792
2024-10-11,3.5541698932647705,3.6166698932647705,3.552079916000366,3.583329916000366,3.583329916000366,28333056
2024-10-14,3.581249952316284,3.6187500953674316,3.5541698932647705,3.606250047683716,3.606250047683716,19970544
2024-10-15,3.639580011367798,3.7270801067352295,3.639580011367798,3.700000047683716,3.700000047683716,21800520
2024-10-16,3.575000047683716,3.666670083999634,3.5666699409484863,3.614579916000366,3.614579916000366,33076320
2024-10-17,3.6312499046325684,3.666670083999634,3.59375,3.641669988632202,3.641669988632202,17962800
2024-10-18,3.814579963684082,3.8395800590515137,3.752079963684082,3.770829916000366,3.770829916000366,39636408
2024-10-21,3.827080011367798,3.827080011367798,3.770829916000366,3.770829916000366,3.770829916000366,13709904
2024-10-22,3.735419988632202,3.768749952316284,3.6916699409484863,3.768749952316284,3.768749952316284,17088000
2024-10-23,3.733330011367798,3.7458300590515137,3.6958301067352295,3.706249952316284,3.706249952316284,18481224
2024-10-24,3.6937499046325684,3.729170083999634,3.6520800590515137,3.6645801067352295,3.6645801067352295,14355648
2024-10-25,3.702080011367798,3.7229199409484863,3.677079916000366,3.7229199409484863,3.7229199409484863,7707240
2024-10-28,3.7729198932647705,3.7770800590515137,3.658329963684082,3.6937499046325684,3.6937499046325684,38243976
2024-10-29,3.6020801067352295,3.6020801067352295,3.4937500953674316,3.5666699409484863,3.5666699409484863,47929704
2024-10-30,3.610419988632202,3.627079963684082,3.541670083999634,3.5583300590515137,3.5583300590515137,17550816
2024-11-01,3.385420083999634,3.53125,3.3833301067352295,3.514580011367798,3.514580011367798,49656984
2024-11-04,3.5354199409484863,3.59375,3.520829916000366,3.591670036315918,3.591670036315918,26068536
2024-11-05,3.5395801067352295,3.643749952316284,3.5374999046325684,3.608330011367798,3.608330011367798,38920800
2024-11-06,3.625,3.720829963684082,3.6020801067352295,3.658329963684082,3.658329963684082,35930496
2024-11-07,3.645829916000366,3.7583301067352295,3.645829916000366,3.735419988632202,3.735419988632202,30938640
2024-11-08,3.814579963684082,3.8166699409484863,3.75,3.779170036315918,3.779170036315918,27322800
2024-11-11,3.760420083999634,3.766669988632202,3.6833300590515137,3.766669988632202,3.766669988632202,31514040
2024-11-12,3.641669988632202,3.65625,3.5666699409484863,3.5666699409484863,3.5666699409484863,51678720
2024-11-13,3.5562500953674316,3.581249952316284,3.5395801067352295,3.545830011367798,3.545830011367798,19977408
2024-11-14,3.541670083999634,3.541670083999634,3.452080011367798,3.487499952316284,3.487499952316284,34759680
2024-11-15,3.5250000953674316,3.552079916000366,3.487499952316284,3.529170036315918,3.529170036315918,13468056
2024-11-18,3.5083301067352295,3.512500047683716,3.4416699409484863,3.4458301067352295,3.4458301067352295,25181568
2024-11-19,3.481250047683716,3.5687499046325684,3.458329916000366,3.5374999046325684,3.5374999046325684,21768048
2024-11-20,3.5041699409484863,3.5041699409484863,3.5041699409484863,3.5041699409484863,3.5041699409484863,2688
2024-11-21,3.435420036315918,3.479170083999634,3.420830011367798,3.450000047683716,3.450000047683716,22652280
2024-11-22,3.533329963684082,3.577080011367798,3.516669988632202,3.5625,3.5625,26837184
2024-11-25,3.614579916000366,3.637500047683716,3.575000047683716,3.575000047683716,3.575000047683716,13464048
2024-11-26,3.4916698932647705,3.5083301067352295,3.447920083999634,3.46875,3.46875,28042248
2024-11-27,3.454169988632202,3.466670036315918,3.3666698932647705,3.377079963684082,3.377079963684082,30822120
2024-11-28,3.3708300590515137,3.3708300590515137,3.297919988632202,3.3479199409484863,3.3479199409484863,29439864
2024-11-29,3.266669988632202,3.387500047683716,3.262500047683716,3.360419988632202,3.360419988632202,22926240
2024-12-02,3.4333300590515137,3.5,3.4312500953674316,3.4958300590515137,3.4958300590515137,27900024
2024-12-03,3.581249952316284,3.604170083999634,3.5583300590515137,3.579169988632202,3.579169988632202,29742384
2024-12-04,3.612499952316284,3.637500047683716,3.581249952316284,3.637500047683716,3.637500047683716,24748920
2024-12-05,3.654170036315918,3.65625,3.625,3.641669988632202,3.641669988632202,14569296
2024-12-06,3.6500000953674316,3.6604199409484863,3.5999999046325684,3.625,3.625,17724048
2024-12-09,3.643749952316284,3.643749952316284,3.612499952316284,3.625,3.625,8425248
2024-12-10,3.635420083999634,3.6624999046325684,3.575000047683716,3.581249952316284,3.581249952316284,16415976
2024-12-11,3.5374999046325684,3.5708301067352295,3.5062499046325684,3.5229198932647705,3.5229198932647705,23308824
2024-12-12,3.5895800590515137,3.6208300590515137,3.579169988632202,3.5854198932647705,3.5854198932647705,13536048
2024-12-13,3.5666699409484863,3.5854198932647705,3.529170036315918,3.564579963684082,3.564579963684082,12264864
2024-12-16,3.639580011367798,3.639580011367798,3.547919988632202,3.547919988632202,3.547919988632202,14232864
2024-12-17,3.591670036315918,3.622920036315918,3.579169988632202,3.583329916000366,3.583329916000366,12048000
2024-12-18,3.552079916000366,3.6187500953674316,3.5354199409484863,3.5854198932647705,3.5854198932647705,9600600
2024-12-19,3.487499952316284,3.512500047683716,3.46875,3.510420083999634,3.510420083999634,25061616
2024-12-20,3.4729199409484863,3.4770801067352295,3.416670083999634,3.4375,3.4375,21809952
2024-12-23,3.514580011367798,3.5999999046325684,3.510420083999634,3.595829963684082,3.595829963684082,29409600
2024-12-24,3.635420083999634,3.643749952316284,3.6020801067352295,3.606250047683716,3.606250047683716,12027600
2024-12-25,3.635420083999634,3.641669988632202,3.614579916000366,3.639580011367798,3.639580011367798,10248264
2024-12-26,3.645829916000366,3.6500000953674316,3.625,3.6333301067352295,3.6333301067352295,8993280
2024-12-27,3.608330011367798,3.6500000953674316,3.604170083999634,3.6500000953674316,3.6500000953674316,15312648
2024-12-30,3.612499952316284,3.635420083999634,3.5875000953674316,3.59375,3.59375,6408312
2024-12-31,3.552079916000366,3.5666699409484863,3.5250000953674316,3.5625,3.5625,20858904
2025-01-02,3.518749952316284,3.53125,3.447920083999634,3.483330011367798,3.483330011367798,26568336
2025-01-03,3.547919988632202,3.5687499046325684,3.5083301067352295,3.529170036315918,3.529170036315918,19248024
2025-01-06,3.627079963684082,3.7229199409484863,3.6187500953674316,3.716670036315918,3.716670036315918,41836128
2025-01-07,3.8187499046325684,3.822920083999634,3.764580011367798,3.764580011367798,3.764580011367798,28392240
2025-01-08,3.708329916000366,3.737499952316284,3.670830011367798,3.6812500953674316,3.6812500953674316,18096936
2025-01-09,3.6479198932647705,3.6604199409484863,3.5687499046325684,3.5687499046325684,3.5687499046325684,23069280
2025-01-10,3.5583300590515137,3.577080011367798,3.5250000953674316,3.5562500953674316,3.5562500953674316,14334504
2025-01-13,3.5250000953674316,3.5270800590515137,3.362499952316284,3.393749952316284,3.393749952316284,52464240
2025-01-14,3.4145801067352295,3.456249952316284,3.393749952316284,3.4458301067352295,3.4458301067352295,19656048
2025-01-15,3.4437499046325684,3.4458301067352295,3.375,3.3833301067352295,3.3833301067352295,15576048
2025-01-16,3.512500047683716,3.5708301067352295,3.5083301067352295,3.5270800590515137,3.5270800590515137,31047624
2025-01-17,3.5625,3.5666699409484863,3.4958300590515137,3.560420036315918,3.560420036315918,24410472
2025-01-20,3.591670036315918,3.6291699409484863,3.5875000953674316,3.606250047683716,3.606250047683716,22977576
2025-01-21,3.581249952316284,3.6333301067352295,3.572920083999634,3.625,3.625,16536384
2025-01-22,3.6875,3.7229199409484863,3.6833300590515137,3.71875,3.71875,37781040
2025-02-03,3.5,3.5,3.377079963684082,3.40625,3.40625,83272728
2025-02-04,3.4625000953674316,3.4770801067352295,3.416670083999634,3.422919988632202,3.422919988632202,32502672
2025-02-05,3.520829916000366,3.579169988632202,3.520829916000366,3.5562500953674316,3.5562500953674316,32520696
2025-02-06,3.595829963684082,3.610419988632202,3.5666699409484863,3.581249952316284,3.581249952316284,19924800
2025-02-07,3.591670036315918,3.6333301067352295,3.5875000953674316,3.6333301067352295,3.6333301067352295,21720048
2025-02-10,3.5895800590515137,3.59375,3.547919988632202,3.579169988632202,3.579169988632202,19863768
2025-02-11,3.6333301067352295,3.6479198932647705,3.591670036315918,3.608330011367798,3.608330011367798,15725496
2025-02-12,3.637500047683716,3.658329963684082,3.59375,3.5979199409484863,3.5979199409484863,14520000
2025-02-13,3.591670036315918,3.625,3.579169988632202,3.625,3.625,10707264
2025-02-14,3.5708301067352295,3.575000047683716,3.5374999046325684,3.5541698932647705,3.5541698932647705,28704048
2025-02-17,3.595829963684082,3.658329963684082,3.595829963684082,3.65625,3.65625,28929600
2025-02-18,3.658329963684082,3.6875,3.639580011367798,3.6875,3.6875,16521600
2025-02-19,3.6833300590515137,3.704169988632202,3.668750047683716,3.674999952316284,3.674999952316284,11112624
2025-02-20,3.658329963684082,3.6645801067352295,3.610419988632202,3.65625,3.65625,13944384
2025-02-21,3.6520800590515137,3.720829963684082,3.639580011367798,3.720829963684082,3.720829963684082,19586400
2025-02-24,3.643749952316284,3.6645801067352295,3.6333301067352295,3.6645801067352295,3.6645801067352295,17248800
2025-02-25,3.577080011367798,3.5979199409484863,3.541670083999634,3.5854198932647705,3.5854198932647705,27772800
2025-02-26,3.5583300590515137,3.6166698932647705,3.53125,3.6166698932647705,3.6166698932647705,27028632
2025-02-27,3.6187500953674316,3.625,3.5395801067352295,3.549999952316284,3.549999952316284,26403360
2025-03-03,3.418750047683716,3.435420036315918,3.3812499046325684,3.4104199409484863,3.4104199409484863,118778400
2025-03-04,3.297919988632202,3.391669988632202,3.283329963684082,3.3666698932647705,3.3666698932647705,52878192
2025-03-05,3.435420036315918,3.466670036315918,3.4104199409484863,3.4604198932647705,3.4604198932647705,27384048
2025-03-06,3.4604198932647705,3.4645800590515137,3.40625,3.420830011367798,3.420830011367798,17185440
2025-03-07,3.377079963684082,3.395829916000366,3.3395800590515137,3.3520801067352295,3.3520801067352295,25062720
2025-03-10,3.356250047683716,3.356250047683716,3.291670083999634,3.325000047683716,3.325000047683716,31781424
2025-03-11,3.168750047683716,3.216670036315918,3.0999999046325684,3.204169988632202,3.204169988632202,89599200
2025-03-12,3.2229199409484863,3.295830011367798,3.2125000953674316,3.247920036315918,3.247920036315918,23592624
2025-03-13,3.3208301067352295,3.331249952316284,3.177079916000366,3.177079916000366,3.177079916000366,27854544
2025-03-14,3.200000047683716,3.200000047683716,3.158329963684082,3.1812500953674316,3.1812500953674316,12446400
2025-03-17,3.247920036315918,3.28125,3.2249999046325684,3.229170083999634,3.229170083999634,14064048
2025-03-18,3.270829916000366,3.295830011367798,3.247920036315918,3.266669988632202,3.266669988632202,9264024
2025-03-19,3.25,3.2583301067352295,3.177079916000366,3.197920083999634,3.197920083999634,14928480
2025-03-20,3.25,3.302079916000366,3.247920036315918,3.299999952316284,3.299999952316284,18000936
2025-03-21,3.283329963684082,3.283329963684082,3.237499952316284,3.2437500953674316,3.2437500953674316,11592120
2025-03-24,3.2895801067352295,3.291670083999634,3.2229199409484863,3.2229199409484863,3.2229199409484863,8934120
2025-03-25,3.2874999046325684,3.3083300590515137,3.2458300590515137,3.268749952316284,3.268749952316284,57797136
2025-03-26,3.2895801067352295,3.3041698932647705,3.2583301067352295,3.279170036315918,3.279170036315918,11352408
2025-03-27,3.189579963684082,3.189579963684082,3.158329963684082,3.170830011367798,3.170830011367798,62431200
2025-03-28,3.1166698932647705,3.1208300590515137,3.0395801067352295,3.0666699409484863,3.0666699409484863,104761104
2025-03-31,2.891669988632202,2.916670083999634,2.825000047683716,2.841670036315918,2.841670036315918,150133200
2025-04-01,2.875,2.970829963684082,2.8708300590515137,2.9604198932647705,2.9604198932647705,82368720
2025-04-02,2.9604198932647705,2.9937500953674316,2.9458301067352295,2.9749999046325684,2.9749999046325684,22944240
2025-04-07,2.3812499046325684,2.3812499046325684,2.3812499046325684,2.3812499046325684,2.3812499046325684,17364000
2025-04-08,2.197920083999634,2.283329963684082,2.064579963684082,2.110419988632202,2.110419988632202,276523224
2025-04-09,2.083329916000366,2.1333301067352295,1.8645800352096558,1.8887499570846558,1.8887499570846558,272276424
2025-04-10,2.264580011367798,2.264580011367798,2.264580011367798,2.264580011367798,2.264580011367798,21868800
2025-04-11,2.1500000953674316,2.391669988632202,2.145829916000366,2.391669988632202,2.391669988632202,96225648
2025-04-14,2.46875,2.4958300590515137,2.3687500953674316,2.3791699409484863,2.3791699409484863,69636024
2025-04-15,2.4020800590515137,2.4604198932647705,2.3812499046325684,2.458329916000366,2.458329916000366,30438144
2025-04-16,2.40625,2.4124999046325684,2.3499999046325684,2.354170083999634,2.354170083999634,35674080
2025-04-17,2.331249952316284,2.362499952316284,2.293750047683716,2.341670036315918,2.341670036315918,34309968
2025-04-18,2.354170083999634,2.3708300590515137,2.3354198932647705,2.3499999046325684,2.3499999046325684,18624024
2025-04-21,2.327080011367798,2.331249952316284,2.2729198932647705,2.2750000953674316,2.2750000953674316,24711096
2025-04-22,2.235419988632202,2.270829916000366,2.2125000953674316,2.2125000953674316,2.2125000953674316,42224664
2025-04-23,2.333329916000366,2.404170036315918,2.331249952316284,2.3979198932647705,2.3979198932647705,36564024
2025-04-24,2.416670083999634,2.418750047683716,2.358330011367798,2.362499952316284,2.362499952316284,31229904
2025-04-25,2.4958300590515137,2.502079963684082,2.4625000953674316,2.470829963684082,2.470829963684082,30818304
2025-04-28,2.497920036315918,2.514580011367798,2.487499952316284,2.502079963684082,2.502079963684082,18893400
2025-04-29,2.502079963684082,2.552079916000366,2.4916698932647705,2.545830011367798,2.545830011367798,27254064
2025-04-30,2.533329963684082,2.5687499046325684,2.5250000953674316,2.5395801067352295,2.5395801067352295,17736024
2025-05-02,2.6333301067352295,2.6791698932647705,2.625,2.6791698932647705,2.6791698932647705,29283240
2025-05-05,2.706249952316284,2.706249952316284,2.5541698932647705,2.608330011367798,2.608330011367798,60132024
2025-05-06,2.5625,2.622920036315918,2.552079916000366,2.5895800590515137,2.5895800590515137,30816648
2025-05-07,2.6208300590515137,2.6333301067352295,2.5708301067352295,2.595829963684082,2.595829963684082,19812000
2025-05-08,2.637500047683716,2.677079916000366,2.627079963684082,2.65625,2.65625,43153512
2025-05-09,2.674999952316284,2.7125000953674316,2.654170036315918,2.7125000953674316,2.7125000953674316,30996024
2025-05-12,2.7583301067352295,2.7895801067352295,2.7541699409484863,2.7770800590515137,2.7770800590515137,18436800
2025-05-13,2.8833301067352295,2.885420083999634,2.833329916000366,2.841670036315918,2.841670036315918,42085200
2025-05-14,2.924999952316284,2.9645800590515137,2.9104199409484863,2.9625000953674316,2.9625000953674316,39233976
2025-05-15,2.954169988632202,2.966670036315918,2.935420036315918,2.947920083999634,2.947920083999634,17162496
2025-05-16,2.9437499046325684,2.989579916000366,2.9375,2.981250047683716,2.981250047683716,13800912
2025-05-19,2.939579963684082,2.954169988632202,2.887500047683716,2.891669988632202,2.891669988632202,26599536
2025-05-20,2.9437499046325684,2.9458301067352295,2.887500047683716,2.9000000953674316,2.9000000953674316,13850400
2025-05-21,2.9145801067352295,2.9729199409484863,2.9145801067352295,2.970829963684082,2.970829963684082,29628864
2025-05-22,2.9104199409484863,2.918750047683716,2.8812499046325684,2.90625,2.90625,13973640
2025-05-23,2.9312500953674316,2.9333300590515137,2.875,2.895829916000366,2.895829916000366,11856048
2025-05-26,2.887500047683716,2.904170036315918,2.875,2.8791699409484863,2.8791699409484863,12528000
2025-05-27,2.8791699409484863,2.8791699409484863,2.810420036315918,2.827080011367798,2.827080011367798,13809624
2025-05-28,2.9000000953674316,2.908329963684082,2.8166699409484863,2.8354198932647705,2.8354198932647705,19113120
2025-05-29,2.9104199409484863,2.9124999046325684,2.8499999046325684,2.856250047683716,2.856250047683716,18961824
2025-06-02,2.7770800590515137,2.7854199409484863,2.720829963684082,2.735419988632202,2.735419988632202,53584032
2025-06-03,2.795830011367798,2.829169988632202,2.764580011367798,2.768749952316284,2.768749952316284,23688120
2025-06-04,2.8520801067352295,2.9124999046325684,2.841670036315918,2.908329963684082,2.908329963684082,29304528
2025-06-05,2.927079916000366,2.950000047683716,2.9104199409484863,2.9145801067352295,2.9145801067352295,14952000
2025-06-06,2.9124999046325684,2.939579963684082,2.9104199409484863,2.9312500953674316,2.9312500953674316,11976000
2025-06-09,2.9729199409484863,2.9749999046325684,2.9416699409484863,2.966670036315918,2.966670036315918,12336792
2025-06-10,3.002079963684082,3.104170083999634,3.002079963684082,3.077080011367798,3.077080011367798,35180328
2025-06-11,3.1208300590515137,3.137500047683716,3.09375,3.135420083999634,3.135420083999634,24973920
2025-06-12,3.108330011367798,3.1333301067352295,3.1020801067352295,3.112499952316284,3.112499952316284,15576000
2025-06-13,3.0374999046325684,3.079169988632202,3.012500047683716,3.029170036315918,3.029170036315918,30144240
2025-06-16,3.018749952316284,3.052079916000366,3.0062499046325684,3.052079916000366,3.052079916000366,14520864
2025-06-17,3.0979199409484863,3.108330011367798,3.049999952316284,3.064579963684082,3.064579963684082,13368000
2025-06-18,3.060420036315918,3.122920036315918,3.060420036315918,3.110419988632202,3.110419988632202,21971904
2025-06-19,3.0875000953674316,3.0875000953674316,3.043750047683716,3.047919988632202,3.047919988632202,14425872
2025-06-20,3.045830011367798,3.060420036315918,2.989579916000366,3.03125,3.03125,18768000
2025-06-23,2.9437499046325684,2.987499952316284,2.920830011367798,2.983330011367798,2.983330011367798,34129200
2025-06-24,3.083329916000366,3.1187500953674316,3.081249952316284,3.1187500953674316,3.1187500953674316,29391600
2025-06-25,3.1604199409484863,3.174999952316284,3.141669988632202,3.174999952316284,3.174999952316284,15818232
2025-06-26,3.1875,3.204169988632202,3.15625,3.1604199409484863,3.1604199409484863,12822912
2025-06-27,3.1833300590515137,3.1833300590515137,3.1312499046325684,3.154170036315918,3.154170036315918,11113704
2025-06-30,3.1791698932647705,3.1833300590515137,3.1604199409484863,3.170830011367798,3.170830011367798,15610920
2025-07-01,3.220829963684082,3.302079916000366,3.21875,3.235419988632202,3.235419988632202,33072000
2025-07-02,3.200000047683716,3.2458300590515137,3.1958301067352295,3.237499952316284,3.237499952316284,9410400
2025-07-03,3.3062500953674316,3.3375000953674316,3.299999952316284,3.331249952316284,3.331249952316284,24977280
2025-07-04,3.341670036315918,3.34375,3.2583301067352295,3.262500047683716,3.262500047683716,17090160
2025-07-07,3.247920036315918,3.25,3.204169988632202,3.2229199409484863,3.2229199409484863,15984000
2025-07-08,3.204169988632202,3.2249999046325684,3.174999952316284,3.197920083999634,3.197920083999634,19560912
2025-07-09,3.177079916000366,3.268749952316284,3.177079916000366,3.260420083999634,3.260420083999634,10752000
2025-07-10,3.2562499046325684,3.3166699409484863,3.2541699409484863,3.295830011367798,3.295830011367798,23402400
2025-07-11,3.295830011367798,3.3499999046325684,3.2895801067352295,3.3499999046325684,3.3499999046325684,19595136
2025-07-14,3.329169988632202,3.329169988632202,3.28125,3.283329963684082,3.283329963684082,15890664
2025-07-15,3.2854199409484863,3.3833301067352295,3.2854199409484863,3.3708300590515137,3.3708300590515137,16108800
2025-07-16,3.3812499046325684,3.458329916000366,3.3812499046325684,3.4291698932647705,3.4291698932647705,23066880
2025-07-17,3.456249952316284,3.481250047683716,3.420830011367798,3.481250047683716,3.481250047683716,14691792
2025-07-18,3.5666699409484863,3.5666699409484863,3.533329963684082,3.549999952316284,3.549999952316284,29836800
2025-07-21,3.545830011367798,3.549999952316284,3.516669988632202,3.5270800590515137,3.5270800590515137,11868000
2025-07-22,3.5374999046325684,3.583329916000366,3.4604198932647705,3.4625000953674316,3.4625000953674316,47479056
2025-07-23,3.497920036315918,3.5374999046325684,3.489579916000366,3.518749952316284,3.518749952316284,14004000
2025-07-24,3.5541698932647705,3.560420036315918,3.533329963684082,3.5583300590515137,3.5583300590515137,12005352
2025-07-25,3.549999952316284,3.5583300590515137,3.5270800590515137,3.543750047683716,3.543750047683716,9122640
2025-07-28,3.572920083999634,3.5979199409484863,3.543750047683716,3.575000047683716,3.575000047683716,23690832
2025-07-29,3.5541698932647705,3.5687499046325684,3.4749999046325684,3.5083301067352295,3.5083301067352295,25692432
2025-07-30,3.5583300590515137,3.5854198932647705,3.5250000953674316,3.5687499046325684,3.5687499046325684,26412000
2025-07-31,3.579169988632202,3.6500000953674316,3.579169988632202,3.643749952316284,3.643749952316284,20718432
2025-08-01,3.520829916000366,3.59375,3.520829916000366,3.577080011367798,3.577080011367798,28087824
2025-08-04,3.502079963684082,3.545830011367798,3.4729199409484863,3.545830011367798,3.545830011367798,21653928
2025-08-05,3.614579916000366,3.637500047683716,3.591670036315918,3.637500047683716,3.637500047683716,18822864
2025-08-06,3.59375,3.604170083999634,3.575000047683716,3.5875000953674316,3.5875000953674316,11003136
2025-08-07,3.7104198932647705,3.779170036315918,3.706249952316284,3.764580011367798,3.764580011367798,40372824
2025-08-08,3.764580011367798,3.7729198932647705,3.75,3.7541699409484863,3.7541699409484863,12822312
2025-08-11,3.7229199409484863,3.833329916000366,3.7104198932647705,3.814579963684082,3.814579963684082,20220888
2025-08-12,3.8125,3.8354198932647705,3.793750047683716,3.825000047683716,3.825000047683716,11366352
2025-08-13,3.860419988632202,3.891669988632202,3.8166699409484863,3.8666698932647705,3.8666698932647705,20094144
2025-08-14,3.858330011367798,3.877079963684082,3.833329916000366,3.858330011367798,3.858330011367798,9774480
2025-08-15,3.854170083999634,3.8833301067352295,3.827080011367798,3.864579916000366,3.864579916000366,10512984
2025-08-18,3.833329916000366,3.9104199409484863,3.833329916000366,3.9104199409484863,3.9104199409484863,12626040
2025-08-19,3.90625,3.90625,3.8687500953674316,3.8791699409484863,3.8791699409484863,7971672
2025-08-20,3.7874999046325684,3.8041698932647705,3.658329963684082,3.674999952316284,3.674999952316284,47104320
2025-08-21,3.706249952316284,3.7562499046325684,3.700000047683716,3.739579916000366,3.739579916000366,21941376
2025-08-22,3.752079963684082,3.752079963684082,3.6916699409484863,3.704169988632202,3.704169988632202,8502600
2025-08-25,3.831249952316284,3.872920036315918,3.797919988632202,3.856250047683716,3.856250047683716,20668272
2025-08-26,3.825000047683716,3.864579916000366,3.8083300590515137,3.8520801067352295,3.8520801067352295,6794400
2025-08-27,3.9020800590515137,3.9333300590515137,3.891669988632202,3.9291698932647705,3.9291698932647705,14676024
2025-08-28,3.889580011367798,3.908329963684082,3.841670036315918,3.858330011367798,3.858330011367798,10604856
2025-08-29,3.9124999046325684,3.916670083999634,3.858330011367798,3.860419988632202,3.860419988632202,12723192
2025-09-01,3.825000047683716,3.8499999046325684,3.729170083999634,3.770829916000366,3.770829916000366,19142880
2025-09-02,3.8354198932647705,3.8499999046325684,3.737499952316284,3.766669988632202,3.766669988632202,18505440
2025-09-03,3.7562499046325684,3.799999952316284,3.75,3.7729198932647705,3.7729198932647705,8616912
2025-09-04,3.854170083999634,3.887500047683716,3.8166699409484863,3.8166699409484863,3.8166699409484863,18446352
2025-09-05,3.885420083999634,3.90625,3.8687500953674316,3.9020800590515137,3.9020800590515137,14228544
2025-09-08,3.9625000953674316,3.987499952316284,3.9416699409484863,3.9604198932647705,3.9604198932647705,13285248
2025-09-09,3.9958300590515137,4.03957986831665,3.987499952316284,4.027080059051514,4.027080059051514,15203616
2025-09-10,4.087500095367432,4.170829772949219,4.087500095367432,4.166669845581055,4.166669845581055,22672680
2025-09-11,4.220829963684082,4.245830059051514,4.152080059051514,4.166669845581055,4.166669845581055,22464360
2025-09-12,4.224999904632568,4.247920036315918,4.212500095367432,4.247920036315918,4.247920036315918,10086048
2025-09-15,4.235420227050781,4.235420227050781,4.1875,4.212500095367432,4.212500095367432,12675384
2025-09-16,4.245830059051514,4.3125,4.243750095367432,4.306250095367432,4.306250095367432,11546400
2025-09-17,4.279170036315918,4.287499904632568,4.239580154418945,4.254169940948486,4.254169940948486,10872840
2025-09-18,4.283329963684082,4.33542013168335,4.256249904632568,4.329170227050781,4.329170227050781,9605112
2025-09-19,4.356249809265137,4.356249809265137,4.30417013168335,4.333330154418945,4.333330154418945,12890184
2025-09-22,4.337500095367432,4.400000095367432,4.322919845581055,4.393750190734863,4.393750190734863,9026472
2025-09-23,4.449999809265137,4.53125,4.435420036315918,4.506249904632568,4.506249904632568,14018592
2025-09-24,4.53125,4.535419940948486,4.449999809265137,4.50832986831665,4.50832986831665,15031296
2025-09-25,4.46875,4.518750190734863,4.456250190734863,4.470829963684082,4.470829963684082,8040024
2025-09-26,4.404170036315918,4.404170036315918,4.256249904632568,4.310420036315918,4.310420036315918,27974400
2025-09-30,4.385419845581055,4.4375,4.375,4.418749809265137,4.418749809265137,14352576
2025-10-01,4.466670036315918,4.547920227050781,4.425000190734863,4.441669940948486,4.441669940948486,15583536
2025-10-02,4.58542013168335,4.595829963684082,4.55417013168335,4.566669940948486,4.566669940948486,14808024
2025-10-03,4.568749904632568,4.677080154418945,4.568749904632568,4.677080154418945,4.677080154418945,13188096
2025-10-07,4.783329963684082,4.889579772949219,4.779170036315918,4.870830059051514,4.870830059051514,17472840
2025-10-08,4.764579772949219,4.8125,4.731249809265137,4.808330059051514,4.808330059051514,26568264
2025-10-09,4.912499904632568,4.916669845581055,4.86667013168335,4.885419845581055,4.885419845581055,15072720
2025-10-13,4.625,4.747920036315918,4.612500190734863,4.74167013168335,4.74167013168335,52560312
2025-10-14,4.893750190734863,4.916669845581055,4.689579963684082,4.706250190734863,4.706250190734863,35308392
2025-10-15,4.716670036315918,4.85207986831665,4.683330059051514,4.85207986831665,4.85207986831665,17905296
2025-10-16,4.920829772949219,5.025000095367432,4.908329963684082,5.02292013168335,5.02292013168335,21553200
2025-10-17,4.908329963684082,4.931250095367432,4.875,4.877079963684082,4.877079963684082,19568496
2025-10-20,4.9375,5.029170036315918,4.912499904632568,5.018750190734863,5.018750190734863,15290736
2025-10-21,5.0625,5.104169845581055,5.025000095367432,5.035419940948486,5.035419940948486,12786504
2025-10-22,4.931250095367432,5.020830154418945,4.92917013168335,5.010419845581055,5.010419845581055,12578592
2025-10-23,4.887499809265137,4.962500095367432,4.885419845581055,4.949999809265137,4.949999809265137,12268056
2025-10-27,5.166669845581055,5.181250095367432,5.120830059051514,5.170829772949219,5.170829772949219,17765232
2025-10-28,5.152080059051514,5.152080059051514,5.091670036315918,5.110420227050781,5.110420227050781,16731576
2025-10-29,5.197919845581055,5.252079963684082,5.183330059051514,5.25,5.25,17616504
2025-10-30,5.25,5.295829772949219,5.162499904632568,5.235420227050781,5.235420227050781,20473176
2025-10-31,5.262499809265137,5.30417013168335,5.233329772949219,5.270830154418945,5.270830154418945,15708024
2025-11-03,5.252079963684082,5.30417013168335,5.181250095367432,5.204170227050781,5.204170227050781,17655624
2025-11-04,5.264579772949219,5.306250095367432,5.135419845581055,5.135419845581055,5.135419845581055,31159920
2025-11-05,4.941669940948486,5.033329963684082,4.88332986831665,5.027080059051514,5.027080059051514,37298400
2025-11-06,5.089580059051514,5.137499809265137,5.058330059051514,5.122920036315918,5.122920036315918,12864000
2025-11-07,5.014579772949219,5.02292013168335,4.949999809265137,4.983329772949219,4.983329772949219,19317600
2025-11-10,5.037499904632568,5.104169845581055,4.993750095367432,5.10207986831665,5.10207986831665,11545728
2025-11-11,5.14792013168335,5.152080059051514,5.029170036315918,5.033329963684082,5.033329963684082,16071600
2025-11-12,5.079170227050781,5.11667013168335,5.043749809265137,5.112500190734863,5.112500190734863,8905440
2025-11-13,5.064579963684082,5.097919940948486,5.020830154418945,5.08542013168335,5.08542013168335,10514856
2025-11-14,4.900000095367432,4.943749904632568,4.862500190734863,4.879169940948486,4.879169940948486,41816400
2025-11-17,4.941669940948486,4.96875,4.900000095367432,4.900000095367432,4.900000095367432,14185056
2025-11-18,4.785419940948486,4.827079772949219,4.650000095367432,4.666669845581055,4.666669845581055,50340720
2025-11-19,4.650000095367432,4.689579963684082,4.574999809265137,4.610420227050781,4.610420227050781,37067640
2025-11-20,4.837500095367432,4.887499809265137,4.791669845581055,4.88332986831665,4.88332986831665,27007224
2025-11-21,4.61667013168335,4.622920036315918,4.506249904632568,4.55417013168335,4.55417013168335,57015504
2025-11-24,4.604169845581055,4.614580154418945,4.558330059051514,4.568749904632568,4.568749904632568,20832936
2025-11-25,4.733329772949219,4.735420227050781,4.635419845581055,4.672920227050781,4.672920227050781,15542424
2025-11-26,4.78125,4.837500095367432,4.78125,4.824999809265137,4.824999809265137,16231200
2025-11-27,4.912499904632568,4.931250095367432,4.872920036315918,4.918749809265137,4.918749809265137,17742096
2025-11-28,4.916669845581055,5.006249904632568,4.908329963684082,4.995830059051514,4.995830059051514,13704000
2025-12-01,4.931250095367432,4.94582986831665,4.858329772949219,4.862500190734863,4.862500190734863,21325536
2025-12-02,4.949999809265137,4.983329772949219,4.89792013168335,4.904170036315918,4.904170036315918,16057512
2025-12-03,5.002079963684082,5.016670227050781,4.954170227050781,4.964580059051514,4.964580059051514,16584960
2025-12-04,4.987500190734863,5.012499809265137,4.94582986831665,4.989580154418945,4.989580154418945,10818168
2025-12-05,4.997920036315918,5.056250095367432,4.979169845581055,5.056250095367432,5.056250095367432,15672504
2025-12-08,5.081250190734863,5.16457986831665,5.077079772949219,5.162499904632568,5.162499904632568,17715096
2025-12-09,5.181250095367432,5.183330059051514,5.139579772949219,5.141670227050781,5.141670227050781,8236224
2025-12-10,5.170829772949219,5.216670036315918,5.150000095367432,5.206250190734863,5.206250190734863,12820176
2025-12-11,5.24167013168335,5.243750095367432,5.08542013168335,5.087500095367432,5.087500095367432,18342552
2025-12-12,5.160419940948486,5.17917013168335,5.120830059051514,5.162499904632568,5.162499904632568,12456648
2025-12-15,4.972919940948486,5.050000190734863,4.972919940948486,5.035419940948486,5.035419940948486,21648024
2025-12-16,4.925000190734863,4.947919845581055,4.854169845581055,4.933330059051514,4.933330059051514,44544576
2025-12-17,4.947919845581055,4.970829963684082,4.88332986831665,4.90625,4.90625,9888000
2025-12-18,4.856249809265137,4.90625,4.837500095367432,4.88332986831665,4.88332986831665,15101856
2025-12-19,4.958330154418945,5.014579772949219,4.956250190734863,4.993750095367432,4.993750095367432,17208216
2025-12-22,5.110420227050781,5.154170036315918,5.081250190734863,5.139579772949219,5.139579772949219,22696800
2025-12-23,5.162499904632568,5.183330059051514,5.154170036315918,5.160419940948486,5.160419940948486,17234880
2025-12-24,5.214580059051514,5.216670036315918,5.166669845581055,5.172920227050781,5.172920227050781,17976912
2025-12-26,5.233329772949219,5.27292013168335,5.216670036315918,5.270830154418945,5.270830154418945,19176000
2025-12-29,5.283329963684082,5.379169940948486,5.277080059051514,5.362500190734863,5.362500190734863,15457104
2025-12-30,5.310420036315918,5.360420227050781,5.279170036315918,5.35207986831665,5.35207986831665,10272504
2025-12-31,5.318749904632568,5.400000095367432,5.316669940948486,5.38332986831665,5.38332986831665,19240800
2026-01-02,5.422920227050781,5.57082986831665,5.40625,5.57082986831665,5.57082986831665,19853784
2026-01-05,5.720829963684082,5.927080154418945,5.720829963684082,5.862500190734863,5.862500190734863,38377896
2026-01-06,5.837500095367432,6.0,5.837500095367432,6.0,6.0,16819680
2026-01-07,5.993750095367432,6.012499809265137,5.933330059051514,5.958330154418945,5.958330154418945,13418904
2026-01-08,5.916669845581055,6.010419845581055,5.89792013168335,5.949999809265137,5.949999809265137,17164128
2026-01-09,5.904170036315918,5.981249809265137,5.762499809265137,5.941669940948486,5.941669940948486,30865200
2026-01-12,6.035419940948486,6.052080154418945,5.972919940948486,6.033329963684082,6.033329963684082,22795920
2026-01-13,6.143750190734863,6.162499904632568,6.004169940948486,6.077079772949219,6.077079772949219,18960144
2026-01-14,6.141670227050781,6.206250190734863,6.127079963684082,6.139579772949219,6.139579772949219,22805688
2026-01-15,6.087500095367432,6.143750190734863,6.052080154418945,6.141670227050781,6.141670227050781,15554952
2026-01-16,6.279170036315918,6.354169845581055,6.214580059051514,6.337500095367432,6.337500095367432,27654648
2026-01-19,6.275000095367432,6.452079772949219,6.254169940948486,6.433330059051514,6.433330059051514,24778320
2026-01-20,6.30417013168335,6.441669940948486,6.302080154418945,6.441669940948486,6.441669940948486,19808208
2026-01-21,6.333330154418945,6.416669845581055,6.25,6.28957986831665,6.28957986831665,38197968
2026-01-22,6.452079772949219,6.516670227050781,6.416669845581055,6.449999809265137,6.449999809265137,20451600
2026-01-23,6.53125,6.5625,6.454170227050781,6.547920227050781,6.547920227050781,17736048
2026-01-26,6.547920227050781,6.589580059051514,6.537499904632568,6.5625,6.5625,10229280
2026-01-27,6.60207986831665,6.714580059051514,6.589580059051514,6.689579963684082,6.689579963684082,15944400
2026-01-28,6.785419940948486,6.875,6.783329963684082,6.868750095367432,6.868750095367432,19403640
2026-01-29,6.904170036315918,6.90625,6.74167013168335,6.806250095367432,6.806250095367432,29188152
2026-01-30,6.697919845581055,6.697919845581055,6.53957986831665,6.606249809265137,6.606249809265137,35645016
2026-02-02,6.454170227050781,6.47707986831665,6.252079963684082,6.358329772949219,6.358329772949219,45685320
2026-02-03,6.606249809265137,6.654170036315918,6.5,6.587500095367432,6.587500095367432,27072744
2026-02-04,6.520830154418945,6.675000190734863,6.50832986831665,6.660419940948486,6.660419940948486,18073488
2026-02-05,6.5,6.552080154418945,6.410419940948486,6.441669940948486,6.441669940948486,25272720
2026-02-06,6.306250095367432,6.441669940948486,6.17917013168335,6.368750095367432,6.368750095367432,34177776
2026-02-09,6.75,6.762499809265137,6.69582986831665,6.731249809265137,6.731249809265137,25992480
2026-02-10,6.854169845581055,6.96875,6.845829963684082,6.96042013168335,6.96042013168335,23985024
2026-02-11,7.035419940948486,7.245830059051514,7.035419940948486,7.206250190734863,7.206250190734863,25762824
2026-02-23,7.28957986831665,7.5,7.208330154418945,7.212500095367432,7.212500095367432,26021232
2026-02-24,7.35207986831665,7.666669845581055,7.345829963684082,7.631249904632568,7.631249904632568,19804416
2026-02-25,7.854169845581055,8.029170036315918,7.735420227050781,7.918749809265137,7.918749809265137,28690056
2026-02-26,7.927080154418945,8.033329963684082,7.85207986831665,7.97707986831665,7.97707986831665,20884800
2026-03-02,7.66457986831665,7.916669845581055,7.650000095367432,7.808330059051514,7.808330059051514,32628360
2026-03-03,7.764579772949219,7.845829963684082,7.439579963684082,7.439579963684082,7.439579963684082,54235920
2026-03-04,7.13332986831665,7.191669940948486,6.75,6.779170036315918,6.779170036315918,95613984
2026-03-05,7.254169940948486,7.36667013168335,6.997920036315918,7.108329772949219,7.108329772949219,51348360
2026-03-06,7.012499809265137,7.19582986831665,6.952079772949219,7.114580154418945,7.114580154418945,17096976
2026-03-09,6.5,6.541669845581055,6.199999809265137,6.395830154418945,6.395830154418945,88829064
2026-03-10,6.816669940948486,6.889579772949219,6.547920227050781,6.691669940948486,6.691669940948486,40470480
2026-03-11,6.939579963684082,7.270830154418945,6.912499904632568,7.229169845581055,7.229169845581055,38786328
2026-03-12,7.089580059051514,7.175000190734863,6.92917013168335,6.99167013168335,6.99167013168335,35213640
2026-03-13,6.810420036315918,6.99167013168335,6.747920036315918,6.920829772949219,6.920829772949219,29025720
2026-03-16,7.064579963684082,7.068749904632568,6.82082986831665,6.900000095367432,6.900000095367432,23533080
2026-03-17,7.07082986831665,7.1875,7.066669940948486,7.127079963684082,7.127079963684082,21268032
2026-03-18,7.347919940948486,7.39792013168335,7.25,7.364580154418945,7.364580154418945,24524496
2026-03-19,7.10207986831665,7.185420036315918,7.0,7.014579772949219,7.014579772949219,38389368
2026-03-20,7.077079772949219,7.099999904632568,6.900000095367432,6.979169845581055,6.979169845581055,33127680
2026-03-23,6.518750190734863,6.666669845581055,6.49167013168335,6.572919845581055,6.572919845581055,84743208
2026-03-24,6.816669940948486,6.839580059051514,6.456250190734863,6.572919845581055,6.572919845581055,47328528
2026-03-25,6.916669845581055,7.02292013168335,6.783329963684082,6.958330154418945,6.958330154418945,42481464
2026-03-26,7.03125,7.125,6.881249904632568,6.881249904632568,6.881249904632568,33101376
2026-03-27,6.618750095367432,6.806250095367432,6.58542013168335,6.78957986831665,6.78957986831665,37161408
2026-03-30,6.454170227050781,6.591670036315918,6.410419940948486,6.53957986831665,6.53957986831665,57990072
2026-03-31,6.42917013168335,6.483329772949219,6.237500190734863,6.283329963684082,6.283329963684082,63747696
2026-04-01,6.729169845581055,6.854169845581055,6.666669845581055,6.841670036315918,6.841670036315918,39807168
2026-04-02,6.939579963684082,6.952079772949219,6.516670227050781,6.525000095367432,6.525000095367432,48555960
2026-04-07,6.743750095367432,6.827079772949219,6.675000190734863,6.752079963684082,6.752079963684082,40255224
2026-04-08,7.293749809265137,7.520830154418945,7.291669845581055,7.481249809265137,7.481249809265137,53559720
2026-04-09,7.487500190734863,7.487500190734863,7.391670227050781,7.452079772949219,7.452079772949219,26644920
2026-04-10,7.635419845581055,7.72707986831665,7.604169845581055,7.724999904632568,7.724999904632568,33693384
2026-04-13,7.693749904632568,7.762499809265137,7.66457986831665,7.699999809265137,7.699999809265137,17788008
2026-04-14,7.964580059051514,8.118749618530273,7.922920227050781,8.108329772949219,8.108329772949219,22350744
2026-04-15,8.268750190734863,8.433329582214355,8.241669654846191,8.274999618530273,8.274999618530273,22057104
2026-04-16,8.393750190734863,8.487500190734863,8.324999809265137,8.477080345153809,8.477080345153809,19416096
2026-04-17,8.391670227050781,8.449999809265137,8.322919845581055,8.341670036315918,8.341670036315918,18565296
2026-04-20,8.449999809265137,8.585419654846191,8.449999809265137,8.456250190734863,8.456250190734863,25831608
2026-04-21,8.6875,8.791669845581055,8.577079772949219,8.752079963684082,8.752079963684082,33208920
2026-04-22,8.737500190734863,8.891670227050781,8.731249809265137,8.831250190734863,8.831250190734863,23138400
2026-04-23,9.041669845581055,9.222920417785645,8.462499618530273,8.681249618530273,8.681249618530273,56678640
2026-04-24,8.960419654846191,9.289580345153809,8.916669845581055,9.287500381469727,9.287500381469727,49374216
2026-04-27,9.725000381469727,9.866669654846191,9.660420417785645,9.662500381469727,9.662500381469727,72896136
2026-04-28,9.625,9.833330154418945,9.545829772949219,9.5625,9.5625,26354664
2026-04-29,9.385419845581055,9.53125,9.241669654846191,9.399999618530273,9.399999618530273,27225240
2026-04-30,9.604169845581055,9.604169845581055,9.324999809265137,9.339579582214355,9.339579582214355,28812936
2026-05-04,9.793749809265137,10.147919654846191,9.756250381469727,10.141670227050781,10.141670227050781,32862336
2026-05-05,10.118749618530273,10.189579963684082,10.050000190734863,10.152079582214355,10.152079582214355,20837280
2026-05-06,10.506250381469727,10.639579772949219,10.168749809265137,10.387499809265137,10.387499809265137,35956800
2026-05-07,10.725000381469727,10.877079963684082,10.645830154418945,10.8125,10.8125,27818376
2026-05-08,10.699999809265137,10.808329582214355,10.416669845581055,10.614580154418945,10.614580154418945,43565976
2026-05-11,10.574999809265137,10.731249809265137,10.570830345153809,10.664580345153809,10.664580345153809,29038992
2026-05-12,10.837499618530273,10.837499618530273,10.458330154418945,10.612500190734863,10.612500190734863,25729344
2026-05-13,10.233329772949219,10.4375,10.216670036315918,10.387499809265137,10.387499809265137,36997776
2026-05-14,10.6875,10.741669654846191,10.397919654846191,10.493749618530273,10.493749618530273,21098112
2026-05-15,10.841670036315918,10.862500190734863,10.1875,10.222920417785645,10.222920417785645,45987360
2026-05-18,9.916669845581055,10.129170417785645,9.770830154418945,10.068750381469727,10.068750381469727,31782864
2026-05-19,9.995829582214355,10.085419654846191,9.752079963684082,9.791669845581055,9.791669845581055,40217976
2026-05-20,9.735420227050781,9.800000190734863,9.572919845581055,9.625,9.625,32235744
2026-05-21,10.083330154418945,10.356249809265137,10.072919845581055,10.320830345153809,10.320830345153809,35523168
2026-05-22,10.510419845581055,10.766670227050781,10.427080154418945,10.764579772949219,10.764579772949219,66802032
2026-05-25,11.268750190734863,11.564579963684082,11.25,11.477080345153809,11.477080345153809,112015008
2026-05-26,11.6875,11.708330154418945,11.354169845581055,11.454170227050781,11.454170227050781,86699568
2026-05-27,11.949999809265137,12.1875,11.725000381469727,11.916669845581055,11.916669845581055,100662816
2026-05-28,12.087499618530273,12.252079963684082,11.258330345153809,11.449999809265137,11.449999809265137,164429832
2026-05-29,11.987500190734863,12.291669845581055,11.881250381469727,12.25,12.25,77715408
2026-06-01,12.379170417785645,12.833330154418945,12.379170417785645,12.568750381469727,12.568750381469727,130207992
2026-06-02,12.633330345153809,12.683329582214355,12.237500190734863,12.635419845581055,12.635419845581055,128499120
2026-06-03,13.0,13.131250381469727,12.881250381469727,13.045829772949219,13.045829772949219,81970800
2026-06-04,12.822919845581055,12.904170036315918,12.662500381469727,12.745829582214355,12.745829582214355,90476496
2026-06-05,12.358329772949219,12.464579582214355,11.858329772949219,12.147919654846191,12.147919654846191,208752168
2026-06-08,10.899999618530273,11.302080154418945,10.764579772949219,11.118749618530273,11.118749618530273,259364616
2026-06-09,11.375,11.829170227050781,11.285420417785645,11.762499809265137,11.762499809265137,105296328
2026-06-10,11.493749618530273,11.706250190734863,11.054169654846191,11.112500190734863,11.112500190734863,171575832
2026-06-11,10.979169845581055,11.189579963684082,10.508330345153809,11.010419845581055,11.010419845581055,189943752
2026-06-12,11.772919654846191,11.791669845581055,11.458330154418945,11.566670417785645,11.566670417785645,115705968
2026-06-15,12.350000381469727,12.356249809265137,12.154170036315918,12.331250190734863,12.331250190734863,125966280
2026-06-16,12.5,12.518750190734863,12.270830154418945,12.391670227050781,12.391670227050781,114294528
2026-06-17,12.122920036315918,12.458330154418945,12.047920227050781,12.458330154418945,12.458330154418945,107133360
2026-06-18,12.65625,12.818750381469727,12.600000381469727,12.78125,12.78125,107844456
2026-06-22,13.333330154418945,13.731249809265137,13.331250190734863,13.731249809265137,13.731249809265137,134441328
2026-06-23,13.78125,13.879170417785645,13.272919654846191,13.272919654846191,13.272919654846191,198545688
2026-06-24,12.758330345153809,12.841670036315918,12.387499809265137,12.675000190734863,12.675000190734863,242206656
2026-06-25,12.910420417785645,12.912500381469727,12.487500190734863,12.710419654846191,12.710419654846191,125488920
2026-06-26,12.297920227050781,12.370829582214355,11.620829582214355,11.681249618530273,11.681249618530273,345542712
2026-06-29,11.839579582214355,12.177080154418945,11.745829582214355,12.014579772949219,12.014579772949219,139743480
2026-06-30,12.443750381469727,12.8125,12.443750381469727,12.75,12.75,190239432
2026-07-01,12.75,12.75,12.75,12.75,12.75,0
2026-07-02,12.75,12.75,12.75,12.75,12.75,0
2026-07-03,12.75,12.75,12.75,12.75,12.75,0
2026-07-06,12.75,12.75,12.75,12.75,12.75,0
2026-07-07,13.09000015258789,13.100000381469727,12.1899995803833,12.229999542236328,12.229999542236328,1212805889
2026-07-08,12.3100004196167,12.319999694824219,11.949999809265137,12.170000076293945,12.170000076293945,421599070
2026-07-09,12.239999771118164,12.420000076293945,11.989999771118164,12.09000015258789,12.09000015258789,309632671
2026-07-10,12.09000015258789,12.09000015258789,12.09000015258789,12.09000015258789,12.09000015258789,0
2026-07-13,12.399999618530273,12.5,11.979999542236328,12.079999923706055,12.079999923706055,271177666
2026-07-14,12.010000228881836,12.0600004196167,11.149999618530273,11.720000267028809,11.720000267028809,628874614
2026-07-15,11.9399995803833,12.239999771118164,11.84000015258789,12.149999618530273,12.149999618530273,221248714
2026-07-16,11.9399995803833,12.210000038146973,11.739999771118164,12.170000076293945,12.170000076293945,236483675
2026-07-17,11.319999694824219,11.390000343322754,10.539999961853027,10.539999961853027,10.539999961853027,1113474261
2026-07-20,10.710000038146973,10.800000190734863,10.279999732971191,10.40999984741211,10.40999984741211,336018268
2026-07-21,10.699999809265137,11.199999809265137,10.680000305175781,11.199999809265137,11.199999809265137,259237490
2026-07-22,11.619999885559082,11.710000038146973,11.319999694824219,11.380000114440918,11.380000114440918,299652095
2026-07-23,11.59000015258789,11.619999885559082,11.25,11.470000267028809,11.470000267028809,194111975
2026-07-24,11.109999656677246,11.279999732971191,10.859999656677246,10.949999809265137,10.949999809265137,336820921
2026-07-27,10.880000114440918,10.979999542236328,10.630000114440918,10.960000038146973,10.960000038146973,228814098
