Date,Open,High,Low,Close,Adj Close,Volume
2018-05-29,20.0,20.0,20.0,20.0,14.108717918395996,0
2018-05-30,19.989999771118164,19.989999771118164,19.989999771118164,19.989999771118164,14.101658821105957,0
2018-05-31,19.989999771118164,19.989999771118164,19.989999771118164,19.989999771118164,14.101658821105957,0
2018-06-01,19.989999771118164,19.989999771118164,19.989999771118164,19.989999771118164,14.101658821105957,0
2018-06-04,19.989999771118164,19.989999771118164,19.989999771118164,19.989999771118164,14.101658821105957,0
2018-06-05,19.979999542236328,19.979999542236328,19.979999542236328,19.979999542236328,14.09460735321045,0
2018-06-07,19.979999542236328,19.979999542236328,19.979999542236328,19.979999542236328,14.09460735321045,0
2018-06-08,19.790000915527344,19.790000915527344,19.790000915527344,19.790000915527344,13.960575103759766,0
2018-06-11,19.860000610351562,19.920000076293945,19.75,19.790000915527344,13.960575103759766,3163000
2018-06-12,19.780000686645508,19.780000686645508,19.559999465942383,19.690000534057617,13.890033721923828,1893400
2018-06-13,19.770000457763672,19.770000457763672,19.6299991607666,19.719999313354492,13.91119384765625,598000
2018-06-14,19.6299991607666,19.68000030517578,19.469999313354492,19.5,13.755995750427246,487000
2018-06-15,19.489999771118164,19.489999771118164,19.25,19.350000381469727,13.65018081665039,427000
2018-06-19,19.34000015258789,19.34000015258789,18.90999984741211,18.979999542236328,13.389168739318848,283000
2018-06-20,18.979999542236328,19.09000015258789,18.860000610351562,19.059999465942383,13.445605278015137,205000
2018-06-21,19.1299991607666,19.139999389648438,19.049999237060547,19.049999237060547,13.438552856445312,344000
2018-06-22,18.889999389648438,19.0,18.8700008392334,18.969999313354492,13.382116317749023,287000
2018-06-25,18.84000015258789,18.920000076293945,18.809999465942383,18.81999969482422,13.276301383972168,222000
2018-06-26,18.790000915527344,18.790000915527344,18.549999237060547,18.739999771118164,13.219866752624512,353000
2018-06-27,18.8799991607666,18.940000534057617,18.829999923706055,18.829999923706055,13.283356666564941,370000
2018-06-28,18.600000381469727,18.700000762939453,18.549999237060547,18.639999389648438,13.149323463439941,107000
2018-06-29,18.6200008392334,18.920000076293945,18.6200008392334,18.8799991607666,13.318628311157227,204000
2018-07-02,18.899999618530273,18.920000076293945,18.799999237060547,18.799999237060547,13.262190818786621,106000
2018-07-03,18.93000030517578,19.0,18.709999084472656,18.709999084472656,13.198701858520508,192000
2018-07-04,18.93000030517578,18.93000030517578,18.770000457763672,18.93000030517578,13.353900909423828,262000
2018-07-05,18.899999618530273,18.899999618530273,18.639999389648438,18.700000762939453,13.191649436950684,239000
2018-07-06,18.709999084472656,18.709999084472656,18.520000457763672,18.649999618530273,13.156375885009766,271000
2018-07-09,18.8799991607666,19.100000381469727,18.8700008392334,19.079999923706055,13.45971393585205,442000
2018-07-10,19.200000762939453,19.280000686645508,19.079999923706055,19.1299991607666,13.494986534118652,91000
2018-07-11,18.989999771118164,19.049999237060547,18.920000076293945,18.920000076293945,13.346845626831055,320200
2018-07-12,18.920000076293945,19.15999984741211,18.920000076293945,19.1299991607666,13.494986534118652,285000
2018-07-13,19.190000534057617,19.34000015258789,19.190000534057617,19.309999465942383,13.621966361999512,125000
2018-07-16,19.34000015258789,19.399999618530273,19.229999542236328,19.239999771118164,13.572585105895996,218000
2018-07-17,19.25,19.260000228881836,19.170000076293945,19.219999313354492,13.558473587036133,176000
2018-07-18,19.31999969482422,19.399999618530273,19.260000228881836,19.260000228881836,13.586694717407227,302000
2018-07-19,19.3799991607666,19.5,19.3799991607666,19.40999984741211,13.692508697509766,272000
2018-07-20,19.43000030517578,19.610000610351562,19.43000030517578,19.540000915527344,13.784212112426758,176000
2018-07-23,19.530000686645508,19.530000686645508,19.420000076293945,19.5,13.755995750427246,470000
2018-07-24,19.40999984741211,19.510000228881836,19.40999984741211,19.469999313354492,13.734833717346191,94000
2018-07-25,19.5,19.530000686645508,19.489999771118164,19.489999771118164,13.748944282531738,17000
2018-07-26,19.5,19.690000534057617,19.5,19.690000534057617,13.890033721923828,226000
2018-07-27,19.709999084472656,19.850000381469727,19.700000762939453,19.829999923706055,13.988791465759277,279000
2018-07-30,19.850000381469727,19.850000381469727,19.709999084472656,19.780000686645508,13.953516960144043,196000
2018-07-31,19.68000030517578,19.729999542236328,19.68000030517578,19.700000762939453,13.89708423614502,98250
2018-08-01,19.780000686645508,19.850000381469727,19.780000686645508,19.850000381469727,14.002902030944824,101000
2018-08-02,19.850000381469727,19.850000381469727,19.5,19.5,13.755995750427246,167060
2018-08-03,19.670000076293945,19.670000076293945,19.559999465942383,19.600000381469727,13.826542854309082,199000
2018-08-06,19.6200008392334,19.729999542236328,19.600000381469727,19.6299991607666,13.847701072692871,183000
2018-08-07,19.6299991607666,19.68000030517578,19.600000381469727,19.649999618530273,13.86181354522705,393000
2018-08-08,19.729999542236328,19.84000015258789,19.719999313354492,19.780000686645508,13.953516960144043,418050
2018-08-09,19.790000915527344,19.829999923706055,19.729999542236328,19.799999237060547,13.96762752532959,783000
2018-08-10,19.530000686645508,19.59000015258789,19.420000076293945,19.469999313354492,13.734833717346191,554000
2018-08-13,19.280000686645508,19.299999237060547,19.0,19.079999923706055,13.45971393585205,347000
2018-08-14,19.190000534057617,19.290000915527344,19.139999389648438,19.25,13.579638481140137,134000
2018-08-15,19.209999084472656,19.209999084472656,19.0,19.049999237060547,13.438552856445312,124000
2018-08-16,18.940000534057617,19.06999969482422,18.799999237060547,19.0,13.403282165527344,49000
2018-08-17,19.040000915527344,19.190000534057617,18.979999542236328,18.989999771118164,13.396223068237305,166000
2018-08-20,19.0,19.049999237060547,18.940000534057617,18.940000534057617,13.360950469970703,45000
2018-08-21,19.170000076293945,19.25,19.040000915527344,19.200000762939453,13.544366836547852,229000
2018-08-22,19.290000915527344,19.34000015258789,19.270000457763672,19.290000915527344,13.607855796813965,89000
2018-08-23,19.399999618530273,19.399999618530273,19.299999237060547,19.350000381469727,13.65018081665039,66000
2018-08-24,19.34000015258789,19.459999084472656,19.34000015258789,19.459999084472656,13.727779388427734,64000
2018-08-27,19.469999313354492,19.649999618530273,19.469999313354492,19.649999618530273,13.86181354522705,123000
2018-08-28,19.729999542236328,19.799999237060547,19.729999542236328,19.75,13.932354927062988,65000
2018-08-29,19.780000686645508,20.0,19.780000686645508,19.979999542236328,14.09460735321045,352000
2018-08-30,20.110000610351562,20.280000686645508,20.110000610351562,20.149999618530273,14.214530944824219,716000
2018-08-31,20.1299991607666,20.1299991607666,19.940000534057617,20.049999237060547,14.143989562988281,73000
2018-09-03,20.079999923706055,20.100000381469727,19.8799991607666,19.8799991607666,14.024064064025879,168000
2018-09-04,20.049999237060547,20.049999237060547,19.940000534057617,20.030000686645508,14.129878044128418,51000
2018-09-05,19.969999313354492,20.06999969482422,19.969999313354492,19.989999771118164,14.101658821105957,136100
2018-09-06,19.829999923706055,19.829999923706055,19.690000534057617,19.709999084472656,13.904138565063477,277000
2018-09-07,19.520000457763672,19.59000015258789,19.40999984741211,19.530000686645508,13.7771635055542,119000
2018-09-10,19.510000228881836,19.510000228881836,19.329999923706055,19.389999389648438,13.678400993347168,37000
2018-09-11,19.450000762939453,19.450000762939453,19.329999923706055,19.350000381469727,13.65018081665039,148000
2018-09-12,19.219999313354492,19.219999313354492,19.170000076293945,19.200000762939453,13.544366836547852,23000
2018-09-13,19.209999084472656,19.34000015258789,19.100000381469727,19.100000381469727,13.473823547363281,379000
2018-09-14,19.299999237060547,19.559999465942383,19.299999237060547,19.559999465942383,13.798324584960938,211000
2018-09-17,19.530000686645508,19.530000686645508,19.34000015258789,19.3799991607666,13.671345710754395,82000
2018-09-18,19.40999984741211,19.40999984741211,19.31999969482422,19.360000610351562,13.657235145568848,20000
2018-09-19,19.399999618530273,19.459999084472656,19.399999618530273,19.459999084472656,13.727779388427734,70000
2018-09-20,19.56999969482422,19.56999969482422,19.469999313354492,19.469999313354492,13.734833717346191,52000
2018-09-21,19.540000915527344,19.540000915527344,19.43000030517578,19.540000915527344,13.784212112426758,56000
2018-09-25,19.510000228881836,19.600000381469727,19.479999542236328,19.549999237060547,13.791268348693848,58000
2018-09-26,19.59000015258789,19.600000381469727,19.540000915527344,19.579999923706055,13.812430381774902,103000
2018-09-27,19.59000015258789,19.6299991607666,19.56999969482422,19.6299991607666,13.847701072692871,139000
2018-09-28,19.65999984741211,19.65999984741211,19.5,19.530000686645508,13.7771635055542,61000
2018-10-01,19.520000457763672,19.520000457763672,19.5,19.520000457763672,13.770106315612793,55000
2018-10-02,19.420000076293945,19.489999771118164,19.219999313354492,19.280000686645508,13.600802421569824,114000
2018-10-03,19.09000015258789,19.280000686645508,18.950000762939453,19.229999542236328,13.565528869628906,109000
2018-10-04,19.1299991607666,19.1299991607666,18.860000610351562,18.950000762939453,13.36800765991211,144000
2018-10-05,18.780000686645508,18.780000686645508,18.540000915527344,18.540000915527344,13.078779220581055,169000
2018-10-08,18.540000915527344,18.540000915527344,18.540000915527344,18.540000915527344,13.078779220581055,0
2018-10-09,18.450000762939453,18.540000915527344,18.43000030517578,18.520000457763672,13.06467056274414,54000
2018-10-11,18.350000381469727,18.350000381469727,17.440000534057617,17.440000534057617,12.302801132202148,110000
2018-10-12,17.6299991607666,18.079999923706055,17.6299991607666,18.079999923706055,12.754281044006348,23000
2018-10-15,17.729999542236328,17.799999237060547,17.690000534057617,17.690000534057617,12.479159355163574,77000
2018-10-16,17.790000915527344,17.920000076293945,17.770000457763672,17.809999465942383,12.563810348510742,113010
2018-10-17,18.1299991607666,18.170000076293945,17.950000762939453,17.950000762939453,12.662572860717773,111000
2018-10-18,17.950000762939453,17.950000762939453,17.850000381469727,17.8700008392334,12.6061372756958,64000
2018-10-19,17.649999618530273,17.780000686645508,17.610000610351562,17.780000686645508,12.542645454406738,56000
2018-10-22,17.709999084472656,17.920000076293945,17.649999618530273,17.889999389648438,12.620246887207031,163000
2018-10-23,17.700000762939453,17.700000762939453,17.520000457763672,17.520000457763672,12.359235763549805,63000
2018-10-24,17.469999313354492,17.469999313354492,17.309999465942383,17.450000762939453,12.309853553771973,65000
2018-10-25,17.09000015258789,17.09000015258789,16.81999969482422,16.90999984741211,11.928916931152344,93000
2018-10-26,16.920000076293945,16.920000076293945,16.579999923706055,16.709999084472656,11.787829399108887,144000
2018-10-29,16.889999389648438,16.889999389648438,16.770000457763672,16.8700008392334,11.900702476501465,107000
2018-10-30,16.8799991607666,17.0,16.850000381469727,17.0,11.992408752441406,91000
2018-10-31,17.059999465942383,17.200000762939453,17.030000686645508,17.15999984741211,12.105277061462402,136000
2018-11-01,17.15999984741211,17.15999984741211,17.15999984741211,17.15999984741211,12.105277061462402,0
2018-11-02,17.549999237060547,17.639999389648438,17.510000228881836,17.639999389648438,12.443883895874023,135000
2018-11-05,17.600000381469727,17.600000381469727,17.5,17.56999969482422,12.394505500793457,54000
2018-11-06,17.56999969482422,17.56999969482422,17.56999969482422,17.56999969482422,12.394505500793457,0
2018-11-07,17.56999969482422,17.670000076293945,17.540000915527344,17.56999969482422,12.394505500793457,56000
2018-11-08,17.56999969482422,17.56999969482422,17.56999969482422,17.56999969482422,12.394505500793457,0
2018-11-09,17.56999969482422,17.56999969482422,17.56999969482422,17.56999969482422,12.394505500793457,0
2018-11-12,17.56999969482422,17.56999969482422,17.56999969482422,17.56999969482422,12.394505500793457,0
2018-11-13,17.56999969482422,17.56999969482422,17.56999969482422,17.56999969482422,12.394505500793457,0
2018-11-14,17.56999969482422,17.56999969482422,17.56999969482422,17.56999969482422,12.394505500793457,0
2018-11-15,17.3700008392334,17.3700008392334,17.209999084472656,17.309999465942383,12.211094856262207,54000
2018-11-16,17.309999465942383,17.309999465942383,17.309999465942383,17.309999465942383,12.211094856262207,0
2018-11-19,17.309999465942383,17.309999465942383,17.309999465942383,17.309999465942383,12.211094856262207,0
2018-11-20,16.969999313354492,16.969999313354492,16.889999389648438,16.889999389648438,11.914809226989746,59000
2018-11-21,16.889999389648438,16.889999389648438,16.889999389648438,16.889999389648438,11.914809226989746,0
2018-11-22,16.959999084472656,17.010000228881836,16.889999389648438,16.889999389648438,11.914809226989746,107000
2018-11-23,16.889999389648438,16.889999389648438,16.889999389648438,16.889999389648438,11.914809226989746,0
2018-11-26,16.940000534057617,17.15999984741211,16.940000534057617,17.100000381469727,12.062950134277344,156000
2018-11-27,17.100000381469727,17.100000381469727,17.100000381469727,17.100000381469727,12.062950134277344,0
2018-11-28,17.270000457763672,17.469999313354492,17.209999084472656,17.469999313354492,12.32396125793457,224000
2018-11-29,17.469999313354492,17.469999313354492,17.469999313354492,17.469999313354492,12.32396125793457,0
2018-11-30,17.59000015258789,17.610000610351562,17.459999084472656,17.469999313354492,12.32396125793457,211000
2018-12-03,17.469999313354492,17.469999313354492,17.469999313354492,17.469999313354492,12.32396125793457,0
2018-12-04,17.700000762939453,17.709999084472656,17.649999618530273,17.649999618530273,12.45094108581543,145000
2018-12-05,17.649999618530273,17.649999618530273,17.649999618530273,17.649999618530273,12.45094108581543,0
2018-12-06,17.170000076293945,17.170000076293945,16.889999389648438,16.889999389648438,11.914809226989746,157101
2018-12-07,16.889999389648438,16.889999389648438,16.889999389648438,16.889999389648438,11.914809226989746,0
2018-12-10,16.889999389648438,16.889999389648438,16.889999389648438,16.889999389648438,11.914809226989746,0
2018-12-11,16.760000228881836,16.760000228881836,16.68000030517578,16.700000762939453,11.780776977539062,107000
2018-12-12,16.969999313354492,17.020000457763672,16.860000610351562,17.020000457763672,12.006515502929688,108000
2018-12-13,17.020000457763672,17.020000457763672,17.020000457763672,17.020000457763672,12.006515502929688,0
2018-12-14,16.700000762939453,16.700000762939453,16.610000610351562,16.610000610351562,11.717288970947266,116179
2018-12-17,16.65999984741211,16.760000228881836,16.65999984741211,16.760000228881836,11.823102951049805,424000
2018-12-18,16.760000228881836,16.760000228881836,16.760000228881836,16.760000228881836,11.823102951049805,0
2018-12-19,16.6200008392334,16.739999771118164,16.6200008392334,16.690000534057617,11.773723602294922,147000
2018-12-20,16.690000534057617,16.690000534057617,16.690000534057617,16.690000534057617,11.773723602294922,0
2018-12-21,16.690000534057617,16.690000534057617,16.690000534057617,16.690000534057617,11.773723602294922,0
2018-12-24,16.559999465942383,16.559999465942383,16.5,16.5,11.639690399169922,202000
2018-12-25,16.420000076293945,16.420000076293945,16.420000076293945,16.420000076293945,11.583256721496582,200000
2018-12-26,16.420000076293945,16.530000686645508,16.40999984741211,16.40999984741211,11.576201438903809,231000
2018-12-27,16.639999389648438,16.639999389648438,16.639999389648438,16.639999389648438,11.73845100402832,270000
2018-12-28,16.639999389648438,16.670000076293945,16.610000610351562,16.670000076293945,11.759613990783691,262000
2019-01-02,16.510000228881836,16.510000228881836,16.510000228881836,16.510000228881836,11.646743774414062,101000
2019-01-03,16.25,16.290000915527344,16.219999313354492,16.219999313354492,11.442167282104492,105000
2019-01-04,16.0,16.079999923706055,15.869999885559082,16.0,11.28697395324707,164000
2019-01-07,16.280000686645508,16.329999923706055,16.280000686645508,16.31999969482422,11.512712478637695,208000
2019-01-08,16.420000076293945,16.420000076293945,16.299999237060547,16.299999237060547,11.498603820800781,108000
2019-01-09,16.469999313354492,16.729999542236328,16.469999313354492,16.709999084472656,11.787829399108887,108000
2019-01-10,16.729999542236328,16.729999542236328,16.729999542236328,16.729999542236328,11.801939964294434,100000
2019-01-11,16.75,16.959999084472656,16.75,16.959999084472656,11.964190483093262,120000
2019-01-14,16.90999984741211,16.90999984741211,16.700000762939453,16.75,11.816051483154297,185000
2019-01-15,16.809999465942383,16.969999313354492,16.809999465942383,16.969999313354492,11.971242904663086,223000
2019-01-16,16.979999542236328,17.049999237060547,16.959999084472656,17.049999237060547,12.027677536010742,130000
2019-01-17,16.790000915527344,16.809999465942383,16.68000030517578,16.68000030517578,12.114836692810059,176000
2019-01-18,16.739999771118164,16.760000228881836,16.700000762939453,16.760000228881836,12.172940254211426,103000
2019-01-21,16.790000915527344,16.8799991607666,16.739999771118164,16.81999969482422,12.216520309448242,271000
2019-01-22,16.68000030517578,16.700000762939453,16.639999389648438,16.65999984741211,12.100310325622559,162000
2019-01-23,16.649999618530273,16.709999084472656,16.59000015258789,16.690000534057617,12.122099876403809,138000
2019-01-24,16.8799991607666,16.8799991607666,16.799999237060547,16.829999923706055,12.223782539367676,135000
2019-01-25,17.110000610351562,17.260000228881836,17.06999969482422,17.260000228881836,12.536096572875977,114000
2019-01-28,17.350000381469727,17.469999313354492,17.350000381469727,17.389999389648438,12.630516052246094,119000
2019-01-29,17.1200008392334,17.260000228881836,17.110000610351562,17.260000228881836,12.536096572875977,168000
2019-01-30,17.260000228881836,17.299999237060547,17.260000228881836,17.290000915527344,12.557886123657227,258000
2019-02-11,17.31999969482422,17.31999969482422,17.219999313354492,17.229999542236328,12.514304161071777,105000
2019-02-12,17.40999984741211,17.479999542236328,17.3799991607666,17.479999542236328,12.695881843566895,110000
2019-02-13,17.6200008392334,17.6200008392334,17.510000228881836,17.549999237060547,12.746724128723145,151000
2019-02-14,17.559999465942383,17.559999465942383,17.530000686645508,17.530000686645508,12.732199668884277,101000
2019-02-15,17.43000030517578,17.43000030517578,17.34000015258789,17.34000015258789,12.594202041625977,125000
2019-02-18,17.56999969482422,17.56999969482422,17.5,17.5,12.71041202545166,108000
2019-02-19,17.479999542236328,17.479999542236328,17.40999984741211,17.469999313354492,12.688619613647461,123000
2019-02-20,17.559999465942383,17.739999771118164,17.559999465942383,17.6200008392334,12.797567367553711,111000
2019-02-21,17.709999084472656,17.790000915527344,17.65999984741211,17.790000915527344,12.921039581298828,209000
2019-02-22,17.790000915527344,17.790000915527344,17.68000030517578,17.709999084472656,12.862936019897461,119000
2019-02-25,17.989999771118164,17.989999771118164,17.899999618530273,17.93000030517578,13.022724151611328,105000
2019-02-26,17.969999313354492,18.030000686645508,17.889999389648438,17.920000076293945,13.015460014343262,121000
2019-02-27,18.040000915527344,18.040000915527344,17.809999465942383,17.889999389648438,12.993670463562012,110000
2019-03-04,17.709999084472656,17.709999084472656,17.56999969482422,17.600000381469727,12.783040046691895,106000
2019-03-05,17.450000762939453,17.469999313354492,17.3700008392334,17.440000534057617,12.66683292388916,147000
2019-03-06,17.43000030517578,17.43000030517578,17.31999969482422,17.34000015258789,12.594202041625977,138000
2019-03-07,17.3799991607666,17.459999084472656,17.329999923706055,17.329999923706055,12.586936950683594,117000
2019-03-08,17.31999969482422,17.31999969482422,17.079999923706055,17.139999389648438,12.44894027709961,114000
2019-03-11,17.06999969482422,17.110000610351562,17.06999969482422,17.100000381469727,12.419885635375977,114000
2019-03-12,17.329999923706055,17.3700008392334,17.299999237060547,17.350000381469727,12.601466178894043,110000
2019-03-13,17.1299991607666,17.229999542236328,17.1299991607666,17.229999542236328,12.514304161071777,116000
2019-03-14,17.299999237060547,17.299999237060547,17.15999984741211,17.200000762939453,12.49251937866211,114000
2019-03-15,17.270000457763672,17.350000381469727,17.270000457763672,17.299999237060547,12.56514835357666,109000
2019-03-18,17.350000381469727,17.350000381469727,17.329999923706055,17.350000381469727,12.601466178894043,104000
2019-03-19,17.34000015258789,17.3799991607666,17.299999237060547,17.31999969482422,12.579673767089844,126000
2019-03-20,17.290000915527344,17.389999389648438,17.270000457763672,17.389999389648438,12.630516052246094,112000
2019-03-21,17.729999542236328,17.889999389648438,17.729999542236328,17.889999389648438,12.993670463562012,309000
2019-03-22,18.299999237060547,18.299999237060547,17.920000076293945,17.950000762939453,13.037249565124512,131000
2019-03-25,17.56999969482422,17.610000610351562,17.5,17.549999237060547,12.746724128723145,134000
2019-03-26,17.56999969482422,17.65999984741211,17.559999465942383,17.65999984741211,12.826618194580078,129000
2019-03-27,17.5,17.68000030517578,17.5,17.68000030517578,12.841145515441895,196000
2019-03-28,17.649999618530273,17.65999984741211,17.6299991607666,17.6299991607666,12.804828643798828,102000
2019-03-29,17.59000015258789,17.68000030517578,17.549999237060547,17.68000030517578,12.841145515441895,111000
2019-04-01,17.959999084472656,18.040000915527344,17.959999084472656,17.979999542236328,13.059039115905762,162000
2019-04-02,18.110000610351562,18.110000610351562,18.030000686645508,18.030000686645508,13.095353126525879,111000
2019-04-03,18.1299991607666,18.170000076293945,18.1299991607666,18.170000076293945,13.19703483581543,138000
2019-04-08,18.270000457763672,18.270000457763672,18.209999084472656,18.270000457763672,13.269668579101562,109000
2019-04-09,18.25,18.299999237060547,18.25,18.299999237060547,13.291457176208496,155000
2019-04-10,18.389999389648438,18.389999389648438,18.270000457763672,18.3700008392334,13.342299461364746,159000
2019-04-11,18.469999313354492,18.469999313354492,18.309999465942383,18.350000381469727,13.327770233154297,170000
2019-04-12,18.350000381469727,18.40999984741211,18.350000381469727,18.3799991607666,13.349559783935547,153000
2019-04-15,18.549999237060547,18.65999984741211,18.549999237060547,18.6299991607666,13.53113842010498,143000
2019-04-16,18.700000762939453,18.739999771118164,18.649999618530273,18.739999771118164,13.61103343963623,135000
2019-04-17,18.790000915527344,18.940000534057617,18.790000915527344,18.889999389648438,13.719977378845215,133000
2019-04-18,18.889999389648438,18.93000030517578,18.649999618530273,18.690000534057617,13.57472038269043,142000
2019-04-19,18.899999618530273,18.899999618530273,18.68000030517578,18.700000762939453,13.581981658935547,121000
2019-04-22,18.739999771118164,18.739999771118164,18.610000610351562,18.649999618530273,13.545665740966797,268000
2019-04-23,18.65999984741211,18.719999313354492,18.65999984741211,18.690000534057617,13.57472038269043,135000
2019-04-24,18.719999313354492,18.719999313354492,18.510000228881836,18.510000228881836,13.443984031677246,157000
2019-04-25,18.56999969482422,18.56999969482422,18.479999542236328,18.549999237060547,13.47303295135498,111000
2019-04-26,18.309999465942383,18.309999465942383,18.260000228881836,18.260000228881836,13.262404441833496,110000
2019-04-29,18.389999389648438,18.420000076293945,18.299999237060547,18.420000076293945,13.378612518310547,63000
2019-04-30,18.3700008392334,18.3700008392334,18.350000381469727,18.350000381469727,13.327770233154297,116000
2019-05-02,18.450000762939453,18.459999084472656,18.43000030517578,18.459999084472656,13.407668113708496,103000
2019-05-03,18.479999542236328,18.600000381469727,18.479999542236328,18.59000015258789,13.502084732055664,107196
2019-05-06,18.170000076293945,18.219999313354492,18.149999618530273,18.219999313354492,13.23335075378418,106000
2019-05-07,18.360000610351562,18.5,18.360000610351562,18.43000030517578,13.385875701904297,109000
2019-05-08,18.299999237060547,18.420000076293945,18.270000457763672,18.360000610351562,13.335037231445312,114000
2019-05-09,18.139999389648438,18.139999389648438,17.850000381469727,17.889999389648438,12.993670463562012,116000
2019-05-10,17.90999984741211,17.969999313354492,17.700000762939453,17.770000457763672,12.906513214111328,153000
2019-05-13,17.600000381469727,17.600000381469727,17.479999542236328,17.479999542236328,12.695881843566895,103000
2019-05-14,17.329999923706055,17.479999542236328,17.329999923706055,17.399999618530273,12.637776374816895,113000
2019-05-15,17.420000076293945,17.5,17.420000076293945,17.43000030517578,12.659568786621094,110000
2019-05-16,17.239999771118164,17.360000610351562,17.149999618530273,17.149999618530273,12.456202507019043,114000
2019-05-17,17.280000686645508,17.280000686645508,17.0,17.0,12.34725570678711,133000
2019-05-20,17.040000915527344,17.06999969482422,16.969999313354492,16.969999313354492,12.32546615600586,126000
2019-05-21,17.030000686645508,17.1299991607666,17.020000457763672,17.059999465942383,12.390832901000977,298000
2019-05-22,16.899999618530273,17.030000686645508,16.899999618530273,17.030000686645508,12.369044303894043,103000
2019-05-23,16.899999618530273,16.899999618530273,16.729999542236328,16.770000457763672,12.180206298828125,109000
2019-05-24,16.84000015258789,16.850000381469727,16.719999313354492,16.760000228881836,12.172940254211426,117000
2019-05-27,16.75,16.75,16.639999389648438,16.649999618530273,12.093046188354492,137000
2019-05-28,16.649999618530273,16.690000534057617,16.610000610351562,16.639999389648438,12.085783958435059,176000
2019-05-29,16.469999313354492,16.489999771118164,16.389999389648438,16.440000534057617,11.940522193908691,114000
2019-05-30,16.709999084472656,16.760000228881836,16.709999084472656,16.729999542236328,12.151150703430176,103000
2019-05-31,16.729999542236328,16.969999313354492,16.729999542236328,16.920000076293945,12.28915023803711,119000
2019-06-03,16.920000076293945,17.079999923706055,16.889999389648438,17.079999923706055,12.40536117553711,124000
2019-06-04,17.049999237060547,17.049999237060547,16.950000762939453,16.950000762939453,12.31093978881836,142000
2019-06-05,17.190000534057617,17.190000534057617,16.940000534057617,16.940000534057617,12.303678512573242,140000
2019-06-06,16.8799991607666,16.8799991607666,16.850000381469727,16.860000610351562,12.245572090148926,139000
2019-06-10,17.079999923706055,17.15999984741211,17.0,17.15999984741211,12.463465690612793,117000
2019-06-11,17.200000762939453,17.360000610351562,17.200000762939453,17.34000015258789,12.594202041625977,107000
2019-06-12,17.350000381469727,17.350000381469727,17.280000686645508,17.350000381469727,12.601466178894043,112000
2019-06-13,17.100000381469727,17.18000030517578,17.100000381469727,17.170000076293945,12.470727920532227,102000
2019-06-14,17.170000076293945,17.170000076293945,17.149999618530273,17.149999618530273,12.456202507019043,103000
2019-06-17,17.059999465942383,17.079999923706055,17.059999465942383,17.079999923706055,12.40536117553711,101000
2019-06-18,17.079999923706055,17.079999923706055,17.079999923706055,17.079999923706055,12.40536117553711,101000
2019-06-19,17.489999771118164,17.530000686645508,17.399999618530273,17.530000686645508,12.732199668884277,146000
2019-06-20,17.540000915527344,17.600000381469727,17.540000915527344,17.600000381469727,12.783040046691895,113000
2019-06-21,17.68000030517578,17.75,17.68000030517578,17.709999084472656,12.862936019897461,263000
2019-06-24,17.760000228881836,17.799999237060547,17.709999084472656,17.780000686645508,12.913774490356445,151000
2019-06-25,17.860000610351562,17.860000610351562,17.639999389648438,17.690000534057617,12.848409652709961,117000
2019-06-26,17.670000076293945,17.670000076293945,17.6200008392334,17.6299991607666,12.804828643798828,111000
2019-06-27,17.81999969482422,17.950000762939453,17.81999969482422,17.93000030517578,13.022724151611328,110000
2019-06-28,17.829999923706055,17.850000381469727,17.829999923706055,17.850000381469727,12.964617729187012,103000
2019-07-01,18.0,18.1200008392334,18.0,18.100000381469727,13.146195411682129,111000
2019-07-02,18.100000381469727,18.100000381469727,18.040000915527344,18.049999237060547,13.109878540039062,108000
2019-07-03,17.920000076293945,17.920000076293945,17.780000686645508,17.780000686645508,12.913774490356445,110000
2019-07-04,17.889999389648438,17.889999389648438,17.850000381469727,17.860000610351562,12.971882820129395,102000
2019-07-05,17.950000762939453,17.950000762939453,17.850000381469727,17.860000610351562,12.971882820129395,107000
2019-07-08,17.670000076293945,17.670000076293945,17.549999237060547,17.649999618530273,12.819356918334961,131050
2019-07-09,17.68000030517578,17.68000030517578,17.649999618530273,17.649999618530273,12.819356918334961,116000
2019-07-10,17.799999237060547,17.8700008392334,17.799999237060547,17.8700008392334,12.979143142700195,130000
2019-07-11,18.010000228881836,18.139999389648438,18.010000228881836,18.139999389648438,13.175244331359863,137000
2019-07-12,18.139999389648438,18.139999389648438,18.06999969482422,18.06999969482422,13.124405860900879,114000
2019-07-15,18.100000381469727,18.18000030517578,17.979999542236328,18.170000076293945,13.19703483581543,127000
2019-07-16,18.18000030517578,18.260000228881836,18.18000030517578,18.260000228881836,13.262404441833496,118000
2019-07-17,17.920000076293945,17.920000076293945,17.8799991607666,17.8799991607666,13.122955322265625,106000
2019-07-18,17.889999389648438,17.889999389648438,17.8700008392334,17.8700008392334,13.115614891052246,101000
2019-07-19,18.18000030517578,18.18000030517578,18.139999389648438,18.149999618530273,13.32111930847168,123000
2019-07-22,18.200000762939453,18.31999969482422,18.200000762939453,18.31999969482422,13.445893287658691,241000
2019-07-23,18.3799991607666,18.43000030517578,18.350000381469727,18.389999389648438,13.49726390838623,114000
2019-07-24,18.34000015258789,18.399999618530273,18.280000686645508,18.280000686645508,13.416533470153809,112000
2019-07-25,18.350000381469727,18.350000381469727,18.290000915527344,18.350000381469727,13.467907905578613,117000
2019-07-26,18.270000457763672,18.270000457763672,18.25,18.25,13.394515991210938,102000
2019-07-29,18.200000762939453,18.200000762939453,18.15999984741211,18.15999984741211,13.328458786010742,101000
2019-07-30,18.229999542236328,18.229999542236328,18.18000030517578,18.200000762939453,13.357815742492676,145000
2019-07-31,18.040000915527344,18.1200008392334,18.0,18.1200008392334,13.299102783203125,133000
2019-08-01,18.06999969482422,18.06999969482422,17.989999771118164,17.989999771118164,13.203688621520996,108000
2019-08-02,17.8799991607666,17.899999618530273,17.790000915527344,17.899999618530273,13.13763427734375,137000
2019-08-05,17.579999923706055,17.579999923706055,17.450000762939453,17.450000762939453,12.807358741760254,107000
2019-08-06,17.170000076293945,17.459999084472656,17.15999984741211,17.389999389648438,12.763321876525879,158000
2019-08-07,17.299999237060547,17.34000015258789,17.280000686645508,17.290000915527344,12.689929008483887,104000
2019-08-08,17.399999618530273,17.459999084472656,17.399999618530273,17.459999084472656,12.814695358276367,106000
2019-08-12,17.510000228881836,17.510000228881836,17.510000228881836,17.510000228881836,12.851395606994629,122100
2019-08-13,17.43000030517578,17.43000030517578,17.299999237060547,17.350000381469727,12.733965873718262,117000
2019-08-14,17.6299991607666,17.729999542236328,17.540000915527344,17.540000915527344,12.87341594696045,149000
2019-08-15,17.34000015258789,17.34000015258789,17.309999465942383,17.309999465942383,12.704607009887695,101000
2019-08-16,17.40999984741211,17.479999542236328,17.40999984741211,17.479999542236328,12.829375267028809,103000
2019-08-19,17.540000915527344,17.639999389648438,17.540000915527344,17.610000610351562,12.924788475036621,109000
2019-08-20,17.690000534057617,17.780000686645508,17.690000534057617,17.770000457763672,13.042221069335938,114000
2019-08-21,17.739999771118164,17.920000076293945,17.739999771118164,17.920000076293945,13.152311325073242,258000
2019-08-22,17.850000381469727,17.850000381469727,17.790000915527344,17.790000915527344,13.056899070739746,106000
2019-08-23,17.75,17.75,17.729999542236328,17.729999542236328,13.01286506652832,101000
2019-08-26,17.440000534057617,17.450000762939453,17.3700008392334,17.3700008392334,12.748642921447754,103000
2019-08-27,17.510000228881836,17.549999237060547,17.510000228881836,17.549999237060547,12.880753517150879,103000
2019-08-28,17.639999389648438,17.670000076293945,17.639999389648438,17.639999389648438,12.946807861328125,113000
2019-08-29,17.59000015258789,17.649999618530273,17.59000015258789,17.649999618530273,12.954147338867188,145000
2019-08-30,17.950000762939453,18.0,17.950000762939453,18.0,13.211030006408691,168000
2019-09-02,18.010000228881836,18.010000228881836,17.969999313354492,17.969999313354492,13.189008712768555,101000
2019-09-03,17.889999389648438,17.889999389648438,17.81999969482422,17.81999969482422,13.078919410705566,103000
2019-09-04,18.020000457763672,18.020000457763672,17.950000762939453,18.020000457763672,13.2257080078125,117000
2019-09-05,18.299999237060547,18.43000030517578,18.299999237060547,18.40999984741211,13.511946678161621,126000
2019-09-06,18.40999984741211,18.549999237060547,18.40999984741211,18.489999771118164,13.570664405822754,107000
2019-09-10,18.670000076293945,18.670000076293945,18.5,18.5,13.578001976013184,106000
2019-09-11,18.600000381469727,18.600000381469727,18.520000457763672,18.520000457763672,13.592681884765625,103000
2019-09-12,18.690000534057617,18.690000534057617,18.65999984741211,18.65999984741211,13.695432662963867,104000
2019-09-16,18.559999465942383,18.56999969482422,18.540000915527344,18.56999969482422,13.629375457763672,102000
2019-09-17,18.639999389648438,18.639999389648438,18.540000915527344,18.540000915527344,13.607362747192383,131000
2019-09-18,18.6299991607666,18.700000762939453,18.6299991607666,18.65999984741211,13.695432662963867,133000
2019-09-19,18.889999389648438,18.889999389648438,18.739999771118164,18.739999771118164,13.754150390625,127000
2019-09-20,18.8799991607666,18.899999618530273,18.8799991607666,18.8799991607666,13.856901168823242,104000
2019-09-23,18.850000381469727,18.8799991607666,18.790000915527344,18.850000381469727,13.834882736206055,233100
2019-09-24,18.809999465942383,18.920000076293945,18.809999465942383,18.920000076293945,13.886260032653809,123000
2019-09-25,18.770000457763672,18.770000457763672,18.770000457763672,18.770000457763672,13.776166915893555,1000
2019-09-26,18.770000457763672,18.770000457763672,18.709999084472656,18.709999084472656,13.73213005065918,101000
2019-09-27,18.649999618530273,18.65999984741211,18.649999618530273,18.65999984741211,13.695432662963867,101000
2019-10-01,18.889999389648438,18.899999618530273,18.8799991607666,18.899999618530273,13.871581077575684,115000
2019-10-02,18.850000381469727,18.850000381469727,18.790000915527344,18.790000915527344,13.790843963623047,101000
2019-10-03,18.530000686645508,18.579999923706055,18.479999542236328,18.479999542236328,13.56332015991211,107000
2019-10-04,18.8700008392334,18.8700008392334,18.790000915527344,18.790000915527344,13.790843963623047,102000
2019-10-07,18.81999969482422,18.81999969482422,18.790000915527344,18.790000915527344,13.790843963623047,101000
2019-10-08,18.93000030517578,18.969999313354492,18.829999923706055,18.969999313354492,13.922955513000488,129000
2019-10-09,19.0,19.0,18.84000015258789,18.84000015258789,13.827544212341309,133000
2019-10-14,19.360000610351562,19.3700008392334,19.290000915527344,19.290000915527344,14.157820701599121,166000
2019-10-15,19.229999542236328,19.290000915527344,19.229999542236328,19.260000228881836,14.13580322265625,102000
2019-10-16,19.31999969482422,19.31999969482422,19.270000457763672,19.270000457763672,14.143139839172363,130000
2019-10-17,19.299999237060547,19.31999969482422,19.290000915527344,19.290000915527344,14.157820701599121,160000
2019-10-18,19.3799991607666,19.3799991607666,19.270000457763672,19.270000457763672,14.143139839172363,141000
2019-10-21,19.239999771118164,19.309999465942383,19.239999771118164,19.299999237060547,14.165159225463867,234000
2019-10-22,19.459999084472656,19.5,19.440000534057617,19.479999542236328,14.29726791381836,173000
2019-10-23,19.420000076293945,19.459999084472656,19.389999389648438,19.389999389648438,14.231215476989746,150000
2019-10-24,19.489999771118164,19.549999237060547,19.489999771118164,19.549999237060547,14.34864330291748,149000
2019-10-25,19.690000534057617,19.700000762939453,19.670000076293945,19.670000076293945,14.436715126037598,139000
2019-10-28,19.709999084472656,19.770000457763672,19.709999084472656,19.719999313354492,14.473414421081543,121000
2019-10-29,19.770000457763672,19.889999389648438,19.729999542236328,19.739999771118164,14.488092422485352,214000
2019-10-30,19.719999313354492,19.719999313354492,19.700000762939453,19.700000762939453,14.45873737335205,101000
2019-10-31,19.850000381469727,19.899999618530273,19.850000381469727,19.850000381469727,14.568828582763672,171000
2019-11-01,19.860000610351562,19.93000030517578,19.809999465942383,19.93000030517578,14.627543449401855,142000
2019-11-04,20.059999465942383,20.360000610351562,20.059999465942383,20.350000381469727,14.93580150604248,2677000
2019-11-05,20.510000228881836,20.510000228881836,20.329999923706055,20.389999389648438,14.965157508850098,128101
2019-11-06,20.5,20.559999465942383,20.420000076293945,20.520000457763672,15.060574531555176,176000
2019-11-07,20.479999542236328,20.520000457763672,20.389999389648438,20.520000457763672,15.060574531555176,245000
2019-11-08,20.520000457763672,20.520000457763672,20.399999618530273,20.450000762939453,15.009194374084473,144000
2019-11-11,20.329999923706055,20.329999923706055,20.190000534057617,20.200000762939453,14.825712203979492,109499
2019-11-12,20.110000610351562,20.209999084472656,20.110000610351562,20.209999084472656,14.833048820495605,113000
2019-11-13,20.270000457763672,20.290000915527344,20.260000228881836,20.260000228881836,14.869747161865234,165000
2019-11-14,20.350000381469727,20.350000381469727,20.270000457763672,20.309999465942383,14.906444549560547,149000
2019-11-15,20.479999542236328,20.6299991607666,20.479999542236328,20.6299991607666,15.141305923461914,124000
2019-11-18,20.690000534057617,20.729999542236328,20.690000534057617,20.700000762939453,15.192684173583984,173000
2019-11-19,20.81999969482422,20.829999923706055,20.799999237060547,20.809999465942383,15.273414611816406,112000
2019-11-20,20.540000915527344,20.540000915527344,20.520000457763672,20.520000457763672,15.060574531555176,135499
2019-11-21,20.25,20.329999923706055,20.200000762939453,20.329999923706055,14.921124458312988,229000
2019-11-22,20.399999618530273,20.399999618530273,20.309999465942383,20.309999465942383,14.906444549560547,126000
2019-11-25,20.56999969482422,20.56999969482422,20.420000076293945,20.420000076293945,14.987177848815918,116000
2019-11-26,20.610000610351562,20.709999084472656,20.56999969482422,20.610000610351562,15.126627922058105,167000
2019-11-27,20.530000686645508,20.540000915527344,20.450000762939453,20.540000915527344,15.075250625610352,118000
2019-11-28,20.450000762939453,20.450000762939453,20.450000762939453,20.450000762939453,15.009194374084473,100000
2019-11-29,20.100000381469727,20.100000381469727,19.989999771118164,20.040000915527344,14.708277702331543,107000
2019-12-02,20.25,20.25,20.149999618530273,20.149999618530273,14.789012908935547,103000
2019-12-03,20.049999237060547,20.15999984741211,20.049999237060547,20.1200008392334,14.766996383666992,110000
2019-12-04,20.0,20.0,19.899999618530273,19.90999984741211,14.612868309020996,109000
2019-12-05,20.139999389648438,20.139999389648438,19.989999771118164,20.020000457763672,14.69360065460205,181000
2019-12-06,20.260000228881836,20.329999923706055,20.229999542236328,20.239999771118164,14.855067253112793,111000
2019-12-09,20.360000610351562,20.469999313354492,20.360000610351562,20.459999084472656,15.016533851623535,102000
2019-12-10,20.440000534057617,20.440000534057617,20.3700008392334,20.43000030517578,14.994519233703613,133000
2019-12-11,20.450000762939453,20.56999969482422,20.450000762939453,20.549999237060547,15.082589149475098,106000
2019-12-12,20.899999618530273,21.049999237060547,20.84000015258789,21.020000457763672,15.427543640136719,131000
2019-12-13,21.170000076293945,21.549999237060547,21.170000076293945,21.43000030517578,15.728464126586914,127000
2019-12-16,21.450000762939453,21.459999084472656,21.31999969482422,21.450000762939453,15.743144989013672,0
2019-12-17,21.5,21.920000076293945,21.5,21.920000076293945,16.08809471130371,151201
2019-12-18,21.780000686645508,21.860000610351562,21.780000686645508,21.850000381469727,16.036720275878906,103196
2019-12-19,21.809999465942383,21.809999465942383,21.809999465942383,21.809999465942383,16.007366180419922,102000
2019-12-20,21.780000686645508,21.780000686645508,21.68000030517578,21.729999542236328,15.948647499084473,82000
2019-12-23,21.610000610351562,21.6299991607666,21.59000015258789,21.59000015258789,15.845891952514648,120000
2019-12-24,21.59000015258789,21.59000015258789,21.549999237060547,21.549999237060547,15.816534996032715,117000
2019-12-25,21.549999237060547,21.549999237060547,21.510000228881836,21.510000228881836,15.787177085876465,119000
2019-12-26,21.68000030517578,21.68000030517578,21.56999969482422,21.65999984741211,15.897273063659668,106000
2019-12-27,21.850000381469727,21.940000534057617,21.850000381469727,21.8799991607666,16.05873680114746,115000
2019-12-30,21.899999618530273,21.899999618530273,21.84000015258789,21.84000015258789,16.029382705688477,104000
2019-12-31,21.790000915527344,21.790000915527344,21.65999984741211,21.65999984741211,15.897273063659668,103000
2020-01-02,21.450000762939453,21.68000030517578,21.450000762939453,21.68000030517578,15.911948204040527,364000
2020-01-03,21.90999984741211,22.0,21.6299991607666,21.670000076293945,15.904610633850098,122575
2020-01-06,21.579999923706055,21.579999923706055,21.450000762939453,21.450000762939453,15.743144989013672,115000
2020-01-07,21.56999969482422,21.649999618530273,21.43000030517578,21.510000228881836,15.787177085876465,106125
2020-01-08,21.43000030517578,21.610000610351562,21.31999969482422,21.56999969482422,15.831212997436523,159000
2020-01-09,21.65999984741211,21.93000030517578,21.65999984741211,21.899999618530273,16.073415756225586,120000
2020-01-10,22.040000915527344,22.079999923706055,21.950000762939453,22.0,16.146814346313477,118000
2020-01-13,22.139999389648438,22.18000030517578,22.079999923706055,22.170000076293945,16.27158546447754,202000
2020-01-14,22.399999618530273,22.540000915527344,22.399999618530273,22.440000534057617,16.469749450683594,126000
2020-01-15,22.299999237060547,22.299999237060547,22.079999923706055,22.079999923706055,16.205528259277344,158000
2020-01-16,21.93000030517578,22.010000228881836,21.93000030517578,22.010000228881836,16.154150009155273,122000
2020-01-17,22.100000381469727,22.309999465942383,22.100000381469727,22.309999465942383,16.37433433532715,280000
2020-01-20,22.469999313354492,22.5,22.450000762939453,22.469999313354492,16.49176597595215,243000
2020-01-30,21.889999389648438,21.889999389648438,20.799999237060547,20.799999237060547,15.528690338134766,162000
2020-01-31,20.81999969482422,20.81999969482422,20.81999969482422,20.81999969482422,15.543621063232422,100000
2020-02-03,20.219999313354492,20.389999389648438,20.100000381469727,20.389999389648438,15.222594261169434,109000
2020-02-04,20.649999618530273,21.030000686645508,20.649999618530273,20.969999313354492,15.655606269836426,131000
2020-02-05,21.020000457763672,21.239999771118164,21.020000457763672,21.139999389648438,15.782525062561035,123000
2020-02-06,21.479999542236328,21.479999542236328,21.350000381469727,21.450000762939453,16.01396369934082,109000
2020-02-07,21.399999618530273,21.399999618530273,21.229999542236328,21.229999542236328,15.849714279174805,332000
2020-02-10,21.100000381469727,21.239999771118164,21.100000381469727,21.239999771118164,15.857181549072266,128000
2020-02-11,21.5,21.5,21.43000030517578,21.43000030517578,15.999031066894531,104000
2020-02-12,21.600000381469727,21.6299991607666,21.520000457763672,21.56999969482422,16.103548049926758,104000
2020-02-13,21.670000076293945,21.8799991607666,21.610000610351562,21.610000610351562,16.133413314819336,378000
2020-02-14,21.850000381469727,21.850000381469727,21.81999969482422,21.81999969482422,16.290191650390625,117000
2020-02-17,21.75,21.75,21.65999984741211,21.739999771118164,16.23046875,153000
2020-02-18,21.59000015258789,21.59000015258789,21.420000076293945,21.420000076293945,15.991562843322754,281000
2020-02-19,21.350000381469727,21.489999771118164,21.350000381469727,21.489999771118164,16.043825149536133,179000
2020-02-20,21.65999984741211,21.65999984741211,21.459999084472656,21.459999084472656,16.021427154541016,197000
2020-02-21,21.389999389648438,21.420000076293945,21.329999923706055,21.360000610351562,15.946768760681152,257000
2020-02-24,21.1299991607666,21.1299991607666,20.829999923706055,20.889999389648438,15.595882415771484,152000
2020-02-25,20.5,20.850000381469727,20.450000762939453,20.770000457763672,15.506291389465332,121000
2020-02-26,20.65999984741211,20.65999984741211,20.600000381469727,20.6200008392334,15.394308090209961,111000
2020-02-27,20.600000381469727,20.600000381469727,20.329999923706055,20.329999923706055,15.177802085876465,363000
2020-03-02,20.25,20.25,19.700000762939453,19.950000762939453,14.89410400390625,156000
2020-03-03,20.309999465942383,20.440000534057617,20.299999237060547,20.34000015258789,15.18526840209961,132000
2020-03-04,20.469999313354492,20.639999389648438,20.399999618530273,20.520000457763672,15.319652557373047,131000
2020-03-05,20.68000030517578,20.780000686645508,20.68000030517578,20.75,15.491360664367676,139000
2020-03-06,20.56999969482422,20.56999969482422,20.329999923706055,20.40999984741211,15.23752498626709,141000
2020-03-09,19.690000534057617,19.690000534057617,19.5,19.5,14.558145523071289,143000
2020-03-10,19.56999969482422,19.6299991607666,19.530000686645508,19.6299991607666,14.65519905090332,131000
2020-03-11,19.600000381469727,19.600000381469727,19.420000076293945,19.420000076293945,14.498421669006348,102000
2020-03-12,19.170000076293945,19.170000076293945,18.3799991607666,18.579999923706055,13.87130069732666,166000
2020-03-13,17.440000534057617,17.989999771118164,17.209999084472656,17.989999771118164,13.43082332611084,41000
2020-03-16,18.149999618530273,18.170000076293945,17.700000762939453,17.700000762939453,13.214319229125977,193000
2020-03-17,16.81999969482422,17.299999237060547,16.81999969482422,17.25,12.8783597946167,170084
2020-03-18,17.059999465942383,17.09000015258789,16.920000076293945,16.920000076293945,12.631990432739258,172000
2020-03-19,16.0,16.0,15.5,15.5,11.57186222076416,30000
2020-03-20,16.0,16.5,16.0,16.5,12.318432807922363,198000
2020-03-23,16.0,16.149999618530273,15.899999618530273,16.0,11.945147514343262,321000
2020-03-24,16.579999923706055,16.850000381469727,16.579999923706055,16.770000457763672,12.520008087158203,142000
2020-03-25,17.450000762939453,17.729999542236328,17.450000762939453,17.559999465942383,13.109796524047852,136000
2020-03-26,17.68000030517578,17.700000762939453,17.579999923706055,17.700000762939453,13.214319229125977,72000
2020-03-27,18.049999237060547,18.049999237060547,17.68000030517578,17.68000030517578,13.199385643005371,119000
2020-03-30,17.31999969482422,17.3700008392334,17.280000686645508,17.34000015258789,12.945552825927734,105000
2020-03-31,17.649999618530273,17.68000030517578,17.6200008392334,17.639999389648438,13.169523239135742,120000
2020-04-01,17.65999984741211,17.65999984741211,17.639999389648438,17.639999389648438,13.169523239135742,101000
2020-04-06,17.700000762939453,17.75,17.59000015258789,17.75,13.2516450881958,150000
2020-04-07,18.049999237060547,18.190000534057617,18.049999237060547,18.1200008392334,13.527878761291504,150000
2020-04-08,18.100000381469727,18.34000015258789,18.100000381469727,18.34000015258789,13.692123413085938,110000
2020-04-09,18.34000015258789,18.34000015258789,18.190000534057617,18.219999313354492,13.602534294128418,250050
2020-04-10,18.200000762939453,18.200000762939453,18.190000534057617,18.200000762939453,13.587601661682129,105000
2020-04-13,18.040000915527344,18.040000915527344,18.020000457763672,18.020000457763672,13.453221321105957,102000
2020-04-14,18.1200008392334,18.3700008392334,18.1200008392334,18.3700008392334,13.714520454406738,122000
2020-04-15,18.450000762939453,18.469999313354492,18.450000762939453,18.459999084472656,13.781713485717773,104000
2020-04-16,18.31999969482422,18.3799991607666,18.31999969482422,18.3799991607666,13.721983909606934,108000
2020-04-17,18.799999237060547,19.15999984741211,18.799999237060547,19.049999237060547,14.22219181060791,206000
2020-04-20,19.1200008392334,19.1200008392334,19.010000228881836,19.010000228881836,14.192326545715332,186000
2020-04-21,18.75,18.790000915527344,18.420000076293945,18.530000686645508,13.833972930908203,353000
2020-04-22,18.450000762939453,18.510000228881836,18.31999969482422,18.510000228881836,13.819042205810547,209000
2020-04-23,18.81999969482422,18.81999969482422,18.6200008392334,18.790000915527344,14.02807903289795,233000
2020-04-24,18.649999618530273,18.700000762939453,18.600000381469727,18.600000381469727,13.88623046875,245000
2020-04-27,18.600000381469727,18.950000762939453,18.600000381469727,18.950000762939453,14.147534370422363,229000
2020-04-28,18.93000030517578,18.959999084472656,18.8700008392334,18.959999084472656,14.154998779296875,295000
2020-04-29,19.049999237060547,19.200000762939453,19.049999237060547,19.1200008392334,14.274447441101074,192000
2020-04-30,19.299999237060547,19.40999984741211,19.290000915527344,19.40999984741211,14.490955352783203,228000
2020-05-04,18.850000381469727,18.850000381469727,18.68000030517578,18.719999313354492,13.975820541381836,113000
2020-05-05,18.81999969482422,18.899999618530273,18.81999969482422,18.8700008392334,14.087808609008789,155000
2020-05-06,18.889999389648438,18.979999542236328,18.850000381469727,18.979999542236328,14.169927597045898,200000
2020-05-07,19.1299991607666,19.219999313354492,19.110000610351562,19.170000076293945,14.311777114868164,164000
2020-05-08,19.329999923706055,19.420000076293945,19.299999237060547,19.360000610351562,14.453627586364746,240000
2020-05-11,19.469999313354492,19.549999237060547,19.450000762939453,19.450000762939453,14.520817756652832,341000
2020-05-12,19.450000762939453,19.450000762939453,19.190000534057617,19.25,14.371504783630371,222000
2020-05-13,19.270000457763672,19.329999923706055,19.260000228881836,19.329999923706055,14.431230545043945,142000
2020-05-14,19.270000457763672,19.290000915527344,19.209999084472656,19.239999771118164,14.364035606384277,146000
2020-05-15,19.229999542236328,19.229999542236328,19.079999923706055,19.219999313354492,14.349106788635254,234000
2020-05-18,19.1299991607666,19.200000762939453,19.1299991607666,19.18000030517578,14.319243431091309,121000
2020-05-19,19.420000076293945,19.420000076293945,19.34000015258789,19.3799991607666,14.468559265136719,222000
2020-05-20,19.469999313354492,19.520000457763672,19.420000076293945,19.459999084472656,14.52828311920166,181000
2020-05-21,19.559999465942383,19.6200008392334,19.549999237060547,19.610000610351562,14.64027214050293,339000
2020-05-22,19.469999313354492,19.469999313354492,19.260000228881836,19.260000228881836,14.378972053527832,279010
2020-05-25,19.280000686645508,19.399999618530273,19.280000686645508,19.399999618530273,14.483489036560059,128000
2020-05-26,19.549999237060547,19.760000228881836,19.549999237060547,19.65999984741211,14.677597999572754,203000
2020-05-27,19.719999313354492,19.75,19.579999923706055,19.639999389648438,14.66266918182373,198000
2020-05-28,19.790000915527344,19.799999237060547,19.549999237060547,19.639999389648438,14.66266918182373,313000
2020-05-29,19.6200008392334,19.690000534057617,19.559999465942383,19.690000534057617,14.699997901916504,232000
2020-06-01,19.829999923706055,19.979999542236328,19.829999923706055,19.959999084472656,14.901569366455078,139000
2020-06-02,20.100000381469727,20.139999389648438,20.059999465942383,20.06999969482422,14.983692169189453,121000
2020-06-03,20.399999618530273,20.549999237060547,20.399999618530273,20.510000228881836,15.312186241149902,280000
2020-06-04,20.760000228881836,20.780000686645508,20.559999465942383,20.6299991607666,15.401772499084473,301000
2020-06-05,20.729999542236328,20.90999984741211,20.719999313354492,20.899999618530273,15.603344917297363,200000
2020-06-08,21.139999389648438,21.139999389648438,21.040000915527344,21.100000381469727,15.752664566040039,320000
2020-06-09,21.100000381469727,21.149999618530273,21.040000915527344,21.040000915527344,15.707867622375488,199000
2020-06-10,21.149999618530273,21.389999389648438,21.149999618530273,21.299999237060547,15.9019775390625,321510
2020-06-11,21.299999237060547,21.350000381469727,20.940000534057617,20.940000534057617,15.633209228515625,223000
2020-06-12,20.649999618530273,20.709999084472656,20.579999923706055,20.709999084472656,15.461501121520996,248000
2020-06-15,20.719999313354492,20.719999313354492,20.270000457763672,20.270000457763672,15.13300609588623,336010
2020-06-16,20.5,20.729999542236328,20.5,20.6299991607666,15.401772499084473,544000
2020-06-17,20.760000228881836,20.770000457763672,20.600000381469727,20.729999542236328,15.476428031921387,264000
2020-06-18,20.700000762939453,20.770000457763672,20.6200008392334,20.739999771118164,15.483896255493164,125000
2020-06-19,20.739999771118164,20.860000610351562,20.739999771118164,20.860000610351562,15.573484420776367,107024
2020-06-22,20.8799991607666,21.079999923706055,20.8799991607666,21.0,15.678004264831543,827000
2020-06-23,21.309999465942383,21.309999465942383,21.010000228881836,21.149999618530273,15.78999137878418,305000
2020-06-24,21.290000915527344,21.450000762939453,21.290000915527344,21.43000030517578,15.999031066894531,150000
2020-06-29,21.25,21.290000915527344,21.1200008392334,21.1200008392334,15.767592430114746,100000
2020-06-30,21.239999771118164,21.43000030517578,21.219999313354492,21.399999618530273,15.976630210876465,154000
2020-07-01,21.43000030517578,21.520000457763672,21.329999923706055,21.329999923706055,15.924370765686035,288000
2020-07-02,21.420000076293945,21.549999237060547,21.420000076293945,21.549999237060547,16.0886173248291,160000
2020-07-03,21.75,21.850000381469727,21.75,21.809999465942383,16.282730102539062,180000
2020-07-06,22.25,22.350000381469727,22.25,22.350000381469727,16.685874938964844,144000
2020-07-07,22.579999923706055,22.579999923706055,22.329999923706055,22.40999984741211,16.730669021606445,228000
2020-07-08,22.3700008392334,22.510000228881836,22.3700008392334,22.489999771118164,16.790393829345703,262000
2020-07-09,22.65999984741211,22.65999984741211,22.549999237060547,22.579999923706055,16.857589721679688,182008
2020-07-10,22.510000228881836,22.510000228881836,22.360000610351562,22.3700008392334,16.700809478759766,316000
2020-07-13,22.639999389648438,22.780000686645508,22.610000610351562,22.780000686645508,17.006898880004883,143000
2020-07-14,22.780000686645508,22.780000686645508,22.510000228881836,22.670000076293945,16.924781799316406,192000
2020-07-15,22.670000076293945,23.010000228881836,22.670000076293945,22.760000228881836,16.991973876953125,403000
2020-07-16,22.700000762939453,22.719999313354492,22.5,22.5,16.797861099243164,86000
2020-07-17,22.610000610351562,22.729999542236328,22.610000610351562,22.6299991607666,16.894914627075195,124424
2020-07-20,22.799999237060547,22.799999237060547,22.459999084472656,22.530000686645508,16.82025909423828,110000
2020-07-21,22.649999618530273,23.110000610351562,22.649999618530273,23.020000457763672,17.186080932617188,165000
2020-07-22,23.030000686645508,23.229999542236328,23.030000686645508,23.139999389648438,17.275667190551758,118000
2020-07-23,23.040000915527344,23.110000610351562,23.040000915527344,23.110000610351562,17.25326919555664,102000
2020-07-24,23.200000762939453,23.34000015258789,23.0,23.079999923706055,17.230871200561523,125000
2020-07-27,23.200000762939453,23.940000534057617,23.170000076293945,23.899999618530273,17.843063354492188,197000
2020-07-28,24.25,24.940000534057617,23.959999084472656,23.959999084472656,17.887855529785156,161204
2020-07-29,24.0,24.1200008392334,23.899999618530273,24.1200008392334,18.007307052612305,149423
2020-07-30,24.299999237060547,24.299999237060547,24.25,24.290000915527344,18.134227752685547,135000
2020-07-31,24.290000915527344,24.399999618530273,24.290000915527344,24.399999618530273,18.21634864807129,180054
2020-08-03,24.399999618530273,24.399999618530273,24.170000076293945,24.170000076293945,18.044635772705078,165392
2020-08-04,24.40999984741211,24.489999771118164,24.40999984741211,24.450000762939453,18.253679275512695,144000
2020-08-05,24.600000381469727,24.729999542236328,24.579999923706055,24.729999542236328,18.46271514892578,149000
2020-08-06,25.149999618530273,25.149999618530273,24.93000030517578,25.030000686645508,18.686689376831055,232000
2020-08-07,24.950000762939453,24.950000762939453,24.729999542236328,24.799999237060547,18.514976501464844,157080
2020-08-10,24.829999923706055,24.959999084472656,24.829999923706055,24.93000030517578,18.612031936645508,118104
2020-08-11,24.809999465942383,24.969999313354492,24.809999465942383,24.940000534057617,18.619495391845703,257000
2020-08-12,24.75,24.75,24.540000915527344,24.559999465942383,18.335798263549805,132000
2020-08-13,24.760000228881836,24.8700008392334,24.729999542236328,24.729999542236328,18.46271514892578,108000
2020-08-14,24.579999923706055,24.700000762939453,24.579999923706055,24.700000762939453,18.440317153930664,173000
2020-08-17,24.729999542236328,24.920000076293945,24.729999542236328,24.899999618530273,18.58963394165039,229000
2020-08-18,24.81999969482422,24.81999969482422,24.729999542236328,24.760000228881836,18.485111236572266,232279
2020-08-19,24.649999618530273,24.81999969482422,24.5,24.540000915527344,18.320871353149414,172100
2020-08-20,24.5,24.5,23.329999923706055,23.469999313354492,17.522035598754883,344000
2020-08-21,23.8799991607666,24.1200008392334,23.799999237060547,24.079999923706055,17.977449417114258,191239
2020-08-24,24.06999969482422,24.299999237060547,24.06999969482422,24.139999389648438,18.022239685058594,108000
2020-08-25,24.31999969482422,24.440000534057617,24.31999969482422,24.440000534057617,18.2462100982666,139040
2020-08-26,24.329999923706055,24.469999313354492,24.299999237060547,24.459999084472656,18.261140823364258,163550
2020-08-27,24.68000030517578,24.799999237060547,24.579999923706055,24.600000381469727,18.36566162109375,152063
2020-08-28,24.600000381469727,24.639999389648438,24.360000610351562,24.440000534057617,18.2462100982666,210000
2020-08-31,24.75,24.75,24.149999618530273,24.200000762939453,18.067035675048828,130610
2020-09-01,24.079999923706055,24.229999542236328,23.969999313354492,24.190000534057617,18.059568405151367,203040
2020-09-02,24.350000381469727,24.399999618530273,24.1200008392334,24.18000030517578,18.052101135253906,146000
2020-09-03,24.559999465942383,24.65999984741211,24.469999313354492,24.520000457763672,18.30593490600586,187000
2020-09-04,24.25,24.299999237060547,24.170000076293945,24.260000228881836,18.11182975769043,146003
2020-09-07,24.299999237060547,24.34000015258789,24.219999313354492,24.219999313354492,18.08196449279785,109000
2020-09-08,24.420000076293945,24.479999542236328,24.399999618530273,24.399999618530273,18.21634864807129,142015
2020-09-09,24.18000030517578,24.299999237060547,24.059999465942383,24.299999237060547,18.141687393188477,111000
2020-09-10,24.399999618530273,24.530000686645508,24.399999618530273,24.5,18.29100799560547,125000
2020-09-11,24.309999465942383,24.40999984741211,24.309999465942383,24.360000610351562,18.18648338317871,147000
2020-09-14,24.639999389648438,24.780000686645508,24.639999389648438,24.780000686645508,18.500045776367188,111000
2020-09-15,24.809999465942383,25.100000381469727,24.809999465942383,25.079999923706055,18.724016189575195,118000
2020-09-16,25.149999618530273,25.309999465942383,25.149999618530273,25.209999084472656,18.82107162475586,174000
2020-09-17,25.079999923706055,25.139999389648438,24.920000076293945,24.920000076293945,18.604562759399414,168211
2020-09-18,24.940000534057617,25.110000610351562,24.940000534057617,25.06999969482422,18.716550827026367,134000
2020-09-21,25.1299991607666,25.18000030517578,24.989999771118164,25.0,18.664291381835938,217000
2020-09-22,24.68000030517578,24.700000762939453,24.579999923706055,24.579999923706055,18.35072898864746,109000
2020-09-23,24.510000228881836,24.559999465942383,24.450000762939453,24.559999465942383,18.335798263549805,124000
2020-09-24,24.399999618530273,24.399999618530273,24.100000381469727,24.100000381469727,17.992374420166016,106251
2020-09-25,24.25,24.25,23.959999084472656,24.030000686645508,17.94011688232422,115000
2020-09-28,24.1299991607666,24.40999984741211,24.1299991607666,24.40999984741211,18.223812103271484,139000
2020-09-29,24.700000762939453,24.700000762939453,24.40999984741211,24.520000457763672,18.30593490600586,106979
2020-09-30,24.469999313354492,24.540000915527344,24.469999313354492,24.540000915527344,18.320871353149414,103000
2020-10-05,24.6299991607666,24.6299991607666,24.56999969482422,24.56999969482422,18.343263626098633,101000
2020-10-06,24.75,24.81999969482422,24.690000534057617,24.770000457763672,18.492578506469727,216000
2020-10-07,24.760000228881836,25.059999465942383,24.760000228881836,25.059999465942383,18.70908546447754,170794
2020-10-08,25.149999618530273,25.270000457763672,25.1200008392334,25.260000228881836,18.8583984375,147000
2020-10-12,25.350000381469727,25.579999923706055,25.329999923706055,25.459999084472656,19.00771713256836,115628
2020-10-13,25.469999313354492,25.530000686645508,25.360000610351562,25.530000686645508,19.05997085571289,138000
2020-10-14,25.489999771118164,25.540000915527344,25.489999771118164,25.510000228881836,19.045042037963867,108000
2020-10-15,25.40999984741211,25.469999313354492,25.290000915527344,25.3700008392334,18.94052505493164,115000
2020-10-16,25.25,25.3700008392334,25.059999465942383,25.059999465942383,18.70908546447754,110000
2020-10-19,25.200000762939453,25.43000030517578,25.200000762939453,25.389999389648438,18.95545196533203,105628
2020-10-20,25.360000610351562,25.360000610351562,25.31999969482422,25.34000015258789,18.918121337890625,102000
2020-10-21,25.600000381469727,25.6299991607666,25.549999237060547,25.559999465942383,19.082368850708008,276400
2020-10-22,25.389999389648438,25.420000076293945,25.299999237060547,25.40999984741211,18.97038459777832,111000
2020-10-23,25.40999984741211,25.43000030517578,25.299999237060547,25.3700008392334,18.94052505493164,109000
2020-10-26,25.440000534057617,25.440000534057617,25.239999771118164,25.3700008392334,18.94052505493164,131000
2020-10-27,25.239999771118164,25.280000686645508,25.239999771118164,25.260000228881836,18.8583984375,149747
2020-10-28,25.149999618530273,25.239999771118164,25.09000015258789,25.1299991607666,18.761343002319336,110000
2020-10-29,25.0,25.020000457763672,24.8700008392334,24.959999084472656,18.63442611694336,162561
2020-10-30,24.860000610351562,24.860000610351562,24.860000610351562,24.860000610351562,18.559772491455078,101208
2020-11-02,24.59000015258789,24.59000015258789,24.40999984741211,24.520000457763672,18.30593490600586,112000
2020-11-03,24.850000381469727,24.899999618530273,24.770000457763672,24.8799991607666,18.574703216552734,116000
2020-11-04,24.90999984741211,25.200000762939453,24.850000381469727,25.200000762939453,18.81360626220703,159000
2020-11-05,25.469999313354492,25.510000228881836,25.389999389648438,25.469999313354492,19.015178680419922,112000
2020-11-06,25.739999771118164,25.739999771118164,25.690000534057617,25.690000534057617,19.179424285888672,103000
2020-11-09,26.0,26.200000762939453,26.0,26.149999618530273,19.522850036621094,164843
2020-11-10,25.8799991607666,25.8799991607666,25.68000030517578,25.68000030517578,19.171958923339844,103000
2020-11-11,25.770000457763672,25.989999771118164,25.770000457763672,25.989999771118164,19.40339469909668,119000
2020-11-12,26.0,26.059999465942383,25.950000762939453,25.950000762939453,19.37353515625,104050
2020-11-13,26.049999237060547,26.049999237060547,25.950000762939453,26.020000457763672,19.42579460144043,118000
2020-11-16,26.700000762939453,26.899999618530273,26.700000762939453,26.899999618530273,20.08277702331543,181000
2020-11-17,27.329999923706055,27.329999923706055,27.170000076293945,27.190000534057617,20.299280166625977,103627
2020-11-18,27.149999618530273,27.3700008392334,27.1200008392334,27.3700008392334,20.433666229248047,153482
2020-11-19,27.3700008392334,27.3700008392334,27.049999237060547,27.049999237060547,20.194761276245117,131000
2020-11-20,27.200000762939453,27.25,27.200000762939453,27.25,20.344079971313477,117000
2020-11-23,27.270000457763672,27.790000915527344,27.270000457763672,27.729999542236328,20.702428817749023,194000
2020-11-24,28.020000457763672,28.020000457763672,27.84000015258789,27.84000015258789,20.784555435180664,155000
2020-11-25,27.8799991607666,27.8799991607666,27.6200008392334,27.700000762939453,20.680034637451172,190000
2020-11-26,27.68000030517578,27.829999923706055,27.68000030517578,27.790000915527344,20.74722671508789,153000
2020-11-27,27.93000030517578,27.93000030517578,27.84000015258789,27.93000030517578,20.851743698120117,108036
2020-11-30,27.940000534057617,27.989999771118164,27.610000610351562,27.610000610351562,20.61284637451172,263000
2020-12-01,27.780000686645508,27.979999542236328,27.760000228881836,27.979999542236328,20.88907241821289,120000
2020-12-02,28.010000228881836,28.510000228881836,28.010000228881836,28.479999542236328,21.262359619140625,146001
2020-12-03,28.5,28.68000030517578,28.350000381469727,28.510000228881836,21.284757614135742,211000
2020-12-04,29.110000610351562,29.31999969482422,29.0,29.31999969482422,21.889480590820312,243000
2020-12-07,29.549999237060547,29.6200008392334,29.290000915527344,29.6200008392334,22.11345100402832,268500
2020-12-08,29.639999389648438,29.809999465942383,29.479999542236328,29.809999465942383,22.255300521850586,206183
2020-12-09,29.950000762939453,30.049999237060547,29.75,30.0,22.397151947021484,180205
2020-12-10,29.989999771118164,29.989999771118164,29.610000610351562,29.75,22.21050453186035,161000
2020-12-11,29.729999542236328,29.729999542236328,29.389999389648438,29.559999465942383,22.068655014038086,144000
2020-12-14,29.510000228881836,29.68000030517578,29.459999084472656,29.5,22.02386474609375,151000
2020-12-15,29.479999542236328,29.479999542236328,29.100000381469727,29.100000381469727,21.72523307800293,156000
2020-12-16,29.399999618530273,29.469999313354492,29.399999618530273,29.469999313354492,22.00146484375,116000
2020-12-17,29.510000228881836,29.510000228881836,29.299999237060547,29.469999313354492,22.00146484375,229066
2020-12-18,29.469999313354492,29.469999313354492,29.31999969482422,29.329999923706055,21.896942138671875,159050
2020-12-21,29.290000915527344,29.40999984741211,29.09000015258789,29.40999984741211,21.9566707611084,179000
2020-12-22,29.309999465942383,29.43000030517578,29.149999618530273,29.149999618530273,21.762563705444336,135016
2020-12-23,29.010000228881836,29.25,29.010000228881836,29.25,21.837221145629883,147000
2020-12-24,29.56999969482422,29.709999084472656,29.459999084472656,29.709999084472656,22.18064308166504,177000
2020-12-25,30.0,30.0,29.81999969482422,29.81999969482422,22.262765884399414,52000
2020-12-28,30.0,30.229999542236328,30.0,30.18000030517578,22.531532287597656,132000
2020-12-29,30.31999969482422,30.31999969482422,30.200000762939453,30.260000228881836,22.59125518798828,157390
2020-12-30,30.350000381469727,30.799999237060547,30.31999969482422,30.799999237060547,22.99440574645996,136350
2020-12-31,31.0,31.0,30.81999969482422,30.899999618530273,23.069059371948242,254000
2021-01-04,31.0,31.829999923706055,31.0,31.75,23.703649520874023,166040
2021-01-05,31.75,31.799999237060547,31.56999969482422,31.719999313354492,23.681251525878906,222000
2021-01-06,32.290000915527344,32.38999938964844,31.90999984741211,32.150001525878906,24.002277374267578,175342
2021-01-07,32.43000030517578,32.880001068115234,32.43000030517578,32.880001068115234,24.547279357910156,175469
2021-01-08,33.29999923706055,33.560001373291016,33.04999923706055,33.5099983215332,25.017614364624023,273000
2021-01-11,33.619998931884766,34.40999984741211,33.61000061035156,33.939998626708984,25.338642120361328,581000
2021-01-12,33.95000076293945,33.95000076293945,33.43000030517578,33.4900016784668,25.002687454223633,261500
2021-01-13,33.58000183105469,34.38999938964844,33.58000183105469,34.36000061035156,25.652202606201172,156250
2021-01-14,34.470001220703125,34.470001220703125,34.22999954223633,34.2599983215332,25.577543258666992,127000
2021-01-15,34.5099983215332,34.81999969482422,34.099998474121094,34.099998474121094,25.458091735839844,247000
2021-01-18,34.09000015258789,34.09000015258789,33.54999923706055,33.77000045776367,25.211727142333984,292000
2021-01-19,32.81999969482422,33.599998474121094,32.81999969482422,33.54999923706055,25.83547019958496,214484
2021-01-20,33.630001068115234,33.630001068115234,33.20000076293945,33.369998931884766,25.696863174438477,415000
2021-01-21,33.459999084472656,34.25,33.459999084472656,34.119998931884766,26.274404525756836,302180
2021-01-22,34.220001220703125,34.459999084472656,34.0,34.2400016784668,26.366809844970703,330000
2021-01-25,34.150001525878906,34.400001525878906,33.91999816894531,34.29999923706055,26.413015365600586,147000
2021-01-26,34.43000030517578,34.43000030517578,33.52000045776367,33.56999969482422,25.850872039794922,99000
2021-01-27,33.56999969482422,33.97999954223633,33.5,33.68000030517578,25.935577392578125,163300
2021-01-28,33.290000915527344,33.290000915527344,32.68000030517578,32.880001068115234,25.319536209106445,166336
2021-01-29,32.880001068115234,33.0,32.13999938964844,32.13999938964844,24.74968910217285,142100
2021-02-01,32.13999938964844,32.7599983215332,32.119998931884766,32.75,25.219425201416016,136000
2021-02-02,33.13999938964844,33.86000061035156,33.13999938964844,33.54999923706055,25.83547019958496,151000
2021-02-03,33.93000030517578,33.93000030517578,33.59000015258789,33.68000030517578,25.935577392578125,94000
2021-02-04,33.68000030517578,33.68000030517578,33.119998931884766,33.18000030517578,25.550552368164062,122000
2021-02-05,33.38999938964844,33.52000045776367,33.349998474121094,33.43000030517578,25.743066787719727,138000
2021-02-17,34.290000915527344,34.75,33.560001373291016,34.65999984741211,26.69023895263672,231085
2021-02-18,34.7599983215332,34.849998474121094,34.540000915527344,34.720001220703125,26.73644256591797,154477
2021-02-19,34.720001220703125,34.720001220703125,34.20000076293945,34.5,26.567026138305664,133000
2021-02-22,34.86000061035156,35.130001068115234,34.560001373291016,34.56999969482422,26.62093162536621,192050
2021-02-23,34.560001373291016,34.560001373291016,33.79999923706055,34.459999084472656,26.536222457885742,275108
2021-02-24,34.290000915527344,34.52000045776367,33.86000061035156,33.900001525878906,26.10499382019043,216000
2021-02-25,34.22999954223633,34.54999923706055,34.08000183105469,34.54999923706055,26.60552978515625,60000
2021-02-26,34.20000076293945,34.20000076293945,33.470001220703125,33.599998474121094,25.873973846435547,158000
2021-03-02,34.099998474121094,34.16999816894531,33.459999084472656,33.459999084472656,25.76616668701172,240060
2021-03-03,33.560001373291016,34.08000183105469,33.43000030517578,34.08000183105469,26.24360466003418,119000
2021-03-04,33.54999923706055,33.68000030517578,33.099998474121094,33.43000030517578,25.743066787719727,138000
2021-03-05,32.5099983215332,32.9900016784668,32.459999084472656,32.900001525878906,25.334936141967773,184000
2021-03-08,32.900001525878906,33.220001220703125,32.619998931884766,32.7400016784668,25.211721420288086,90000
2021-03-09,32.47999954223633,32.4900016784668,32.11000061035156,32.4900016784668,25.019210815429688,196537
2021-03-10,32.70000076293945,32.70000076293945,32.52000045776367,32.52000045776367,25.042314529418945,101177
2021-03-11,32.849998474121094,33.27000045776367,32.849998474121094,33.27000045776367,25.619853973388672,123000
2021-03-12,33.689998626708984,33.689998626708984,33.5099983215332,33.63999938964844,25.90477752685547,101000
2021-03-15,33.65999984741211,33.65999984741211,33.52000045776367,33.61000061035156,25.881675720214844,125129
2021-03-16,33.619998931884766,33.790000915527344,33.54999923706055,33.790000915527344,26.020288467407227,104000
2021-03-17,33.84000015258789,33.84000015258789,33.52000045776367,33.52000045776367,25.812374114990234,104710
2021-03-18,34.0,34.2599983215332,34.0,34.130001068115234,26.282108306884766,135000
2021-03-19,33.810001373291016,33.810001373291016,33.47999954223633,33.61000061035156,25.881675720214844,116190
2021-03-22,33.58000183105469,33.790000915527344,33.4900016784668,33.7599983215332,25.99718475341797,189150
2021-03-23,33.900001525878906,33.970001220703125,33.56999969482422,33.56999969482422,25.850872039794922,138170
2021-03-24,33.540000915527344,33.540000915527344,33.20000076293945,33.20000076293945,25.565956115722656,113000
2021-03-25,33.15999984741211,33.5,33.029998779296875,33.25,25.60445213317871,189000
2021-03-26,33.439998626708984,33.75,33.439998626708984,33.720001220703125,25.96638298034668,116000
2021-03-29,33.84000015258789,34.0,33.77000045776367,33.77000045776367,26.0048885345459,115399
2021-03-30,33.79999923706055,34.189998626708984,33.79999923706055,34.099998474121094,26.259004592895508,105000
2021-03-31,34.13999938964844,34.13999938964844,33.880001068115234,33.900001525878906,26.10499382019043,137008
2021-04-01,34.22999954223633,34.22999954223633,34.040000915527344,34.13999938964844,26.289804458618164,117146
2021-04-07,35.0,35.11000061035156,34.90999984741211,34.97999954223633,26.936656951904297,112000
2021-04-08,34.97999954223633,35.189998626708984,34.97999954223633,35.11000061035156,27.03676414489746,114000
2021-04-09,35.11000061035156,35.25,35.0,35.04999923706055,26.990558624267578,107200
2021-04-12,34.970001220703125,34.970001220703125,34.72999954223633,34.7599983215332,26.767240524291992,105000
2021-04-13,34.779998779296875,35.04999923706055,34.779998779296875,34.779998779296875,26.782644271850586,109514
2021-04-14,34.90999984741211,35.0,34.54999923706055,34.97999954223633,26.936656951904297,91000
2021-04-15,34.959999084472656,35.130001068115234,34.90999984741211,35.130001068115234,27.052167892456055,120000
2021-04-16,35.20000076293945,35.20000076293945,35.099998474121094,35.16999816894531,27.082965850830078,240000
2021-04-19,35.16999816894531,35.16999816894531,34.95000076293945,35.099998474121094,27.029064178466797,95131
2021-04-20,34.97999954223633,35.18000030517578,34.88999938964844,35.13999938964844,27.059865951538086,93000
2021-04-21,34.95000076293945,34.95000076293945,34.75,34.83000183105469,26.821151733398438,134110
2021-04-22,34.83000183105469,34.849998474121094,34.599998474121094,34.599998474121094,26.64402961730957,86177
2021-04-23,34.75,34.869998931884766,34.630001068115234,34.869998931884766,26.851951599121094,102150
2021-04-26,35.119998931884766,35.189998626708984,34.900001525878906,35.189998626708984,27.098369598388672,98000
2021-04-27,35.40999984741211,35.40999984741211,35.099998474121094,35.099998474121094,27.029064178466797,143000
2021-04-28,34.97999954223633,35.13999938964844,34.97999954223633,35.04999923706055,26.990558624267578,101100
2021-04-29,35.150001525878906,35.27000045776367,35.150001525878906,35.209999084472656,27.11376953125,118000
2021-05-03,35.18000030517578,35.18000030517578,34.20000076293945,34.22999954223633,26.359111785888672,136226
2021-05-04,33.9900016784668,34.130001068115234,33.459999084472656,33.959999084472656,26.151195526123047,100000
2021-05-05,34.0,34.119998931884766,33.66999816894531,33.66999816894531,25.927875518798828,127000
2021-05-06,33.7599983215332,33.97999954223633,33.52000045776367,33.810001373291016,26.035688400268555,98000
2021-05-07,34.0,34.22999954223633,34.0,34.209999084472656,26.343711853027344,105145
2021-05-10,34.34000015258789,34.34000015258789,33.84000015258789,33.84000015258789,26.058786392211914,111004
2021-05-11,33.040000915527344,33.060001373291016,32.54999923706055,32.54999923706055,25.065410614013672,271000
2021-05-12,32.540000915527344,32.540000915527344,30.899999618530273,31.850000381469727,24.526371002197266,193019
2021-05-13,31.309999465942383,31.760000228881836,31.309999465942383,31.600000381469727,24.333860397338867,97483
2021-05-14,31.639999389648438,32.04999923706055,31.639999389648438,31.690000534057617,24.403160095214844,96000
2021-05-17,31.6299991607666,31.760000228881836,31.1200008392334,31.43000030517578,24.20294761657715,187085
2021-05-18,31.799999237060547,32.41999816894531,31.799999237060547,32.40999984741211,24.95760726928711,140020
2021-05-19,32.27000045776367,32.41999816894531,32.20000076293945,32.20000076293945,24.795894622802734,104015
2021-05-20,32.34000015258789,32.34000015258789,32.099998474121094,32.13999938964844,24.74968910217285,113015
2021-05-21,32.619998931884766,32.79999923706055,32.380001068115234,32.439998626708984,24.98070526123047,125015
2021-05-24,32.45000076293945,32.54999923706055,32.310001373291016,32.38999938964844,24.942203521728516,142000
2021-05-25,32.709999084472656,33.130001068115234,32.709999084472656,32.91999816894531,25.3503360748291,99000
2021-05-26,33.290000915527344,33.290000915527344,33.029998779296875,33.11000061035156,25.49664878845215,20043
2021-05-27,32.61000061035156,32.880001068115234,32.61000061035156,32.79999923706055,25.2579288482666,75000
2021-05-28,32.970001220703125,33.439998626708984,32.970001220703125,33.400001525878906,25.7199649810791,61000
2021-05-31,33.400001525878906,33.599998474121094,33.400001525878906,33.56999969482422,25.850872039794922,98000
2021-06-01,33.810001373291016,33.88999938964844,33.709999084472656,33.81999969482422,26.043386459350586,106013
2021-06-02,33.93000030517578,33.93000030517578,33.599998474121094,33.619998931884766,25.889375686645508,110000
2021-06-03,33.90999984741211,33.97999954223633,33.81999969482422,33.91999816894531,26.120391845703125,110000
2021-06-04,33.529998779296875,33.66999816894531,33.470001220703125,33.66999816894531,25.927875518798828,101000
2021-06-07,33.77000045776367,33.84000015258789,33.650001525878906,33.84000015258789,26.058786392211914,108000
2021-06-08,33.84000015258789,33.84000015258789,33.68000030517578,33.68000030517578,25.935577392578125,104000
2021-06-09,33.66999816894531,33.66999816894531,33.43000030517578,33.43000030517578,25.743066787719727,43016
2021-06-10,33.52000045776367,33.83000183105469,33.4900016784668,33.72999954223633,25.974082946777344,110000
2021-06-11,33.84000015258789,33.95000076293945,33.79999923706055,33.95000076293945,26.14349365234375,143000
2021-06-15,34.11000061035156,34.310001373291016,33.97999954223633,34.0099983215332,26.189699172973633,110203
2021-06-16,34.25,34.25,34.119998931884766,34.16999816894531,26.312910079956055,101000
2021-06-17,33.88999938964844,34.0,33.849998474121094,34.0,26.181997299194336,103000
2021-06-18,34.119998931884766,34.119998931884766,34.0,34.0,26.181997299194336,137000
2021-06-21,33.72999954223633,33.77000045776367,33.5,33.560001373291016,25.84317398071289,102055
2021-06-22,33.689998626708984,33.709999084472656,33.459999084472656,33.56999969482422,25.850872039794922,101000
2021-06-23,33.75,34.06999969482422,33.630001068115234,34.06999969482422,26.23590660095215,104000
2021-06-24,34.0,34.220001220703125,34.0,34.06999969482422,26.23590660095215,92000
2021-06-25,34.18000030517578,34.41999816894531,34.18000030517578,34.27000045776367,26.389915466308594,108000
2021-06-28,34.27000045776367,34.27000045776367,33.9900016784668,34.099998474121094,26.259004592895508,117500
2021-06-29,34.099998474121094,34.099998474121094,34.0,34.04999923706055,26.22049903869629,108000
2021-06-30,34.06999969482422,34.38999938964844,34.06999969482422,34.38999938964844,26.48232078552246,105000
2021-07-01,34.15999984741211,34.15999984741211,33.97999954223633,34.13999938964844,26.289804458618164,99206
2021-07-02,34.02000045776367,34.02000045776367,34.0,34.0,26.181997299194336,103000
2021-07-05,34.0,34.29999923706055,34.0,34.25,26.374509811401367,114261
2021-07-06,34.369998931884766,34.369998931884766,34.25,34.310001373291016,26.42071533203125,100000
2021-07-07,34.310001373291016,34.310001373291016,34.290000915527344,34.290000915527344,26.405315399169922,102000
2021-07-08,34.2400016784668,34.290000915527344,34.029998779296875,34.08000183105469,26.24360466003418,110000
2021-07-09,33.650001525878906,33.650001525878906,33.54999923706055,33.54999923706055,25.83547019958496,106005
2021-07-12,34.13999938964844,34.13999938964844,33.93000030517578,33.95000076293945,26.14349365234375,114000
2021-07-13,34.150001525878906,34.41999816894531,34.150001525878906,34.36000061035156,26.45922088623047,108133
2021-07-14,34.54999923706055,34.54999923706055,34.33000183105469,34.33000183105469,26.43611717224121,103000
2021-07-15,34.5099983215332,34.720001220703125,34.40999984741211,34.560001373291016,26.613231658935547,140000
2021-07-16,34.150001525878906,34.189998626708984,34.04999923706055,34.130001068115234,26.44278335571289,31075
2021-07-19,33.779998779296875,33.779998779296875,33.52000045776367,33.65999984741211,26.078643798828125,105000
2021-07-20,33.4900016784668,33.4900016784668,33.310001373291016,33.380001068115234,25.861711502075195,98000
2021-07-21,33.459999084472656,33.5,33.16999816894531,33.189998626708984,25.714500427246094,103000
2021-07-22,33.599998474121094,33.70000076293945,33.41999816894531,33.70000076293945,26.10963249206543,118000
2021-07-23,33.90999984741211,33.90999984741211,33.59000015258789,33.59000015258789,26.024410247802734,102000
2021-07-26,33.75,33.810001373291016,33.47999954223633,33.4900016784668,25.946931838989258,121000
2021-07-27,33.66999816894531,33.66999816894531,33.54999923706055,33.599998474121094,26.032155990600586,102000
2021-07-28,33.529998779296875,33.529998779296875,32.88999938964844,33.15999984741211,25.69126319885254,98030
2021-07-29,33.41999816894531,33.54999923706055,33.34000015258789,33.54999923706055,25.99341583251953,110000
2021-07-30,33.41999816894531,33.459999084472656,33.34000015258789,33.38999938964844,25.86945915222168,105000
2021-08-02,33.52000045776367,33.63999938964844,33.369998931884766,33.63999938964844,26.063148498535156,111000
2021-08-03,33.84000015258789,33.84000015258789,33.61000061035156,33.709999084472656,26.117382049560547,105000
2021-08-04,34.09000015258789,34.2400016784668,34.09000015258789,34.2400016784668,26.528005599975586,108000
2021-08-05,34.40999984741211,34.40999984741211,34.290000915527344,34.33000183105469,26.597736358642578,108145
2021-08-06,34.25,34.25,34.060001373291016,34.15999984741211,26.466028213500977,109000
2021-08-09,34.0,34.099998474121094,33.900001525878906,34.02000045776367,26.357559204101562,104000
2021-08-10,33.869998931884766,33.97999954223633,33.650001525878906,33.68000030517578,26.09413719177246,159000
2021-08-11,33.25,33.400001525878906,33.130001068115234,33.279998779296875,25.78423309326172,108000
2021-08-12,33.310001373291016,33.310001373291016,33.0,33.08000183105469,25.6292781829834,109065
2021-08-13,33.08000183105469,33.08000183105469,32.33000183105469,32.400001525878906,25.102439880371094,115000
2021-08-16,32.310001373291016,32.400001525878906,32.18000030517578,32.369998931884766,25.079195022583008,111000
2021-08-17,31.950000762939453,32.029998779296875,31.81999969482422,31.81999969482422,24.653072357177734,119000
2021-08-18,31.75,32.2400016784668,31.75,32.2400016784668,24.978473663330078,113000
2021-08-19,32.2400016784668,32.2400016784668,31.489999771118164,31.489999771118164,24.39739990234375,112000
2021-08-20,31.549999237060547,31.549999237060547,31.200000762939453,31.25,24.211456298828125,113000
2021-08-23,31.700000762939453,32.0099983215332,31.700000762939453,32.0099983215332,24.800275802612305,116029
2021-08-24,32.380001068115234,32.380001068115234,32.20000076293945,32.310001373291016,25.0327091217041,112060
2021-08-25,32.310001373291016,32.47999954223633,32.310001373291016,32.470001220703125,25.15667152404785,129000
2021-08-26,32.77000045776367,32.77000045776367,32.189998626708984,32.349998474121094,25.06369972229004,106000
2021-08-27,32.209999084472656,32.439998626708984,32.209999084472656,32.349998474121094,25.06369972229004,107000
2021-08-30,32.47999954223633,32.4900016784668,32.380001068115234,32.4900016784668,25.172170639038086,130000
2021-08-31,32.54999923706055,32.869998931884766,32.310001373291016,32.869998931884766,25.46657371520996,90000
2021-09-01,32.86000061035156,33.31999969482422,32.86000061035156,33.22999954223633,25.74549102783203,121000
2021-09-02,33.189998626708984,33.22999954223633,32.91999816894531,33.04999923706055,25.606033325195312,111000
2021-09-03,33.18000030517578,33.400001525878906,33.119998931884766,33.33000183105469,25.822975158691406,114000
2021-09-06,33.31999969482422,33.56999969482422,33.31999969482422,33.31999969482422,25.815221786499023,111000
2021-09-07,33.119998931884766,33.209999084472656,33.060001373291016,33.11000061035156,25.65252113342285,134000
2021-09-08,32.869998931884766,32.95000076293945,32.52000045776367,32.540000915527344,25.210906982421875,109013
2021-09-09,32.119998931884766,32.400001525878906,32.119998931884766,32.2599983215332,24.993968963623047,131045
2021-09-10,32.2599983215332,32.58000183105469,32.2599983215332,32.47999954223633,25.164417266845703,104000
2021-09-13,32.400001525878906,32.400001525878906,32.209999084472656,32.209999084472656,24.955230712890625,108198
2021-09-14,32.54999923706055,32.54999923706055,32.439998626708984,32.4900016784668,25.172170639038086,103000
2021-09-15,32.4900016784668,32.4900016784668,32.27000045776367,32.34000015258789,25.055952072143555,164000
2021-09-16,32.119998931884766,32.22999954223633,31.920000076293945,32.060001373291016,24.839017868041992,110050
2021-09-17,32.060001373291016,32.25,31.8700008392334,32.25,24.986217498779297,152000
2021-09-22,31.6200008392334,31.65999984741211,31.299999237060547,31.56999969482422,24.459379196166992,265006
2021-09-23,31.8700008392334,31.90999984741211,31.739999771118164,31.84000015258789,24.668567657470703,112156
2021-09-24,31.899999618530273,31.969999313354492,31.829999923706055,31.93000030517578,24.738298416137695,667000
2021-09-27,32.119998931884766,32.18000030517578,32.08000183105469,32.08000183105469,24.854511260986328,34000
2021-09-28,31.700000762939453,31.700000762939453,31.649999618530273,31.649999618530273,24.521360397338867,38000
2021-09-29,30.790000915527344,30.8700008392334,30.75,30.799999237060547,23.862812042236328,70045
2021-09-30,30.639999389648438,31.100000381469727,30.639999389648438,31.09000015258789,24.087491989135742,6000
2021-10-01,31.100000381469727,31.100000381469727,30.399999618530273,30.399999618530273,23.552902221679688,121000
2021-10-04,30.399999618530273,30.549999237060547,30.399999618530273,30.549999237060547,23.66912078857422,106000
2021-10-05,30.1200008392334,30.15999984741211,29.959999084472656,30.100000381469727,23.320476531982422,146000
2021-10-06,30.100000381469727,30.100000381469727,29.899999618530273,29.899999618530273,23.16551971435547,113000
2021-10-07,30.420000076293945,30.600000381469727,30.420000076293945,30.489999771118164,23.622631072998047,116000
2021-10-08,30.540000915527344,30.6200008392334,30.290000915527344,30.290000915527344,23.467679977416992,113001
2021-10-12,30.280000686645508,30.280000686645508,29.719999313354492,29.8799991607666,23.150026321411133,121000
2021-10-13,29.8799991607666,29.90999984741211,29.81999969482422,29.850000381469727,23.126779556274414,112000
2021-10-14,29.93000030517578,30.079999923706055,29.920000076293945,29.920000076293945,23.181013107299805,1376010
2021-10-15,30.239999771118164,30.700000762939453,30.239999771118164,30.700000762939453,23.78533363342285,133000
2021-10-18,30.770000457763672,30.790000915527344,30.579999923706055,30.579999923706055,23.692363739013672,197000
2021-10-19,30.579999923706055,31.040000915527344,30.579999923706055,31.020000457763672,24.033262252807617,103000
2021-10-20,31.190000534057617,31.190000534057617,31.06999969482422,31.06999969482422,24.071996688842773,112000
2021-10-21,31.049999237060547,31.1299991607666,30.940000534057617,30.940000534057617,23.97127914428711,152000
2021-10-22,30.940000534057617,31.010000228881836,30.940000534057617,30.950000762939453,23.97902488708496,102000
2021-10-25,31.100000381469727,31.200000762939453,31.100000381469727,31.200000762939453,24.172718048095703,121045
2021-10-26,31.280000686645508,31.5,31.260000228881836,31.389999389648438,24.31992530822754,98000
2021-10-27,31.3799991607666,31.399999618530273,31.280000686645508,31.3700008392334,24.304428100585938,102000
2021-10-28,31.440000534057617,31.440000534057617,31.350000381469727,31.440000534057617,24.358659744262695,113000
2021-10-29,31.25,31.25,31.209999084472656,31.229999542236328,24.195959091186523,104010
2021-11-01,31.350000381469727,31.389999389648438,31.280000686645508,31.389999389648438,24.31992530822754,102000
2021-11-02,31.6299991607666,31.6299991607666,31.479999542236328,31.549999237060547,24.443883895874023,102040
2021-11-03,31.420000076293945,31.420000076293945,31.149999618530273,31.360000610351562,24.296682357788086,118479
2021-11-04,31.3700008392334,31.420000076293945,31.3700008392334,31.420000076293945,24.34316635131836,103030
2021-11-05,31.399999618530273,31.600000381469727,31.399999618530273,31.600000381469727,24.48262596130371,104000
2021-11-08,31.6200008392334,31.81999969482422,31.600000381469727,31.780000686645508,24.62208366394043,112000
2021-11-09,31.969999313354492,31.969999313354492,31.969999313354492,31.969999313354492,24.769285202026367,107000
2021-11-10,31.889999389648438,31.90999984741211,31.889999389648438,31.90999984741211,24.722801208496094,101008
2021-11-11,31.670000076293945,31.690000534057617,31.540000915527344,31.68000030517578,24.544605255126953,176000
2021-11-12,32.02000045776367,32.11000061035156,31.920000076293945,32.0099983215332,24.800275802612305,104000
2021-11-15,32.06999969482422,32.400001525878906,31.93000030517578,32.400001525878906,25.102439880371094,328286
2021-11-16,32.400001525878906,32.47999954223633,32.400001525878906,32.439998626708984,25.133424758911133,102000
2021-11-17,32.36000061035156,32.36000061035156,32.27000045776367,32.29999923706055,25.024959564208984,103000
2021-11-18,32.29999923706055,32.459999084472656,32.25,32.459999084472656,25.1489200592041,104000
2021-11-19,32.650001525878906,32.650001525878906,32.439998626708984,32.540000915527344,25.210906982421875,100031
2021-11-22,32.70000076293945,33.02000045776367,32.70000076293945,33.02000045776367,25.582792282104492,99000
2021-11-23,32.709999084472656,32.709999084472656,32.68000030517578,32.689998626708984,25.327119827270508,104274
2021-11-24,32.58000183105469,32.58000183105469,32.38999938964844,32.5,25.179914474487305,104000
2021-11-25,32.369998931884766,32.4900016784668,32.33000183105469,32.470001220703125,25.15667152404785,101065
2021-11-26,32.0,32.08000183105469,31.799999237060547,31.850000381469727,24.676315307617188,105001
2021-11-29,31.760000228881836,32.04999923706055,31.760000228881836,31.940000534057617,24.746044158935547,101000
2021-11-30,31.860000610351562,31.940000534057617,31.799999237060547,31.799999237060547,24.637577056884766,109000
2021-12-01,31.860000610351562,32.36000061035156,31.860000610351562,32.36000061035156,25.071447372436523,103000
2021-12-02,32.540000915527344,32.79999923706055,32.540000915527344,32.75,25.373605728149414,100000
2021-12-03,32.75,32.880001068115234,32.75,32.880001068115234,25.474327087402344,105421
2021-12-06,32.75,32.849998474121094,32.75,32.84000015258789,25.443334579467773,104000
2021-12-07,32.77000045776367,32.849998474121094,32.75,32.849998474121094,25.451078414916992,135000
2021-12-08,33.25,33.29999923706055,32.959999084472656,32.959999084472656,25.536306381225586,111000
2021-12-09,32.9900016784668,33.04999923706055,32.9900016784668,33.0,25.567298889160156,103000
2021-12-10,32.959999084472656,32.970001220703125,32.959999084472656,32.970001220703125,25.544055938720703,101000
2021-12-13,32.97999954223633,33.0,32.939998626708984,32.9900016784668,25.559555053710938,109121
2021-12-14,32.58000183105469,32.68000030517578,32.5,32.68000030517578,25.31937026977539,103000
2021-12-15,32.5,32.5099983215332,32.400001525878906,32.5099983215332,25.18766212463379,340000
2021-12-16,32.75,32.970001220703125,32.75,32.880001068115234,25.474327087402344,106000
2021-12-17,32.77000045776367,32.77000045776367,32.7400016784668,32.77000045776367,25.38910484313965,104000
2021-12-20,32.470001220703125,32.470001220703125,32.470001220703125,32.470001220703125,25.15667152404785,100000
2021-12-21,32.5,32.790000915527344,32.5,32.779998779296875,25.396848678588867,102000
2021-12-22,32.880001068115234,32.880001068115234,32.869998931884766,32.869998931884766,25.46657371520996,104000
2021-12-23,32.939998626708984,33.099998474121094,32.939998626708984,33.029998779296875,25.590539932250977,109000
2021-12-24,33.11000061035156,33.34000015258789,33.11000061035156,33.310001373291016,25.80747413635254,110000
2021-12-27,33.310001373291016,33.47999954223633,33.310001373291016,33.40999984741211,25.88495635986328,114009
2021-12-28,33.400001525878906,33.470001220703125,33.400001525878906,33.470001220703125,25.93143653869629,112518
2021-12-29,33.630001068115234,33.630001068115234,33.5,33.5,25.954683303833008,111000
2021-12-30,33.540000915527344,33.540000915527344,33.459999084472656,33.470001220703125,25.93143653869629,121000
2022-01-03,33.72999954223633,33.72999954223633,33.400001525878906,33.47999954223633,25.93918228149414,102474
2022-01-04,33.4900016784668,33.58000183105469,33.45000076293945,33.58000183105469,26.016664505004883,117000
2022-01-05,33.40999984741211,33.40999984741211,33.36000061035156,33.36000061035156,25.846214294433594,114000
2022-01-06,33.130001068115234,33.130001068115234,32.93000030517578,32.97999954223633,25.551801681518555,107000
2022-01-07,32.81999969482422,32.81999969482422,32.79999923706055,32.79999923706055,25.412343978881836,102000
2022-01-10,32.68000030517578,32.68000030517578,32.65999984741211,32.68000030517578,25.31937026977539,108001
2022-01-11,32.75,32.84000015258789,32.68000030517578,32.81999969482422,25.42784309387207,113000
2022-01-12,33.02000045776367,33.13999938964844,33.02000045776367,33.09000015258789,25.63702392578125,158000
2022-01-13,33.25,33.290000915527344,33.119998931884766,33.25,25.760986328125,118511
2022-01-14,33.25,33.25,32.84000015258789,33.040000915527344,25.598285675048828,117000
2022-01-17,33.04999923706055,33.18000030517578,33.04999923706055,33.18000030517578,25.706756591796875,102000
2022-01-18,32.060001373291016,32.29999923706055,31.979999542236328,31.979999542236328,25.586742401123047,105123
2022-01-19,31.790000915527344,31.809999465942383,31.579999923706055,31.68000030517578,25.346715927124023,202000
2022-01-20,31.639999389648438,31.8799991607666,31.610000610351562,31.8799991607666,25.506731033325195,108000
2022-01-21,31.360000610351562,31.3700008392334,31.139999389648438,31.139999389648438,24.9146671295166,185000
2022-01-24,31.260000228881836,31.329999923706055,31.260000228881836,31.329999923706055,25.06668472290039,102000
2022-01-25,31.1299991607666,31.1299991607666,30.68000030517578,30.75,24.602636337280273,111000
2022-01-26,30.75,30.8799991607666,30.68000030517578,30.690000534057617,24.554630279541016,120080
2022-02-07,30.600000381469727,30.649999618530273,30.299999237060547,30.649999618530273,24.522624969482422,135035
2022-02-08,30.799999237060547,30.799999237060547,30.799999237060547,30.799999237060547,24.642641067504883,101000
2022-02-09,30.850000381469727,30.989999771118164,30.850000381469727,30.989999771118164,24.79465675354004,100020
2022-02-10,31.200000762939453,31.600000381469727,31.200000762939453,31.600000381469727,25.282712936401367,103030
2022-02-11,31.40999984741211,31.469999313354492,31.350000381469727,31.40999984741211,25.130693435668945,107000
2022-02-14,30.809999465942383,30.989999771118164,30.799999237060547,30.989999771118164,24.79465675354004,136246
2022-02-15,30.829999923706055,30.959999084472656,30.690000534057617,30.780000686645508,24.626638412475586,135000
2022-02-16,31.15999984741211,31.239999771118164,31.020000457763672,31.239999771118164,24.994680404663086,108000
2022-02-17,31.43000030517578,31.43000030517578,31.139999389648438,31.399999618530273,25.122692108154297,120022
2022-02-18,31.15999984741211,31.270000457763672,31.15999984741211,31.270000457763672,25.018678665161133,103030
2022-02-21,31.239999771118164,31.260000228881836,31.219999313354492,31.260000228881836,25.01068115234375,101000
2022-02-22,30.600000381469727,30.81999969482422,30.549999237060547,30.81999969482422,24.658641815185547,103065
2022-02-23,30.81999969482422,30.979999542236328,30.81999969482422,30.979999542236328,24.786659240722656,102348
2022-02-24,30.290000915527344,30.290000915527344,30.100000381469727,30.139999389648438,24.11458396911621,110030
2022-02-25,30.260000228881836,30.260000228881836,30.200000762939453,30.200000762939453,24.162588119506836,102300
2022-03-01,30.389999389648438,30.6200008392334,30.389999389648438,30.600000381469727,24.48262596130371,137000
2022-03-02,30.3799991607666,30.420000076293945,30.350000381469727,30.420000076293945,24.33860969543457,103250
2022-03-03,30.520000457763672,30.610000610351562,30.520000457763672,30.610000610351562,24.490625381469727,102452
2022-03-04,30.040000915527344,30.18000030517578,30.040000915527344,30.049999237060547,24.04257583618164,116097
2022-03-07,29.610000610351562,29.610000610351562,29.040000915527344,29.18000030517578,23.346498489379883,132000
2022-03-08,28.790000915527344,28.799999237060547,28.639999389648438,28.649999618530273,22.922454833984375,135000
2022-03-09,28.950000762939453,28.950000762939453,28.799999237060547,28.799999237060547,23.04246711730957,101000
2022-03-10,29.34000015258789,29.540000915527344,29.34000015258789,29.360000610351562,23.49051856994629,101000
2022-03-11,29.209999084472656,29.270000457763672,29.200000762939453,29.200000762939453,23.362504959106445,113000
2022-03-14,29.200000762939453,29.239999771118164,29.15999984741211,29.239999771118164,23.394508361816406,103039
2022-03-15,28.809999465942383,28.829999923706055,28.6299991607666,28.829999923706055,23.066471099853516,112000
2022-03-16,28.940000534057617,28.940000534057617,28.709999084472656,28.829999923706055,23.066471099853516,105000
2022-03-17,29.950000762939453,29.969999313354492,29.8799991607666,29.969999313354492,23.97856903076172,102000
2022-03-18,29.969999313354492,29.969999313354492,29.969999313354492,29.969999313354492,23.97856903076172,100000
2022-03-21,30.0,30.020000457763672,29.959999084472656,29.959999084472656,23.970569610595703,118040
2022-03-22,29.780000686645508,29.959999084472656,29.770000457763672,29.959999084472656,23.970569610595703,101000
2022-03-23,30.139999389648438,30.280000686645508,30.110000610351562,30.280000686645508,24.226594924926758,129047
2022-03-24,30.1200008392334,30.1200008392334,30.110000610351562,30.110000610351562,24.09058380126953,110043
2022-03-25,30.030000686645508,30.079999923706055,30.030000686645508,30.079999923706055,24.066577911376953,101000
2022-03-28,29.739999771118164,29.90999984741211,29.739999771118164,29.8799991607666,23.90656089782715,131000
2022-03-29,29.850000381469727,29.979999542236328,29.850000381469727,29.979999542236328,23.986568450927734,114000
2022-03-30,30.139999389648438,30.200000762939453,30.139999389648438,30.200000762939453,24.162588119506836,105007
2022-03-31,30.1299991607666,30.1299991607666,30.1299991607666,30.1299991607666,24.106582641601562,100066
2022-04-01,29.81999969482422,29.81999969482422,29.81999969482422,29.81999969482422,23.85855484008789,100000
2022-04-06,29.549999237060547,29.719999313354492,29.469999313354492,29.6299991607666,23.706539154052734,153000
2022-04-07,29.280000686645508,29.280000686645508,29.1200008392334,29.1200008392334,23.29849624633789,124000
2022-04-08,28.899999618530273,29.059999465942383,28.899999618530273,29.059999465942383,23.250490188598633,112000
2022-04-11,28.68000030517578,28.68000030517578,28.5,28.549999237060547,22.84244728088379,111000
2022-04-12,28.399999618530273,28.5,28.399999618530273,28.459999084472656,22.77043914794922,111000
2022-04-13,28.770000457763672,29.06999969482422,28.770000457763672,29.06999969482422,23.25848960876465,102050
2022-04-14,29.010000228881836,29.010000228881836,29.0,29.010000228881836,23.210487365722656,102000
2022-04-15,28.600000381469727,28.600000381469727,28.549999237060547,28.559999465942383,22.85045051574707,117005
2022-04-18,28.610000610351562,28.639999389648438,28.56999969482422,28.639999389648438,22.914453506469727,104175
2022-04-19,28.780000686645508,28.780000686645508,28.670000076293945,28.670000076293945,22.938453674316406,104265
2022-04-20,28.549999237060547,28.84000015258789,28.549999237060547,28.84000015258789,23.074472427368164,104000
2022-04-21,28.90999984741211,28.969999313354492,28.899999618530273,28.950000762939453,23.16248321533203,131000
2022-04-22,28.489999771118164,28.59000015258789,28.489999771118164,28.59000015258789,22.874452590942383,131000
2022-04-25,28.229999542236328,28.280000686645508,27.8700008392334,28.239999771118164,22.594419479370117,115240
2022-04-26,27.8799991607666,28.209999084472656,27.829999923706055,27.920000076293945,22.33839225769043,120000
2022-04-27,27.5,27.5,27.239999771118164,27.469999313354492,21.978351593017578,142030
2022-04-28,27.309999465942383,27.559999465942383,27.280000686645508,27.5,22.002355575561523,96049
2022-04-29,27.700000762939453,28.049999237060547,27.700000762939453,28.049999237060547,22.44240379333496,105030
2022-05-03,27.920000076293945,27.950000762939453,27.920000076293945,27.950000762939453,22.362396240234375,101356
2022-05-04,27.8700008392334,27.899999618530273,27.8700008392334,27.899999618530273,22.322389602661133,101000
2022-05-05,28.059999465942383,28.190000534057617,28.059999465942383,28.190000534057617,22.554418563842773,101000
2022-05-06,27.68000030517578,27.700000762939453,27.670000076293945,27.700000762939453,22.162376403808594,103030
2022-05-09,27.299999237060547,27.520000457763672,27.299999237060547,27.510000228881836,22.010356903076172,102030
2022-05-10,27.190000534057617,27.510000228881836,27.18000030517578,27.510000228881836,22.010356903076172,108030
2022-05-11,27.450000762939453,27.450000762939453,27.450000762939453,27.450000762939453,21.962352752685547,100300
2022-05-12,27.1200008392334,27.1200008392334,27.100000381469727,27.1200008392334,21.69832420349121,108001
2022-05-13,27.270000457763672,27.360000610351562,27.229999542236328,27.360000610351562,21.890344619750977,104145
2022-05-16,27.389999389648438,27.389999389648438,27.329999923706055,27.350000381469727,21.88234519958496,102000
2022-05-17,27.420000076293945,27.639999389648438,27.420000076293945,27.639999389648438,22.114368438720703,119000
2022-05-18,27.81999969482422,27.950000762939453,27.75,27.950000762939453,22.362396240234375,109000
2022-05-19,27.649999618530273,27.719999313354492,27.549999237060547,27.579999923706055,22.066364288330078,183025
2022-05-20,27.8799991607666,27.8799991607666,27.8799991607666,27.8799991607666,22.306386947631836,101000
2022-05-23,28.0,28.1200008392334,27.920000076293945,27.920000076293945,22.33839225769043,187186
2022-05-24,27.68000030517578,27.68000030517578,27.479999542236328,27.479999542236328,21.986356735229492,143000
2022-05-25,27.440000534057617,27.65999984741211,27.399999618530273,27.649999618530273,22.122371673583984,117000
2022-05-26,27.59000015258789,27.59000015258789,27.270000457763672,27.270000457763672,21.81833839416504,179100
2022-05-27,27.639999389648438,27.639999389648438,27.600000381469727,27.600000381469727,22.082365036010742,108000
2022-05-30,28.110000610351562,28.18000030517578,28.110000610351562,28.139999389648438,22.51441192626953,114000
2022-05-31,28.149999618530273,28.530000686645508,28.149999618530273,28.530000686645508,22.826446533203125,107000
2022-06-01,28.399999618530273,28.56999969482422,28.399999618530273,28.479999542236328,22.786441802978516,102116
2022-06-02,28.299999237060547,28.299999237060547,28.25,28.25,22.6024227142334,102000
2022-06-06,28.399999618530273,28.399999618530273,28.399999618530273,28.399999618530273,22.722436904907227,102320
2022-06-07,28.110000610351562,28.110000610351562,28.049999237060547,28.049999237060547,22.44240379333496,108000
2022-06-08,28.25,28.25,28.200000762939453,28.200000762939453,22.562419891357422,101000
2022-06-09,27.899999618530273,28.1299991607666,27.899999618530273,28.1299991607666,22.50640869140625,124000
2022-06-10,27.75,27.899999618530273,27.690000534057617,27.790000915527344,22.234384536743164,130000
2022-06-13,27.149999618530273,27.149999618530273,26.850000381469727,27.010000228881836,21.61031723022461,146108
2022-06-14,26.549999237060547,26.709999084472656,26.520000457763672,26.700000762939453,21.362287521362305,136090
2022-06-15,26.40999984741211,26.43000030517578,26.270000457763672,26.360000610351562,21.09025764465332,147000
2022-06-16,26.760000228881836,26.760000228881836,26.350000381469727,26.350000381469727,21.082258224487305,105100
2022-06-17,26.0,26.030000686645508,25.850000381469727,25.920000076293945,20.738222122192383,130050
2022-06-20,25.610000610351562,25.649999618530273,25.469999313354492,25.530000686645508,20.42618751525879,145000
2022-06-21,25.700000762939453,25.989999771118164,25.700000762939453,25.979999542236328,20.786226272583008,108059
2022-06-22,25.809999465942383,25.809999465942383,25.299999237060547,25.450000762939453,20.362180709838867,103000
2022-06-23,25.290000915527344,25.350000381469727,24.899999618530273,25.049999237060547,20.042146682739258,121000
2022-06-24,25.079999923706055,25.100000381469727,25.079999923706055,25.100000381469727,20.082149505615234,101000
2022-06-27,25.600000381469727,25.760000228881836,25.600000381469727,25.760000228881836,20.610206604003906,108000
2022-06-28,25.760000228881836,25.760000228881836,25.520000457763672,25.549999237060547,20.442188262939453,102000
2022-06-29,25.5,25.5,25.3799991607666,25.40999984741211,20.33017921447754,111000
2022-06-30,24.969999313354492,24.969999313354492,24.579999923706055,24.579999923706055,19.666107177734375,113000
2022-07-01,24.579999923706055,24.579999923706055,23.850000381469727,23.850000381469727,19.08204460144043,104004
2022-07-04,23.770000457763672,23.770000457763672,23.65999984741211,23.65999984741211,18.93002700805664,106335
2022-07-05,24.030000686645508,24.139999389648438,23.889999389648438,24.059999465942383,19.250064849853516,112000
2022-07-06,23.829999923706055,23.8799991607666,23.790000915527344,23.8799991607666,19.106048583984375,105001
2022-07-07,23.8799991607666,24.420000076293945,23.8799991607666,24.420000076293945,19.53809356689453,99010
2022-07-08,24.5,24.549999237060547,24.5,24.549999237060547,19.64210319519043,101000
2022-07-11,24.610000610351562,24.610000610351562,24.420000076293945,24.420000076293945,19.53809356689453,126000
2022-07-12,24.229999542236328,24.229999542236328,23.8700008392334,23.8799991607666,19.106048583984375,105000
2022-07-13,24.229999542236328,24.440000534057617,24.200000762939453,24.440000534057617,19.554096221923828,113004
2022-07-14,24.469999313354492,24.510000228881836,24.469999313354492,24.510000228881836,19.6101016998291,103000
2022-07-15,24.469999313354492,24.860000610351562,24.469999313354492,24.860000610351562,19.890132904052734,142000
2022-07-18,24.979999542236328,25.06999969482422,24.969999313354492,25.06999969482422,20.26190757751465,102000
2022-07-19,24.989999771118164,24.989999771118164,24.899999618530273,24.899999618530273,20.124515533447266,102000
2022-07-20,25.200000762939453,25.280000686645508,25.149999618530273,25.149999618530273,20.32656478881836,101000
2022-07-21,25.290000915527344,25.43000030517578,25.290000915527344,25.43000030517578,20.55286407470703,140000
2022-07-22,25.59000015258789,25.59000015258789,25.479999542236328,25.479999542236328,20.593276977539062,101000
2022-07-25,25.43000030517578,25.56999969482422,25.3799991607666,25.56999969482422,20.666017532348633,124194
2022-07-26,25.209999084472656,25.209999084472656,25.200000762939453,25.200000762939453,20.36697769165039,101000
2022-07-27,25.190000534057617,25.229999542236328,25.190000534057617,25.229999542236328,20.39122200012207,103020
2022-07-28,25.59000015258789,25.59000015258789,25.530000686645508,25.530000686645508,20.63368797302246,104000
2022-07-29,25.670000076293945,25.670000076293945,25.639999389648438,25.639999389648438,20.722591400146484,103000
2022-08-01,25.610000610351562,25.639999389648438,25.600000381469727,25.639999389648438,20.722591400146484,114000
2022-08-02,25.459999084472656,25.459999084472656,25.350000381469727,25.43000030517578,20.55286407470703,108000
2022-08-03,25.329999923706055,25.469999313354492,25.329999923706055,25.469999313354492,20.585195541381836,111000
2022-08-04,25.469999313354492,25.549999237060547,25.469999313354492,25.549999237060547,20.649850845336914,101000
2022-08-05,25.940000534057617,26.139999389648438,25.940000534057617,26.040000915527344,21.045879364013672,103000
2022-08-08,25.799999237060547,25.969999313354492,25.799999237060547,25.969999313354492,20.989299774169922,109123
2022-08-09,25.75,25.889999389648438,25.75,25.889999389648438,20.924640655517578,107000
2022-08-10,25.510000228881836,25.579999923706055,25.5,25.579999923706055,20.674097061157227,124000
2022-08-11,25.799999237060547,25.860000610351562,25.799999237060547,25.860000610351562,20.90039825439453,103000
2022-08-12,26.0,26.09000015258789,26.0,26.09000015258789,21.086284637451172,101007
2022-08-15,26.239999771118164,26.309999465942383,26.239999771118164,26.309999465942383,21.264095306396484,101000
2022-08-16,26.3700008392334,26.600000381469727,26.270000457763672,26.299999237060547,21.256011962890625,133000
2022-08-17,26.219999313354492,26.219999313354492,26.18000030517578,26.18000030517578,21.159027099609375,102000
2022-08-18,26.0,26.079999923706055,25.969999313354492,26.079999923706055,21.078203201293945,156000
2022-08-19,25.899999618530273,26.100000381469727,25.899999618530273,26.100000381469727,21.09436798095703,139000
2022-08-22,25.600000381469727,25.799999237060547,25.600000381469727,25.670000076293945,20.74683952331543,192000
2022-08-23,25.579999923706055,25.579999923706055,25.25,25.399999618530273,20.52861976623535,149274
2022-08-24,25.280000686645508,25.299999237060547,25.270000457763672,25.299999237060547,20.447795867919922,110000
2022-08-25,25.510000228881836,25.559999465942383,25.420000076293945,25.559999465942383,20.65793228149414,102000
2022-08-26,25.700000762939453,25.719999313354492,25.700000762939453,25.719999313354492,20.787248611450195,101000
2022-08-29,25.149999618530273,25.149999618530273,24.889999389648438,24.90999984741211,20.132591247558594,124000
2022-08-30,25.0,25.149999618530273,25.0,25.149999618530273,20.32656478881836,102000
2022-08-31,25.239999771118164,25.290000915527344,25.18000030517578,25.290000915527344,20.439720153808594,102000
2022-09-01,25.059999465942383,25.059999465942383,24.780000686645508,24.799999237060547,20.043691635131836,106020
2022-09-02,24.770000457763672,24.770000457763672,24.610000610351562,24.610000610351562,19.890132904052734,105000
2022-09-05,24.549999237060547,24.549999237060547,24.440000534057617,24.440000534057617,19.75273895263672,116200
2022-09-06,24.479999542236328,24.510000228881836,24.479999542236328,24.510000228881836,19.80931282043457,101000
2022-09-07,24.0,24.0,23.950000762939453,23.950000762939453,19.356706619262695,104000
2022-09-08,24.0,24.15999984741211,24.0,24.15999984741211,19.52643585205078,103000
2022-09-12,24.280000686645508,24.520000457763672,24.280000686645508,24.459999084472656,19.768896102905273,104000
2022-09-13,24.719999313354492,24.84000015258789,24.719999313354492,24.780000686645508,20.02752685546875,104000
2022-09-14,24.350000381469727,24.56999969482422,24.309999465942383,24.420000076293945,19.736568450927734,103020
2022-09-15,24.43000030517578,24.5,24.43000030517578,24.450000762939453,19.760818481445312,117110
2022-09-16,24.170000076293945,24.170000076293945,24.079999923706055,24.149999618530273,19.51835060119629,104000
2022-09-19,24.190000534057617,24.200000762939453,24.15999984741211,24.200000762939453,19.558761596679688,102000
2022-09-20,24.229999542236328,24.309999465942383,24.229999542236328,24.309999465942383,19.647668838500977,101000
2022-09-21,24.040000915527344,24.100000381469727,23.969999313354492,23.969999313354492,19.372875213623047,178000
2022-09-22,23.649999618530273,23.68000030517578,23.540000915527344,23.639999389648438,19.10616111755371,161000
2022-09-23,23.610000610351562,23.610000610351562,23.280000686645508,23.420000076293945,18.928356170654297,109032
2022-09-26,23.079999923706055,23.079999923706055,22.899999618530273,23.049999237060547,18.629316329956055,121000
2022-09-27,22.979999542236328,22.989999771118164,22.8700008392334,22.989999771118164,18.58082389831543,112000
2022-09-28,22.90999984741211,22.90999984741211,22.350000381469727,22.420000076293945,18.120145797729492,115001
2022-09-29,22.5,22.5,22.31999969482422,22.389999389648438,18.095895767211914,134000
2022-09-30,22.149999618530273,22.280000686645508,22.079999923706055,22.280000686645508,18.006994247436523,124000
2022-10-03,22.1299991607666,22.1299991607666,21.889999389648438,21.90999984741211,17.707956314086914,272000
2022-10-04,22.299999237060547,22.5,22.280000686645508,22.5,18.18480110168457,103000
2022-10-05,22.93000030517578,22.940000534057617,22.889999389648438,22.940000534057617,18.540416717529297,104000
2022-10-06,23.219999313354492,23.229999542236328,23.18000030517578,23.229999542236328,18.77479362487793,111000
2022-10-07,23.09000015258789,23.09000015258789,22.969999313354492,22.969999313354492,18.564659118652344,117000
2022-10-11,22.030000686645508,22.040000915527344,21.959999084472656,22.040000915527344,17.813024520874023,137021
2022-10-12,22.040000915527344,22.09000015258789,22.040000915527344,22.09000015258789,17.853435516357422,101000
2022-10-13,22.15999984741211,22.15999984741211,22.0,22.0,17.78069305419922,115059
2022-10-14,22.559999465942383,22.6200008392334,22.559999465942383,22.6200008392334,18.281787872314453,101123
2022-10-17,22.360000610351562,22.420000076293945,22.360000610351562,22.420000076293945,18.120145797729492,101000
2022-10-18,22.520000457763672,22.65999984741211,22.479999542236328,22.65999984741211,18.314115524291992,102000
2022-10-19,22.510000228881836,22.510000228881836,22.510000228881836,22.510000228881836,18.192880630493164,111000
2022-10-20,22.149999618530273,22.270000457763672,22.0,22.270000457763672,17.998910903930664,112000
2022-10-21,22.229999542236328,22.350000381469727,22.219999313354492,22.219999313354492,17.9585018157959,179000
2022-10-24,22.5,22.5,22.399999618530273,22.479999542236328,18.168636322021484,101221
2022-10-25,22.280000686645508,22.43000030517578,22.280000686645508,22.31999969482422,18.039323806762695,102000
2022-10-26,22.3799991607666,22.559999465942383,22.3799991607666,22.559999465942383,18.233295440673828,103000
2022-10-27,22.75,22.790000915527344,22.729999542236328,22.790000915527344,18.4191837310791,102135
2022-10-28,22.600000381469727,22.600000381469727,22.479999542236328,22.479999542236328,18.168636322021484,102000
2022-10-31,22.75,22.760000228881836,22.75,22.760000228881836,18.394939422607422,101000
2022-11-01,22.850000381469727,22.8700008392334,22.850000381469727,22.8700008392334,18.483840942382812,101000
2022-11-02,22.93000030517578,22.950000762939453,22.93000030517578,22.950000762939453,18.548498153686523,103000
2022-11-03,22.700000762939453,22.809999465942383,22.700000762939453,22.809999465942383,18.435348510742188,124218
2022-11-04,22.6200008392334,22.75,22.6200008392334,22.75,18.38685417175293,101000
2022-11-07,23.020000457763672,23.15999984741211,23.020000457763672,23.15999984741211,18.71822166442871,107000
2022-11-08,23.299999237060547,23.610000610351562,23.299999237060547,23.610000610351562,19.08191680908203,109000
2022-11-09,23.770000457763672,24.149999618530273,23.770000457763672,24.1299991607666,19.502187728881836,114000
2022-11-10,24.040000915527344,24.040000915527344,23.860000610351562,23.920000076293945,19.33246612548828,124000
2022-11-11,24.469999313354492,25.110000610351562,24.469999313354492,25.100000381469727,20.28615379333496,128055
2022-11-14,25.170000076293945,25.209999084472656,25.110000610351562,25.149999618530273,20.32656478881836,145000
2022-11-15,25.280000686645508,25.59000015258789,25.280000686645508,25.59000015258789,20.682180404663086,108000
2022-11-16,25.639999389648438,25.700000762939453,25.5,25.639999389648438,20.722591400146484,110000
2022-11-17,25.3799991607666,25.540000915527344,25.3700008392334,25.540000915527344,20.64177131652832,102000
2022-11-18,25.690000534057617,25.690000534057617,25.450000762939453,25.450000762939453,20.56903076171875,103000
2022-11-21,25.350000381469727,25.3799991607666,25.18000030517578,25.309999465942383,20.45587730407715,239000
2022-11-22,25.049999237060547,25.18000030517578,24.969999313354492,25.18000030517578,20.350812911987305,129000
2022-11-23,25.229999542236328,25.270000457763672,25.229999542236328,25.270000457763672,20.423553466796875,101014
2022-11-24,25.520000457763672,25.6200008392334,25.520000457763672,25.6200008392334,20.7064266204834,103000
2022-11-25,25.540000915527344,25.540000915527344,25.540000915527344,25.540000915527344,20.64177131652832,116000
2022-11-28,25.1200008392334,25.1200008392334,25.040000915527344,25.110000610351562,20.294235229492188,104000
2022-11-29,24.8799991607666,25.239999771118164,24.8799991607666,25.239999771118164,20.399303436279297,99000
2022-11-30,25.329999923706055,25.549999237060547,25.329999923706055,25.549999237060547,20.649850845336914,104000
2022-12-01,26.0,26.0,25.93000030517578,25.93000030517578,20.956974029541016,99000
2022-12-02,25.75,25.770000457763672,25.65999984741211,25.700000762939453,20.771081924438477,124004
2022-12-05,25.739999771118164,25.739999771118164,25.719999313354492,25.719999313354492,20.787248611450195,101000
2022-12-06,25.549999237060547,25.549999237060547,25.190000534057617,25.190000534057617,20.358896255493164,136000
2022-12-07,24.8799991607666,25.030000686645508,24.8799991607666,24.940000534057617,20.156841278076172,106000
2022-12-08,24.940000534057617,24.940000534057617,24.639999389648438,24.739999771118164,19.995197296142578,104000
2022-12-09,25.209999084472656,25.209999084472656,25.149999618530273,25.15999984741211,20.33464813232422,103000
2022-12-12,25.0,25.0,25.0,25.0,20.20533561706543,108001
2022-12-13,24.93000030517578,24.950000762939453,24.93000030517578,24.950000762939453,20.164926528930664,101277
2022-12-14,25.190000534057617,25.239999771118164,25.190000534057617,25.239999771118164,20.399303436279297,106000
2022-12-15,25.049999237060547,25.09000015258789,25.010000228881836,25.06999969482422,20.26190757751465,108000
2022-12-16,24.59000015258789,24.690000534057617,24.59000015258789,24.639999389648438,19.914379119873047,122000
2022-12-19,24.6299991607666,24.719999313354492,24.6299991607666,24.719999313354492,19.979032516479492,118000
2022-12-20,24.530000686645508,24.6200008392334,24.309999465942383,24.40999984741211,19.728487014770508,119000
2022-12-21,24.450000762939453,24.520000457763672,24.34000015258789,24.420000076293945,19.736568450927734,133000
2022-12-22,24.6299991607666,24.719999313354492,24.6299991607666,24.719999313354492,19.979032516479492,102000
2022-12-23,24.399999618530273,24.420000076293945,24.309999465942383,24.350000381469727,19.679996490478516,143000
2022-12-26,24.350000381469727,24.399999618530273,24.350000381469727,24.399999618530273,19.72040557861328,101000
2022-12-27,24.479999542236328,24.600000381469727,24.479999542236328,24.56999969482422,19.85780143737793,104000
2022-12-28,24.18000030517578,24.18000030517578,24.06999969482422,24.149999618530273,19.51835060119629,120000
2022-12-29,23.959999084472656,23.959999084472656,23.950000762939453,23.959999084472656,19.364791870117188,102000
2022-12-30,24.0,24.0,23.969999313354492,23.969999313354492,19.372875213623047,102004
2023-01-03,23.81999969482422,24.059999465942383,23.690000534057617,24.059999465942383,19.445613861083984,107181
2023-01-04,24.100000381469727,24.260000228881836,24.100000381469727,24.260000228881836,19.607255935668945,115000
2023-01-05,24.3799991607666,24.3799991607666,24.329999923706055,24.3700008392334,19.6961612701416,116000
2023-01-06,24.5,24.709999084472656,24.5,24.709999084472656,19.9709529876709,106000
2023-01-09,25.0,25.40999984741211,25.0,25.40999984741211,20.53670310974121,163050
2023-01-10,25.489999771118164,25.68000030517578,25.489999771118164,25.65999984741211,20.738754272460938,116000
2023-01-11,25.59000015258789,25.709999084472656,25.59000015258789,25.709999084472656,20.779163360595703,102000
2023-01-12,25.709999084472656,25.709999084472656,25.610000610351562,25.670000076293945,20.74683952331543,118000
2023-01-13,25.809999465942383,25.8700008392334,25.739999771118164,25.739999771118164,20.80341339111328,145000
2023-01-16,25.90999984741211,26.030000686645508,25.90999984741211,26.030000686645508,21.03779411315918,106050
2023-01-17,25.90999984741211,25.93000030517578,25.829999923706055,25.829999923706055,20.876150131225586,102000
2023-01-30,26.0,26.540000915527344,26.0,26.510000228881836,21.694503784179688,103187
2023-01-31,26.280000686645508,26.280000686645508,26.25,26.25,21.481731414794922,101000
2023-02-01,26.25,26.3700008392334,26.25,26.34000015258789,21.555383682250977,106000
2023-02-02,26.770000457763672,26.81999969482422,26.760000228881836,26.81999969482422,21.948192596435547,105000
2023-02-03,26.8799991607666,26.889999389648438,26.8700008392334,26.8700008392334,21.989112854003906,102259
2023-02-06,26.729999542236328,26.729999542236328,26.5,26.5,21.686321258544922,114010
2023-02-07,26.309999465942383,26.440000534057617,26.309999465942383,26.440000534057617,21.637218475341797,113000
2023-02-08,26.690000534057617,26.93000030517578,26.690000534057617,26.93000030517578,22.038211822509766,104000
2023-02-09,26.899999618530273,26.93000030517578,26.899999618530273,26.93000030517578,22.038211822509766,101000
2023-02-10,26.860000610351562,26.860000610351562,26.850000381469727,26.850000381469727,21.972742080688477,101000
2023-02-13,26.709999084472656,26.709999084472656,26.600000381469727,26.600000381469727,21.76815414428711,133000
2023-02-14,26.780000686645508,26.8799991607666,26.729999542236328,26.829999923706055,21.956375122070312,135000
2023-02-15,26.610000610351562,26.649999618530273,26.399999618530273,26.399999618530273,21.604482650756836,146000
2023-02-16,26.6200008392334,26.920000076293945,26.6200008392334,26.920000076293945,22.030027389526367,131000
2023-02-17,26.5,26.59000015258789,26.3799991607666,26.3799991607666,21.588119506835938,163006
2023-02-20,26.469999313354492,26.469999313354492,26.43000030517578,26.43000030517578,21.629037857055664,101000
2023-02-21,26.360000610351562,26.479999542236328,26.360000610351562,26.3700008392334,21.579933166503906,198000
2023-02-22,26.0,26.1299991607666,25.889999389648438,26.1299991607666,21.383529663085938,125000
2023-02-23,26.399999618530273,26.399999618530273,26.399999618530273,26.399999618530273,21.604482650756836,103000
2023-02-24,26.43000030517578,26.43000030517578,26.229999542236328,26.229999542236328,21.465364456176758,140000
2023-03-01,25.979999542236328,26.290000915527344,25.979999542236328,26.290000915527344,21.51446533203125,111000
2023-03-02,26.290000915527344,26.31999969482422,26.290000915527344,26.31999969482422,21.539016723632812,101040
2023-03-03,26.329999923706055,26.350000381469727,26.329999923706055,26.350000381469727,21.563568115234375,101000
2023-03-06,26.5,26.790000915527344,26.5,26.75,21.890907287597656,127000
2023-03-07,26.81999969482422,26.90999984741211,26.81999969482422,26.90999984741211,22.02184295654297,102000
2023-03-08,26.40999984741211,26.5,26.40999984741211,26.5,21.686321258544922,117000
2023-03-09,26.399999618530273,26.450000762939453,26.399999618530273,26.450000762939453,21.645402908325195,101000
2023-03-10,26.049999237060547,26.049999237060547,25.860000610351562,26.010000228881836,21.285327911376953,115000
2023-03-13,26.010000228881836,26.229999542236328,26.010000228881836,26.229999542236328,21.465364456176758,109000
2023-03-14,26.229999542236328,26.229999542236328,25.799999237060547,25.799999237060547,21.113473892211914,132000
2023-03-15,26.139999389648438,26.139999389648438,25.989999771118164,26.0,21.277145385742188,104000
2023-03-16,25.729999542236328,25.8799991607666,25.729999542236328,25.829999923706055,21.138023376464844,150000
2023-03-17,26.18000030517578,26.239999771118164,26.170000076293945,26.239999771118164,21.473546981811523,134000
2023-03-20,26.190000534057617,26.190000534057617,26.149999618530273,26.149999618530273,21.399898529052734,122000
2023-03-21,26.15999984741211,26.290000915527344,26.149999618530273,26.219999313354492,21.45718002319336,227000
2023-03-22,26.290000915527344,26.56999969482422,26.290000915527344,26.559999465942383,21.73542022705078,110000
2023-03-23,26.690000534057617,26.920000076293945,26.690000534057617,26.920000076293945,22.030027389526367,124185
2023-03-24,26.989999771118164,27.010000228881836,26.989999771118164,27.010000228881836,22.103679656982422,102000
2023-03-27,26.8799991607666,26.989999771118164,26.850000381469727,26.8700008392334,21.989112854003906,137000
2023-03-28,26.739999771118164,26.780000686645508,26.700000762939453,26.700000762939453,21.849992752075195,124000
2023-03-29,26.649999618530273,26.670000076293945,26.649999618530273,26.670000076293945,21.825441360473633,102000
2023-03-30,26.93000030517578,26.950000762939453,26.809999465942383,26.950000762939453,22.05457878112793,105000
2023-03-31,27.100000381469727,27.170000076293945,27.100000381469727,27.170000076293945,22.234615325927734,101040
2023-04-06,26.899999618530273,26.899999618530273,26.81999969482422,26.81999969482422,21.948192596435547,103000
2023-04-07,26.850000381469727,26.860000610351562,26.850000381469727,26.860000610351562,21.980928421020508,101000
2023-04-10,27.030000686645508,27.06999969482422,27.030000686645508,27.040000915527344,22.12822914123535,156000
2023-04-11,27.0,27.1299991607666,27.0,27.06999969482422,22.152782440185547,134000
2023-04-12,27.06999969482422,27.06999969482422,26.829999923706055,27.020000457763672,22.11186408996582,128000
2023-04-13,26.8700008392334,26.950000762939453,26.84000015258789,26.93000030517578,22.038211822509766,104060
2023-04-14,26.90999984741211,27.1299991607666,26.90999984741211,27.1299991607666,22.201879501342773,103000
2023-04-17,26.989999771118164,26.989999771118164,26.899999618530273,26.920000076293945,22.030027389526367,114035
2023-04-18,26.8799991607666,26.8799991607666,26.729999542236328,26.75,21.890907287597656,131000
2023-04-19,26.68000030517578,26.719999313354492,26.68000030517578,26.719999313354492,21.866355895996094,110000
2023-04-20,26.520000457763672,26.6200008392334,26.440000534057617,26.440000534057617,21.637218475341797,134026
2023-04-21,26.6299991607666,26.75,26.440000534057617,26.75,21.890907287597656,236000
2023-04-24,26.5,26.5,26.219999313354492,26.219999313354492,21.45718002319336,124000
2023-04-25,26.1299991607666,26.1299991607666,25.739999771118164,25.739999771118164,21.064373016357422,127000
2023-04-26,25.739999771118164,25.799999237060547,25.68000030517578,25.799999237060547,21.113473892211914,103000
2023-04-27,25.790000915527344,25.899999618530273,25.790000915527344,25.829999923706055,21.138023376464844,104000
2023-04-28,26.0,26.059999465942383,26.0,26.059999465942383,21.326244354248047,110000
2023-05-02,26.15999984741211,26.299999237060547,26.15999984741211,26.299999237060547,21.52264976501465,102000
2023-05-03,26.15999984741211,26.190000534057617,26.1200008392334,26.190000534057617,21.432632446289062,108297
2023-05-04,26.18000030517578,26.200000762939453,26.18000030517578,26.200000762939453,21.440813064575195,101000
2023-05-05,26.229999542236328,26.299999237060547,26.229999542236328,26.299999237060547,21.52264976501465,102000
2023-05-08,26.40999984741211,26.610000610351562,26.40999984741211,26.610000610351562,21.776338577270508,108000
2023-05-09,26.399999618530273,26.559999465942383,26.399999618530273,26.559999465942383,21.73542022705078,103000
2023-05-10,26.479999542236328,26.479999542236328,26.260000228881836,26.309999465942383,21.530834197998047,111000
2023-05-11,26.270000457763672,26.31999969482422,26.260000228881836,26.260000228881836,21.48991584777832,104000
2023-05-12,26.100000381469727,26.209999084472656,26.100000381469727,26.209999084472656,21.448997497558594,105000
2023-05-15,26.100000381469727,26.1299991607666,26.059999465942383,26.1299991607666,21.383529663085938,102293
2023-05-16,26.290000915527344,26.399999618530273,26.290000915527344,26.399999618530273,21.604482650756836,112000
2023-05-17,26.639999389648438,26.729999542236328,26.6299991607666,26.729999542236328,21.874540328979492,103000
2023-05-18,26.850000381469727,26.969999313354492,26.850000381469727,26.969999313354492,22.070947647094727,123430
2023-05-19,27.149999618530273,27.34000015258789,27.149999618530273,27.34000015258789,22.373735427856445,105000
2023-05-22,27.540000915527344,27.540000915527344,27.510000228881836,27.520000457763672,22.521038055419922,173000
2023-05-23,27.520000457763672,27.540000915527344,27.520000457763672,27.540000915527344,22.53740692138672,102180
2023-05-24,27.399999618530273,27.399999618530273,27.3700008392334,27.389999389648438,22.41465187072754,121000
2023-05-25,27.450000762939453,27.639999389648438,27.450000762939453,27.639999389648438,22.619239807128906,153020
2023-05-26,27.799999237060547,28.260000228881836,27.799999237060547,28.260000228881836,23.12662124633789,146228
2023-05-29,28.350000381469727,28.5,28.350000381469727,28.479999542236328,23.30665397644043,201020
2023-05-30,28.719999313354492,28.780000686645508,28.65999984741211,28.65999984741211,23.45395851135254,113000
2023-05-31,28.790000915527344,28.790000915527344,28.489999771118164,28.65999984741211,23.45395851135254,107000
2023-06-01,28.479999542236328,28.479999542236328,28.3700008392334,28.40999984741211,23.249372482299805,102011
2023-06-02,28.59000015258789,28.899999618530273,28.59000015258789,28.899999618530273,23.650362014770508,114050
2023-06-05,28.979999542236328,29.049999237060547,28.979999542236328,28.989999771118164,23.724016189575195,103239
2023-06-06,28.829999923706055,28.989999771118164,28.829999923706055,28.969999313354492,23.7076473236084,123000
2023-06-07,29.100000381469727,29.170000076293945,29.100000381469727,29.170000076293945,23.87131690979004,105000
2023-06-08,29.049999237060547,29.049999237060547,28.8799991607666,28.8799991607666,23.633995056152344,135000
2023-06-09,29.1299991607666,29.34000015258789,29.110000610351562,29.329999923706055,24.002256393432617,132000
2023-06-12,29.579999923706055,29.579999923706055,29.5,29.540000915527344,24.174108505249023,154000
2023-06-13,29.829999923706055,30.260000228881836,29.829999923706055,30.260000228881836,24.763322830200195,138130
2023-06-14,30.219999313354492,30.229999542236328,30.139999389648438,30.229999542236328,24.73876953125,125000
2023-06-15,30.139999389648438,30.329999923706055,30.139999389648438,30.329999923706055,24.820606231689453,104000
2023-06-16,30.25,30.31999969482422,30.25,30.25,24.75514030456543,102009
2023-06-19,30.149999618530273,30.18000030517578,30.149999618530273,30.18000030517578,24.697853088378906,128080
2023-06-20,29.770000457763672,30.020000457763672,29.770000457763672,30.020000457763672,24.566917419433594,103071
2023-06-21,29.93000030517578,30.010000228881836,29.889999389648438,30.010000228881836,24.558734893798828,187000
2023-06-26,29.799999237060547,29.84000015258789,29.799999237060547,29.84000015258789,24.419612884521484,102037
2023-06-27,29.670000076293945,29.670000076293945,29.670000076293945,29.670000076293945,24.28049659729004,100070
2023-06-28,29.579999923706055,29.579999923706055,29.450000762939453,29.579999923706055,24.206844329833984,141000
2023-06-29,29.469999313354492,29.540000915527344,29.469999313354492,29.540000915527344,24.174108505249023,402000
2023-06-30,29.309999465942383,29.489999771118164,29.309999465942383,29.489999771118164,24.13319206237793,187000
2023-07-03,29.75,29.950000762939453,29.75,29.950000762939453,24.509634017944336,103165
2023-07-04,30.15999984741211,30.280000686645508,30.15999984741211,30.280000686645508,24.779687881469727,125020
2023-07-05,30.239999771118164,30.239999771118164,30.049999237060547,30.049999237060547,24.59147071838379,124000
2023-07-06,29.920000076293945,29.979999542236328,29.690000534057617,29.690000534057617,24.296859741210938,674000
2023-07-07,29.479999542236328,29.479999542236328,29.299999237060547,29.3700008392334,24.034990310668945,870000
2023-07-10,29.459999084472656,29.540000915527344,29.34000015258789,29.43000030517578,24.084091186523438,1145000
2023-07-11,29.700000762939453,29.940000534057617,29.700000762939453,29.940000534057617,24.50145149230957,1265000
2023-07-12,30.0,30.260000228881836,30.0,30.260000228881836,24.763322830200195,1445000
2023-07-13,30.770000457763672,30.969999313354492,30.65999984741211,30.690000534057617,25.115215301513672,848000
2023-07-14,31.059999465942383,31.170000076293945,30.899999618530273,31.139999389648438,25.483470916748047,747011
2023-07-17,31.229999542236328,31.309999465942383,31.15999984741211,31.309999465942383,25.622591018676758,662000
2023-07-18,30.15999984741211,30.18000030517578,29.8700008392334,29.93000030517578,25.469419479370117,329000
2023-07-19,29.940000534057617,30.010000228881836,29.600000381469727,29.639999389648438,25.22263526916504,329800
2023-07-20,29.639999389648438,29.700000762939453,29.610000610351562,29.610000610351562,25.197107315063477,272100
2023-07-21,29.170000076293945,29.399999618530273,28.940000534057617,29.399999618530273,25.018404006958008,512200
2023-07-24,29.350000381469727,29.600000381469727,29.350000381469727,29.530000686645508,25.1290340423584,254000
2023-07-25,29.68000030517578,29.8700008392334,29.68000030517578,29.690000534057617,25.265186309814453,289000
2023-07-26,29.68000030517578,29.68000030517578,29.5,29.540000915527344,25.137542724609375,138000
2023-07-27,29.709999084472656,29.84000015258789,29.68000030517578,29.780000686645508,25.341772079467773,333000
2023-07-28,29.780000686645508,30.0,29.75,29.920000076293945,25.460908889770508,134000
2023-07-31,30.219999313354492,30.280000686645508,29.799999237060547,29.799999237060547,25.35879135131836,163000
2023-08-01,29.959999084472656,30.06999969482422,29.920000076293945,30.06999969482422,25.58855438232422,128000
2023-08-02,30.06999969482422,30.06999969482422,29.350000381469727,29.360000610351562,24.984371185302734,212200
2023-08-04,29.170000076293945,29.290000915527344,29.010000228881836,29.100000381469727,24.76311492919922,181000
2023-08-07,29.209999084472656,29.5,29.209999084472656,29.440000534057617,25.052446365356445,141000
2023-08-08,29.149999618530273,29.149999618530273,28.979999542236328,29.020000457763672,24.695037841796875,165000
2023-08-09,29.040000915527344,29.110000610351562,29.040000915527344,29.079999923706055,24.746095657348633,124000
2023-08-10,28.950000762939453,28.950000762939453,28.770000457763672,28.799999237060547,24.507823944091797,128000
2023-08-11,28.850000381469727,28.850000381469727,28.68000030517578,28.75,24.46527862548828,165000
2023-08-14,28.31999969482422,28.31999969482422,28.219999313354492,28.260000228881836,24.04830551147461,134219
2023-08-15,28.530000686645508,28.549999237060547,28.469999313354492,28.5,24.25253677368164,118000
2023-08-16,28.229999542236328,28.40999984741211,28.219999313354492,28.40999984741211,24.175949096679688,163000
2023-08-17,28.200000762939453,28.420000076293945,28.200000762939453,28.420000076293945,24.184459686279297,163000
2023-08-18,28.389999389648438,28.43000030517578,28.100000381469727,28.100000381469727,23.91214942932129,112000
2023-08-21,28.309999465942383,28.309999465942383,28.149999618530273,28.149999618530273,23.95469856262207,209000
2023-08-22,28.450000762939453,28.5,28.399999618530273,28.459999084472656,24.218496322631836,175000
2023-08-23,28.440000534057617,28.479999542236328,28.399999618530273,28.479999542236328,24.235517501831055,133000
2023-08-24,29.040000915527344,29.190000534057617,29.040000915527344,29.09000015258789,24.754606246948242,187000
2023-08-25,28.649999618530273,28.649999618530273,28.479999542236328,28.479999542236328,24.235517501831055,132034
2023-08-28,28.469999313354492,28.530000686645508,28.459999084472656,28.459999084472656,24.218496322631836,137020
2023-08-29,28.459999084472656,28.600000381469727,28.459999084472656,28.600000381469727,24.33763313293457,104000
2023-08-30,28.940000534057617,28.979999542236328,28.8700008392334,28.8700008392334,24.56739616394043,123000
2023-08-31,28.770000457763672,28.790000915527344,28.770000457763672,28.790000915527344,24.499319076538086,103174
2023-09-01,28.829999923706055,28.8799991607666,28.799999237060547,28.8799991607666,24.575902938842773,121000
2023-09-04,28.8799991607666,29.059999465942383,28.8799991607666,29.059999465942383,24.729076385498047,131000
2023-09-05,29.020000457763672,29.040000915527344,29.020000457763672,29.040000915527344,24.712059020996094,101234
2023-09-06,28.989999771118164,28.989999771118164,28.899999618530273,28.940000534057617,24.626962661743164,110124
2023-09-07,28.809999465942383,28.809999465942383,28.75,28.75,24.46527862548828,106000
2023-09-08,28.540000915527344,28.649999618530273,28.5,28.549999237060547,24.29508399963379,134000
2023-09-11,28.549999237060547,28.549999237060547,28.25,28.360000610351562,24.13340187072754,138014
2023-09-12,28.350000381469727,28.5,28.350000381469727,28.489999771118164,24.2440242767334,143000
2023-09-13,28.600000381469727,28.600000381469727,28.469999313354492,28.5,24.25253677368164,105013
2023-09-14,28.729999542236328,28.889999389648438,28.709999084472656,28.8799991607666,24.575902938842773,302000
2023-09-15,29.0,29.209999084472656,29.0,29.209999084472656,24.85672378540039,197004
2023-09-18,28.84000015258789,28.850000381469727,28.760000228881836,28.760000228881836,24.47378921508789,120000
2023-09-19,28.6200008392334,28.6200008392334,28.579999923706055,28.579999923706055,24.320613861083984,104000
2023-09-20,28.510000228881836,28.510000228881836,28.440000534057617,28.440000534057617,24.201480865478516,101000
2023-09-21,28.09000015258789,28.110000610351562,28.0,28.0,23.82705307006836,205000
2023-09-22,27.8700008392334,27.920000076293945,27.8700008392334,27.899999618530273,23.741954803466797,107135
2023-09-25,28.0,28.1299991607666,27.969999313354492,28.1299991607666,23.93767738342285,112145
2023-09-26,28.06999969482422,28.06999969482422,27.75,27.75,23.61431121826172,121000
2023-09-27,27.670000076293945,27.690000534057617,27.600000381469727,27.639999389648438,23.520706176757812,105060
2023-09-28,27.65999984741211,27.780000686645508,27.6200008392334,27.780000686645508,23.639841079711914,118000
2023-10-02,27.780000686645508,28.06999969482422,27.780000686645508,28.06999969482422,23.886621475219727,107000
2023-10-03,27.979999542236328,28.010000228881836,27.899999618530273,27.90999984741211,23.750465393066406,162082
2023-10-04,27.3700008392334,27.520000457763672,27.3700008392334,27.5,23.40157127380371,107000
2023-10-05,27.829999923706055,27.950000762939453,27.829999923706055,27.950000762939453,23.78450584411621,106000
2023-10-06,27.889999389648438,28.049999237060547,27.889999389648438,27.979999542236328,23.810033798217773,106000
2023-10-11,28.18000030517578,28.479999542236328,28.18000030517578,28.479999542236328,24.235517501831055,152106
2023-10-12,28.469999313354492,28.56999969482422,28.350000381469727,28.549999237060547,24.29508399963379,118000
2023-10-13,28.5,28.5,28.479999542236328,28.5,24.25253677368164,103099
2023-10-16,28.239999771118164,28.260000228881836,28.18000030517578,28.18000030517578,23.980228424072266,120000
2023-10-17,28.34000015258789,28.489999771118164,28.34000015258789,28.479999542236328,24.235517501831055,120000
2023-10-18,28.190000534057617,28.389999389648438,28.190000534057617,28.389999389648438,24.1589298248291,105000
2023-10-19,28.059999465942383,28.15999984741211,28.059999465942383,28.110000610351562,23.920658111572266,120000
2023-10-20,27.950000762939453,28.1200008392334,27.889999389648438,28.1200008392334,23.929170608520508,118000
2023-10-23,27.8700008392334,27.940000534057617,27.760000228881836,27.760000228881836,23.622819900512695,194017
2023-10-24,27.850000381469727,27.8700008392334,27.729999542236328,27.8700008392334,23.716428756713867,129000
2023-10-25,27.950000762939453,28.049999237060547,27.950000762939453,28.0,23.82705307006836,103000
2023-10-26,27.3700008392334,27.399999618530273,27.280000686645508,27.399999618530273,23.31647300720215,154000
2023-10-27,27.450000762939453,27.450000762939453,27.450000762939453,27.450000762939453,23.35902214050293,100000
2023-10-30,27.440000534057617,27.450000762939453,27.420000076293945,27.420000076293945,23.333494186401367,102000
2023-10-31,27.469999313354492,27.469999313354492,27.1299991607666,27.1299991607666,23.086711883544922,147000
2023-11-01,27.329999923706055,27.329999923706055,27.219999313354492,27.329999923706055,23.256906509399414,105000
2023-11-02,27.8700008392334,28.020000457763672,27.8700008392334,28.020000457763672,23.844072341918945,163000
2023-11-03,28.1299991607666,28.360000610351562,28.1299991607666,28.299999237060547,24.08234214782715,179007
2023-11-06,28.729999542236328,28.959999084472656,28.729999542236328,28.959999084472656,24.643980026245117,151000
2023-11-07,29.030000686645508,29.030000686645508,28.799999237060547,28.799999237060547,24.507823944091797,148069
2023-11-08,28.899999618530273,29.0,28.899999618530273,28.989999771118164,24.669509887695312,105000
2023-11-09,28.84000015258789,28.950000762939453,28.84000015258789,28.950000762939453,24.63547134399414,126370
2023-11-10,28.700000762939453,28.829999923706055,28.700000762939453,28.799999237060547,24.507823944091797,107052
2023-11-13,29.09000015258789,29.1200008392334,28.979999542236328,29.059999465942383,24.729076385498047,115095
2023-11-14,29.09000015258789,29.209999084472656,29.09000015258789,29.209999084472656,24.85672378540039,116100
2023-11-15,29.6299991607666,29.639999389648438,29.530000686645508,29.530000686645508,25.1290340423584,167000
2023-11-16,29.68000030517578,29.68000030517578,29.489999771118164,29.56999969482422,25.163068771362305,238000
2023-11-17,29.549999237060547,29.75,29.549999237060547,29.700000762939453,25.273696899414062,279000
2023-11-20,29.549999237060547,29.670000076293945,29.549999237060547,29.6299991607666,25.214126586914062,142000
2023-11-21,29.850000381469727,29.940000534057617,29.850000381469727,29.93000030517578,25.469419479370117,172000
2023-11-22,29.6299991607666,29.690000534057617,29.56999969482422,29.690000534057617,25.265186309814453,198000
2023-11-23,29.65999984741211,29.65999984741211,29.559999465942383,29.649999618530273,25.23114585876465,109000
2023-11-24,29.700000762939453,29.700000762939453,29.540000915527344,29.540000915527344,25.137542724609375,105000
2023-11-27,29.540000915527344,29.540000915527344,29.399999618530273,29.399999618530273,25.018404006958008,104000
2023-11-28,29.389999389648438,29.649999618530273,29.389999389648438,29.649999618530273,25.23114585876465,104002
2023-11-29,29.760000228881836,29.760000228881836,29.700000762939453,29.700000762939453,25.273696899414062,148040
2023-11-30,29.65999984741211,29.780000686645508,29.65999984741211,29.75,25.31624412536621,118084
2023-12-01,29.549999237060547,29.700000762939453,29.549999237060547,29.700000762939453,25.273696899414062,124187
2023-12-04,29.75,29.75,29.6200008392334,29.6299991607666,25.214126586914062,120194
2023-12-05,29.399999618530273,29.459999084472656,29.329999923706055,29.459999084472656,25.069461822509766,190010
2023-12-06,29.540000915527344,29.540000915527344,29.489999771118164,29.510000228881836,25.11201286315918,106000
2023-12-07,29.420000076293945,29.420000076293945,29.3700008392334,29.389999389648438,25.00989532470703,103000
2023-12-08,29.639999389648438,29.639999389648438,29.610000610351562,29.6299991607666,25.214126586914062,128000
2023-12-11,29.600000381469727,29.649999618530273,29.559999465942383,29.639999389648438,25.22263526916504,111093
2023-12-12,29.850000381469727,29.850000381469727,29.709999084472656,29.709999084472656,25.28220558166504,137000
2023-12-13,29.75,29.829999923706055,29.75,29.81999969482422,25.375812530517578,113000
2023-12-14,30.139999389648438,30.260000228881836,30.100000381469727,30.200000762939453,25.69917869567871,176038
2023-12-15,30.489999771118164,30.5,30.389999389648438,30.399999618530273,25.869373321533203,131000
2023-12-18,30.18000030517578,30.40999984741211,30.18000030517578,30.40999984741211,25.877883911132812,132000
2023-12-19,30.190000534057617,30.209999084472656,30.18000030517578,30.200000762939453,25.69917869567871,117099
2023-12-20,30.3700008392334,30.479999542236328,30.3700008392334,30.479999542236328,25.937450408935547,122000
2023-12-21,30.31999969482422,30.40999984741211,30.290000915527344,30.389999389648438,25.86086082458496,215000
2023-12-22,30.56999969482422,30.56999969482422,30.469999313354492,30.540000915527344,25.988508224487305,158000
2023-12-25,30.600000381469727,30.649999618530273,30.559999465942383,30.559999465942383,26.00552749633789,130000
2023-12-26,30.649999618530273,30.739999771118164,30.649999618530273,30.739999771118164,26.158700942993164,136000
2023-12-27,30.799999237060547,31.139999389648438,30.799999237060547,31.1299991607666,26.490575790405273,160000
2023-12-28,31.139999389648438,31.149999618530273,31.1200008392334,31.1299991607666,26.490575790405273,264000
2023-12-29,31.139999389648438,31.200000762939453,31.1299991607666,31.200000762939453,26.550146102905273,120000
2024-01-02,31.1299991607666,31.1299991607666,30.8700008392334,31.049999237060547,26.422500610351562,141000
2024-01-03,30.81999969482422,30.81999969482422,30.399999618530273,30.440000534057617,25.903411865234375,121020
2024-01-04,30.420000076293945,30.450000762939453,30.290000915527344,30.329999923706055,25.809803009033203,157220
2024-01-05,30.40999984741211,30.40999984741211,30.219999313354492,30.219999313354492,25.716196060180664,112220
2024-01-08,30.3799991607666,30.389999389648438,30.309999465942383,30.329999923706055,25.809803009033203,126050
2024-01-09,30.56999969482422,30.56999969482422,30.239999771118164,30.239999771118164,25.733217239379883,115042
2024-01-10,30.0,30.049999237060547,29.969999313354492,29.969999313354492,25.50345802307129,135061
2024-01-11,30.1299991607666,30.1299991607666,30.100000381469727,30.1200008392334,25.631101608276367,112000
2024-01-12,30.110000610351562,30.149999618530273,30.049999237060547,30.049999237060547,25.571535110473633,123040
2024-01-15,30.049999237060547,30.049999237060547,30.049999237060547,30.049999237060547,25.571535110473633,0
2024-01-16,29.959999084472656,30.010000228881836,29.84000015258789,29.940000534057617,25.477928161621094,154000
2024-01-17,28.649999618530273,28.65999984741211,28.299999237060547,28.299999237060547,25.000877380371094,179020
2024-01-18,28.40999984741211,28.450000762939453,28.360000610351562,28.399999618530273,25.08922004699707,122000
2024-01-19,28.969999313354492,29.40999984741211,28.969999313354492,29.40999984741211,25.98147964477539,159024
2024-01-22,29.84000015258789,29.90999984741211,29.760000228881836,29.770000457763672,26.299510955810547,213500
2024-01-23,29.739999771118164,29.75,29.700000762939453,29.700000762939453,26.237672805786133,123000
2024-01-24,29.709999084472656,29.709999084472656,29.65999984741211,29.65999984741211,26.20233154296875,107000
2024-01-25,29.729999542236328,29.780000686645508,29.649999618530273,29.770000457763672,26.299510955810547,129018
2024-01-26,29.68000030517578,29.739999771118164,29.649999618530273,29.649999618530273,26.193500518798828,131130
2024-01-29,29.700000762939453,29.809999465942383,29.700000762939453,29.809999465942383,26.33484649658203,113000
2024-01-30,29.709999084472656,29.770000457763672,29.68000030517578,29.68000030517578,26.220003128051758,108074
2024-01-31,29.610000610351562,29.610000610351562,29.469999313354492,29.479999542236328,26.043319702148438,107000
2024-02-01,29.479999542236328,29.479999542236328,29.270000457763672,29.40999984741211,25.98147964477539,113105
2024-02-02,29.649999618530273,29.84000015258789,29.649999618530273,29.84000015258789,26.36134910583496,110000
2024-02-05,29.780000686645508,29.829999923706055,29.75,29.829999923706055,26.352514266967773,111000
2024-02-15,30.09000015258789,30.700000762939453,30.0,30.700000762939453,27.121095657348633,231028
2024-02-16,30.760000228881836,30.770000457763672,30.690000534057617,30.690000534057617,27.112260818481445,153020
2024-02-19,30.75,30.75,30.729999542236328,30.739999771118164,27.156431198120117,133042
2024-02-20,30.780000686645508,30.799999237060547,30.739999771118164,30.799999237060547,27.20943832397461,125039
2024-02-21,30.649999618530273,30.760000228881836,30.639999389648438,30.700000762939453,27.121095657348633,145095
2024-02-22,31.020000457763672,31.020000457763672,30.799999237060547,30.940000534057617,27.33311653137207,136100
2024-02-23,31.1200008392334,31.260000228881836,31.1200008392334,31.209999084472656,27.571640014648438,137045
2024-02-26,31.18000030517578,31.299999237060547,31.18000030517578,31.299999237060547,27.651147842407227,147000
2024-02-27,31.399999618530273,31.399999618530273,31.1200008392334,31.200000762939453,27.562807083129883,151002
2024-02-29,31.059999465942383,31.15999984741211,31.059999465942383,31.15999984741211,27.527469635009766,102000
2024-03-01,31.200000762939453,31.239999771118164,31.059999465942383,31.059999465942383,27.43912696838379,165029
2024-03-04,31.399999618530273,31.700000762939453,31.399999618530273,31.700000762939453,28.004518508911133,412089
2024-03-05,31.84000015258789,31.979999542236328,31.829999923706055,31.920000076293945,28.198871612548828,136000
2024-03-06,31.649999618530273,32.0,31.649999618530273,31.93000030517578,28.207706451416016,152081
2024-03-07,32.34000015258789,32.5,32.310001373291016,32.400001525878906,28.622915267944336,142154
2024-03-08,32.95000076293945,33.040000915527344,32.619998931884766,32.810001373291016,28.985118865966797,234000
2024-03-11,32.70000076293945,32.70000076293945,32.5,32.650001525878906,28.84377098083496,626000
2024-03-12,32.70000076293945,32.939998626708984,32.70000076293945,32.939998626708984,29.099958419799805,112000
2024-03-13,33.099998474121094,33.22999954223633,33.040000915527344,33.04999923706055,29.197139739990234,138020
2024-03-14,32.900001525878906,32.97999954223633,32.720001220703125,32.880001068115234,29.046958923339844,236000
2024-03-15,32.7400016784668,32.7400016784668,32.650001525878906,32.70000076293945,28.887939453125,115115
2024-03-18,32.61000061035156,32.79999923706055,32.599998474121094,32.79999923706055,28.97628402709961,121002
2024-03-19,32.720001220703125,32.790000915527344,32.720001220703125,32.779998779296875,28.958616256713867,123090
2024-03-20,33.0,33.04999923706055,32.86000061035156,32.86000061035156,29.0292911529541,169000
2024-03-21,33.38999938964844,33.900001525878906,33.38999938964844,33.88999938964844,29.93921661376953,197025
2024-03-22,33.88999938964844,34.0,33.709999084472656,33.95000076293945,29.992219924926758,126003
2024-03-25,33.86000061035156,33.90999984741211,33.86000061035156,33.86000061035156,29.91271209716797,107128
2024-03-26,34.0,34.06999969482422,33.75,33.83000183105469,29.886211395263672,181001
2024-03-27,34.0,34.15999984741211,33.9900016784668,34.15999984741211,30.177736282348633,116023
2024-03-28,34.15999984741211,34.20000076293945,34.0,34.189998626708984,30.204240798950195,118000
2024-03-29,34.189998626708984,34.400001525878906,34.189998626708984,34.400001525878906,30.389760971069336,2000
2024-04-01,34.61000061035156,34.68000030517578,34.349998474121094,34.43000030517578,30.416263580322266,130016
2024-04-02,34.72999954223633,34.880001068115234,34.65999984741211,34.880001068115234,30.813804626464844,119000
2024-04-03,34.59000015258789,34.7400016784668,34.529998779296875,34.70000076293945,30.654787063598633,162001
2024-04-08,34.7599983215332,34.849998474121094,34.7400016784668,34.79999923706055,30.743125915527344,178187
2024-04-09,34.900001525878906,34.95000076293945,34.86000061035156,34.95000076293945,30.875646591186523,108037
2024-04-10,34.95000076293945,35.0,34.95000076293945,34.970001220703125,30.893310546875,109108
2024-04-11,34.75,34.83000183105469,34.75,34.83000183105469,30.769636154174805,113000
2024-04-12,34.83000183105469,34.939998626708984,34.810001373291016,34.810001373291016,30.75196647644043,108001
2024-04-15,34.29999923706055,34.29999923706055,33.970001220703125,34.22999954223633,30.239582061767578,169028
2024-04-16,33.38999938964844,33.38999938964844,33.09000015258789,33.189998626708984,29.320816040039062,123001
2024-04-17,33.06999969482422,33.41999816894531,33.06999969482422,33.41999816894531,29.524003982543945,118020
2024-04-18,33.34000015258789,33.650001525878906,33.34000015258789,33.650001525878906,29.727190017700195,113000
2024-04-19,33.0,33.0,32.060001373291016,32.58000183105469,28.781930923461914,187001
2024-04-22,32.310001373291016,32.45000076293945,32.02000045776367,32.130001068115234,28.38439178466797,140001
2024-04-23,32.13999938964844,32.2599983215332,32.08000183105469,32.2599983215332,28.49923324584961,109011
2024-04-24,32.5,33.18000030517578,32.5,33.119998931884766,29.258974075317383,199088
2024-04-25,32.93000030517578,32.93000030517578,32.79999923706055,32.83000183105469,29.002788543701172,126023
2024-04-26,33.130001068115234,33.13999938964844,33.040000915527344,33.13999938964844,29.276647567749023,106000
2024-04-29,33.290000915527344,33.439998626708984,33.290000915527344,33.34000015258789,29.453330993652344,144000
2024-04-30,33.40999984741211,33.58000183105469,33.29999923706055,33.29999923706055,29.417997360229492,107012
2024-05-02,33.25,33.25,33.22999954223633,33.22999954223633,29.356155395507812,101005
2024-05-03,33.349998474121094,33.56999969482422,33.349998474121094,33.400001525878906,29.50634002685547,152093
2024-05-06,33.81999969482422,33.880001068115234,33.77000045776367,33.77000045776367,29.833208084106445,153000
2024-05-07,34.18000030517578,34.2599983215332,33.869998931884766,34.2599983215332,30.266080856323242,271025
2024-05-08,34.29999923706055,34.470001220703125,34.2599983215332,34.470001220703125,30.45160484313965,175000
2024-05-09,34.400001525878906,34.47999954223633,34.369998931884766,34.369998931884766,30.363256454467773,176001
2024-05-10,34.369998931884766,34.380001068115234,34.290000915527344,34.380001068115234,30.372095108032227,106000
2024-05-13,34.38999938964844,34.43000030517578,34.380001068115234,34.43000030517578,30.416263580322266,110007
2024-05-14,34.54999923706055,34.599998474121094,34.4900016784668,34.599998474121094,30.566442489624023,109157
2024-05-15,34.97999954223633,35.0,34.939998626708984,34.939998626708984,30.86680793762207,111000
2024-05-16,35.56999969482422,35.56999969482422,35.20000076293945,35.22999954223633,31.123001098632812,105000
2024-05-17,35.20000076293945,35.20000076293945,35.099998474121094,35.130001068115234,31.03466033935547,115001
2024-05-20,35.25,35.25,34.9900016784668,35.18000030517578,31.078832626342773,150064
2024-05-21,35.11000061035156,35.209999084472656,35.060001373291016,35.06999969482422,30.981653213500977,155001
2024-05-22,35.150001525878906,35.599998474121094,35.150001525878906,35.599998474121094,31.44986915588379,126005
2024-05-23,35.61000061035156,35.93000030517578,35.61000061035156,35.93000030517578,31.741395950317383,123000
2024-05-24,35.599998474121094,35.77000045776367,35.599998474121094,35.70000076293945,31.538209915161133,123048
2024-05-27,35.970001220703125,36.2400016784668,35.970001220703125,36.099998474121094,31.89157485961914,120024
2024-05-28,36.29999923706055,36.40999984741211,36.29999923706055,36.36000061035156,32.121273040771484,125000
2024-05-29,36.36000061035156,36.36000061035156,35.900001525878906,35.900001525878906,31.71489715576172,127101
2024-05-30,35.63999938964844,35.63999938964844,35.25,35.349998474121094,31.229015350341797,131001
2024-05-31,35.349998474121094,35.349998474121094,34.939998626708984,35.04999923706055,30.9639835357666,111121
2024-06-03,35.279998779296875,35.47999954223633,35.220001220703125,35.47999954223633,31.34385871887207,107000
2024-06-04,35.36000061035156,35.36000061035156,35.130001068115234,35.209999084472656,31.105335235595703,103001
2024-06-05,35.220001220703125,35.41999816894531,35.220001220703125,35.34000015258789,31.220172882080078,127000
2024-06-06,36.09000015258789,36.13999938964844,36.0,36.099998474121094,31.89157485961914,142000
2024-06-07,36.099998474121094,36.099998474121094,35.90999984741211,36.0,31.803237915039062,104001
2024-06-11,35.91999816894531,36.0099983215332,35.90999984741211,35.93000030517578,31.741395950317383,106000
2024-06-12,36.099998474121094,36.400001525878906,36.099998474121094,36.380001068115234,32.138938903808594,123000
2024-06-13,37.0,37.2400016784668,37.0,37.2400016784668,32.898685455322266,126285
2024-06-14,37.2400016784668,37.45000076293945,37.11000061035156,37.45000076293945,33.08420181274414,113000
2024-06-17,37.45000076293945,37.56999969482422,37.40999984741211,37.470001220703125,33.101871490478516,167000
2024-06-18,37.790000915527344,37.900001525878906,37.790000915527344,37.900001525878906,33.481746673583984,12458
2024-06-19,38.25,39.02000045776367,38.25,39.02000045776367,34.4711799621582,279015
2024-06-20,39.02000045776367,39.380001068115234,39.02000045776367,39.380001068115234,34.789207458496094,134000
2024-06-21,38.869998931884766,39.04999923706055,38.790000915527344,38.90999984741211,34.37399673461914,158096
2024-06-24,38.63999938964844,38.63999938964844,38.06999969482422,38.16999816894531,33.72026062011719,148027
2024-06-25,37.959999084472656,38.22999954223633,37.68000030517578,38.22999954223633,33.77326965332031,114005
2024-06-26,38.40999984741211,38.52000045776367,38.34000015258789,38.52000045776367,34.02946090698242,262000
2024-06-27,38.33000183105469,38.59000015258789,38.33000183105469,38.540000915527344,34.04713821411133,148000
2024-06-28,38.61000061035156,38.88999938964844,38.599998474121094,38.88999938964844,34.35633087158203,150038
2024-07-01,38.849998474121094,39.02000045776367,38.849998474121094,38.88999938964844,34.35633087158203,120000
2024-07-02,38.779998779296875,38.90999984741211,38.459999084472656,38.52000045776367,34.02946090698242,1187076
2024-07-03,38.959999084472656,38.959999084472656,38.54999923706055,38.72999954223633,34.21498489379883,958560
2024-07-04,39.220001220703125,39.5099983215332,39.220001220703125,39.459999084472656,34.85987854003906,896000
2024-07-05,39.83000183105469,44.18000030517578,39.810001373291016,43.95000076293945,38.82645034790039,3941005
2024-07-08,40.5,41.70000076293945,40.220001220703125,41.59000015258789,36.741573333740234,6464100
2024-07-09,40.93000030517578,41.97999954223633,40.93000030517578,41.709999084472656,36.84757995605469,2603134
2024-07-10,42.0,42.029998779296875,41.75,41.9900016784668,37.094947814941406,2980610
2024-07-11,42.75,42.75,42.25,42.599998474121094,37.633827209472656,2640100
2024-07-12,42.36000061035156,42.470001220703125,42.150001525878906,42.41999816894531,37.47481155395508,2930087
2024-07-15,42.5,42.7599983215332,42.290000915527344,42.470001220703125,37.518985748291016,4528149
2024-07-16,38.900001525878906,39.029998779296875,37.68000030517578,37.779998779296875,35.66852951049805,2907047
2024-07-17,37.54999923706055,37.54999923706055,37.0,37.060001373291016,34.988773345947266,2066040
2024-07-18,35.79999923706055,36.400001525878906,35.79999923706055,36.06999969482422,34.054100036621094,1568701
2024-07-19,36.060001373291016,36.119998931884766,35.70000076293945,35.720001220703125,33.72365951538086,1103179
2024-07-22,35.70000076293945,35.709999084472656,34.619998931884766,34.83000183105469,32.88340377807617,1311049
2024-07-23,35.400001525878906,35.5,35.20000076293945,35.459999084472656,33.478187561035156,792067
2024-07-26,34.619998931884766,34.66999816894531,34.20000076293945,34.439998626708984,32.515193939208984,1522049
2024-07-29,34.709999084472656,34.709999084472656,34.470001220703125,34.68000030517578,32.741783142089844,456312
2024-07-30,34.4900016784668,34.4900016784668,33.869998931884766,34.279998779296875,32.364139556884766,1251689
2024-07-31,34.20000076293945,34.43000030517578,34.0099983215332,34.43000030517578,32.50575637817383,657821
2024-08-01,34.790000915527344,35.25,34.7400016784668,35.04999923706055,33.091102600097656,513413
2024-08-02,33.81999969482422,33.959999084472656,33.310001373291016,33.380001068115234,31.514436721801758,696884
2024-08-05,32.0,32.0,30.190000534057617,30.309999465942383,28.616016387939453,1251580
2024-08-06,31.049999237060547,31.5,30.399999618530273,31.09000015258789,29.35242462158203,775095
2024-08-07,31.56999969482422,32.380001068115234,31.479999542236328,32.33000183105469,30.52312469482422,590203
2024-08-08,32.0,32.0,31.450000762939453,31.59000015258789,29.824480056762695,576300
2024-08-09,32.83000183105469,32.83000183105469,32.209999084472656,32.36000061035156,30.55144500732422,331010
2024-08-12,32.81999969482422,33.099998474121094,32.81999969482422,32.95000076293945,31.108474731445312,230190
2024-08-13,33.20000076293945,33.20000076293945,33.0,33.150001525878906,31.29729461669922,197010
2024-08-14,33.70000076293945,33.7400016784668,33.54999923706055,33.65999984741211,31.778789520263672,250000
2024-08-15,33.65999984741211,33.70000076293945,33.54999923706055,33.61000061035156,31.731582641601562,367245
2024-08-16,34.0,34.310001373291016,34.0,34.310001373291016,32.392459869384766,345991
2024-08-19,34.34000015258789,34.54999923706055,34.310001373291016,34.349998474121094,32.43022537231445,282361
2024-08-20,34.4900016784668,34.779998779296875,34.47999954223633,34.47999954223633,32.55296325683594,246210
2024-08-21,34.0,34.310001373291016,34.0,34.29999923706055,32.38302230834961,315244
2024-08-22,34.380001068115234,34.380001068115234,33.959999084472656,34.099998474121094,32.19419479370117,308935
2024-08-23,33.97999954223633,34.099998474121094,33.77000045776367,34.060001373291016,32.156436920166016,220332
2024-08-26,34.08000183105469,34.36000061035156,33.95000076293945,34.08000183105469,32.17531967163086,285341
2024-08-27,33.9900016784668,33.9900016784668,33.68000030517578,33.83000183105469,31.93929100036621,218502
2024-08-28,33.709999084472656,34.0,33.599998474121094,34.0,32.099788665771484,181045
2024-08-29,33.5,33.7599983215332,33.439998626708984,33.630001068115234,31.750465393066406,232000
2024-08-30,33.650001525878906,33.77000045776367,33.650001525878906,33.7400016784668,31.854320526123047,171235
2024-09-02,33.7599983215332,33.779998779296875,33.61000061035156,33.619998931884766,31.741025924682617,269106
2024-09-03,33.70000076293945,33.70000076293945,33.529998779296875,33.529998779296875,31.656051635742188,285004
2024-09-04,32.79999923706055,32.79999923706055,31.739999771118164,32.0099983215332,30.221004486083984,713808
2024-09-05,32.119998931884766,32.290000915527344,31.90999984741211,31.940000534057617,30.154918670654297,285301
2024-09-06,31.760000228881836,32.150001525878906,31.760000228881836,32.099998474121094,30.30597686767578,190761
2024-09-09,31.690000534057617,31.690000534057617,31.290000915527344,31.690000534057617,29.91888999938965,276109
2024-09-10,31.700000762939453,31.739999771118164,31.450000762939453,31.479999542236328,29.720626831054688,123240
2024-09-11,31.489999771118164,31.5,31.40999984741211,31.5,29.7395076751709,147200
2024-09-12,31.950000762939453,32.34000015258789,31.950000762939453,32.29999923706055,30.49479866027832,214000
2024-09-13,32.29999923706055,32.29999923706055,32.15999984741211,32.2599983215332,30.45703125,122145
2024-09-16,32.220001220703125,32.29999923706055,32.150001525878906,32.29999923706055,30.49479866027832,182008
2024-09-18,32.22999954223633,32.27000045776367,31.700000762939453,31.950000762939453,30.16436195373535,327095
2024-09-19,31.8700008392334,32.15999984741211,31.770000457763672,32.15999984741211,30.36262321472168,200200
2024-09-20,32.290000915527344,32.45000076293945,32.290000915527344,32.34000015258789,30.532564163208008,217117
2024-09-23,32.380001068115234,32.45000076293945,32.380001068115234,32.439998626708984,30.626972198486328,144000
2024-09-24,32.41999816894531,32.720001220703125,32.27000045776367,32.720001220703125,30.891324996948242,197262
2024-09-25,32.95000076293945,33.16999816894531,32.88999938964844,33.119998931884766,31.268964767456055,322183
2024-09-26,33.41999816894531,33.54999923706055,33.279998779296875,33.47999954223633,31.60884666442871,310070
2024-09-27,33.810001373291016,33.880001068115234,33.59000015258789,33.63999938964844,31.75990867614746,275206
2024-09-30,33.40999984741211,33.40999984741211,32.810001373291016,32.810001373291016,30.97629737854004,211110
2024-10-01,32.68000030517578,32.810001373291016,32.59000015258789,32.630001068115234,30.80635643005371,168301
2024-10-04,32.4900016784668,32.75,32.369998931884766,32.369998931884766,30.56088638305664,275225
2024-10-07,32.61000061035156,32.970001220703125,32.61000061035156,32.90999984741211,31.07070541381836,227110
2024-10-08,32.900001525878906,32.900001525878906,32.560001373291016,32.79999923706055,30.966854095458984,136000
2024-10-09,32.970001220703125,33.15999984741211,32.970001220703125,33.04999923706055,31.202882766723633,412141
2024-10-11,33.0099983215332,33.43000030517578,32.790000915527344,33.29999923706055,31.43891143798828,505800
2024-10-14,33.400001525878906,33.5,33.380001068115234,33.45000076293945,31.580530166625977,357120
2024-10-15,33.599998474121094,33.959999084472656,33.599998474121094,33.93000030517578,32.03369903564453,589147
2024-10-16,33.439998626708984,33.88999938964844,33.439998626708984,33.599998474121094,31.72214126586914,276310
2024-10-17,33.619998931884766,33.720001220703125,33.43000030517578,33.689998626708984,31.80711555480957,200010
2024-10-18,34.560001373291016,34.560001373291016,33.810001373291016,33.900001525878906,32.00537872314453,375400
2024-10-21,34.02000045776367,34.189998626708984,33.970001220703125,34.029998779296875,32.128108978271484,207112
2024-10-22,33.84000015258789,33.90999984741211,33.650001525878906,33.880001068115234,31.98649787902832,140010
2024-10-23,33.810001373291016,33.900001525878906,33.66999816894531,33.849998474121094,31.958168029785156,181010
2024-10-24,33.779998779296875,33.779998779296875,33.560001373291016,33.56999969482422,31.69382095336914,158100
2024-10-25,33.56999969482422,33.70000076293945,33.56999969482422,33.689998626708984,31.80711555480957,315497
2024-10-28,33.779998779296875,33.83000183105469,33.689998626708984,33.790000915527344,31.901527404785156,198029
2024-10-29,33.54999923706055,33.54999923706055,33.16999816894531,33.290000915527344,31.429466247558594,263000
2024-10-30,33.45000076293945,33.540000915527344,33.20000076293945,33.20000076293945,31.344501495361328,237945
2024-11-01,32.93000030517578,33.25,32.75,33.060001373291016,31.212324142456055,373000
2024-11-04,33.099998474121094,33.400001525878906,33.06999969482422,33.400001525878906,31.533323287963867,280015
2024-11-05,33.38999938964844,33.4900016784668,33.310001373291016,33.41999816894531,31.552202224731445,344000
2024-11-06,33.40999984741211,33.90999984741211,33.40999984741211,33.61000061035156,31.731582641601562,157000
2024-11-07,33.599998474121094,33.95000076293945,33.599998474121094,33.849998474121094,31.958168029785156,209147
2024-11-08,34.02000045776367,34.099998474121094,33.900001525878906,33.900001525878906,32.00537872314453,194010
2024-11-11,33.83000183105469,33.83000183105469,33.5,33.70000076293945,31.816553115844727,190061
2024-11-12,33.099998474121094,33.20000076293945,32.95000076293945,32.95000076293945,31.108474731445312,193390
2024-11-13,32.630001068115234,32.79999923706055,32.61000061035156,32.650001525878906,30.825239181518555,231224
2024-11-14,32.650001525878906,32.650001525878906,32.290000915527344,32.36000061035156,30.55144500732422,232275
2024-11-15,32.45000076293945,32.70000076293945,32.400001525878906,32.61000061035156,30.7874755859375,150010
2024-11-18,32.709999084472656,32.709999084472656,32.45000076293945,32.5099983215332,30.69306182861328,169000
2024-11-19,32.560001373291016,32.849998474121094,32.4900016784668,32.72999954223633,30.900766372680664,173000
2024-11-20,32.70000076293945,32.70000076293945,32.70000076293945,32.70000076293945,30.8724422454834,0
2024-11-21,32.5,32.5,32.349998474121094,32.5,30.68362045288086,219096
2024-11-22,32.7599983215332,32.97999954223633,32.75,32.97999954223633,31.136795043945312,167196
2024-11-25,32.970001220703125,33.290000915527344,32.970001220703125,33.130001068115234,31.278413772583008,183030
2024-11-26,32.90999984741211,32.939998626708984,32.75,32.939998626708984,31.09902572631836,158000
2024-11-27,32.849998474121094,32.849998474121094,32.349998474121094,32.400001525878906,30.589210510253906,251120
2024-11-28,32.25,32.25,32.08000183105469,32.189998626708984,30.390945434570312,216000
2024-11-29,31.899999618530273,32.20000076293945,31.799999237060547,32.20000076293945,30.400386810302734,194000
2024-12-02,32.27000045776367,32.5,32.2599983215332,32.5,30.68362045288086,238000
2024-12-03,32.97999954223633,32.97999954223633,32.70000076293945,32.849998474121094,31.014055252075195,164000
2024-12-04,32.58000183105469,32.79999923706055,32.56999969482422,32.79999923706055,30.966854095458984,200001
2024-12-05,32.880001068115234,33.02000045776367,32.84000015258789,33.02000045776367,31.174556732177734,173201
2024-12-06,33.04999923706055,33.09000015258789,32.7400016784668,32.959999084472656,31.11791229248047,224000
2024-12-09,32.959999084472656,32.959999084472656,32.7599983215332,32.810001373291016,30.97629737854004,136087
2024-12-10,32.81999969482422,32.970001220703125,32.70000076293945,32.72999954223633,30.900766372680664,146081
2024-12-11,32.650001525878906,32.72999954223633,32.5,32.56999969482422,30.749710083007812,185063
2024-12-12,32.939998626708984,32.970001220703125,32.81999969482422,32.88999938964844,31.05182456970215,151081
2024-12-13,32.83000183105469,33.0,32.83000183105469,33.0,31.155675888061523,258000
2024-12-16,33.22999954223633,33.33000183105469,32.88999938964844,32.9900016784668,31.146236419677734,139151
2024-12-17,33.0099983215332,33.099998474121094,32.939998626708984,32.9900016784668,31.146236419677734,247165
2024-12-18,32.869998931884766,33.20000076293945,32.869998931884766,33.18000030517578,31.325618743896484,151150
2024-12-19,32.63999938964844,32.63999938964844,32.40999984741211,32.58000183105469,30.7591495513916,193027
2024-12-20,32.31999969482422,32.349998474121094,32.18000030517578,32.279998779296875,30.475915908813477,162025
2024-12-23,32.5099983215332,32.90999984741211,32.5099983215332,32.900001525878906,31.06126594543457,214006
2024-12-24,32.900001525878906,32.97999954223633,32.79999923706055,32.84000015258789,31.004621505737305,135200
2024-12-25,32.84000015258789,32.900001525878906,32.84000015258789,32.900001525878906,31.06126594543457,145000
2024-12-26,32.84000015258789,32.84000015258789,32.77000045776367,32.810001373291016,30.97629737854004,123000
2024-12-27,32.66999816894531,32.88999938964844,32.66999816894531,32.86000061035156,31.02350425720215,152040
2024-12-30,32.81999969482422,32.86000061035156,32.75,32.75,30.919647216796875,60625
2024-12-31,32.68000030517578,32.779998779296875,32.5,32.779998779296875,30.947973251342773,164040
2025-01-02,32.630001068115234,32.630001068115234,32.34000015258789,32.56999969482422,30.749710083007812,155500
2025-01-03,32.61000061035156,32.79999923706055,32.599998474121094,32.720001220703125,30.891324996948242,515000
2025-01-06,32.900001525878906,33.52000045776367,32.900001525878906,33.52000045776367,31.646617889404297,785799
2025-01-07,33.95000076293945,34.099998474121094,33.86000061035156,34.0,32.099788665771484,615100
2025-01-08,33.880001068115234,34.029998779296875,33.81999969482422,33.90999984741211,32.01481628417969,210092
2025-01-09,33.939998626708984,33.959999084472656,33.54999923706055,33.54999923706055,31.674938201904297,184100
2025-01-10,33.45000076293945,33.68000030517578,33.22999954223633,33.470001220703125,31.599411010742188,274000
2025-01-13,33.119998931884766,33.119998931884766,32.400001525878906,32.4900016784668,30.674182891845703,215222
2025-01-14,32.349998474121094,32.599998474121094,32.349998474121094,32.59000015258789,30.768592834472656,183000
2025-01-15,32.59000015258789,32.59000015258789,32.38999938964844,32.4900016784668,30.674182891845703,154065
2025-01-16,33.09000015258789,33.20000076293945,32.939998626708984,33.04999923706055,31.202882766723633,242340
2025-01-17,32.91999816894531,33.0,32.77000045776367,32.880001068115234,31.202882766723633,219000
2025-01-20,33.04999923706055,33.16999816894531,33.04999923706055,33.130001068115234,31.44013214111328,262018
2025-01-21,33.130001068115234,33.33000183105469,33.130001068115234,33.310001373291016,31.610946655273438,230334
2025-01-22,33.5099983215332,33.689998626708984,33.5099983215332,33.689998626708984,31.971567153930664,243605
2025-02-03,32.599998474121094,32.599998474121094,31.93000030517578,32.06999969482422,30.43419647216797,389286
2025-02-04,32.459999084472656,32.59000015258789,32.290000915527344,32.310001373291016,30.661956787109375,180186
2025-02-05,32.459999084472656,32.939998626708984,32.459999084472656,32.86000061035156,31.18390464782715,214183
2025-02-06,33.04999923706055,33.08000183105469,33.0099983215332,33.06999969482422,31.383190155029297,157071
2025-02-07,33.06999969482422,33.380001068115234,33.06999969482422,33.310001373291016,31.610946655273438,165181
2025-02-10,33.11000061035156,33.310001373291016,32.97999954223633,33.20000076293945,31.506561279296875,115093
2025-02-11,33.29999923706055,33.52000045776367,33.290000915527344,33.43000030517578,31.72482681274414,148281
2025-02-12,33.43000030517578,33.43000030517578,33.20000076293945,33.27000045776367,31.572988510131836,146090
2025-02-13,33.29999923706055,33.40999984741211,33.20000076293945,33.400001525878906,31.696359634399414,162087
2025-02-14,33.33000183105469,33.38999938964844,33.22999954223633,33.22999954223633,31.5350284576416,144075
2025-02-17,33.31999969482422,33.61000061035156,33.31999969482422,33.56999969482422,31.85768699645996,311310
2025-02-18,33.59000015258789,33.70000076293945,33.4900016784668,33.70000076293945,31.981054306030273,201035
2025-02-19,34.119998931884766,34.150001525878906,34.0,34.13999938964844,32.39860916137695,406260
2025-02-20,34.130001068115234,34.130001068115234,33.970001220703125,33.97999954223633,32.24677276611328,200024
2025-02-21,33.88999938964844,34.04999923706055,33.849998474121094,34.040000915527344,32.3037109375,248040
2025-02-24,33.79999923706055,33.849998474121094,33.720001220703125,33.84000015258789,32.113914489746094,297005
2025-02-25,33.4900016784668,33.77000045776367,33.4900016784668,33.58000183105469,31.867177963256836,135028
2025-02-26,33.5099983215332,33.72999954223633,33.470001220703125,33.72999954223633,32.009525299072266,115282
2025-02-27,33.630001068115234,33.630001068115234,33.31999969482422,33.369998931884766,31.667888641357422,226000
2025-03-03,32.529998779296875,32.7400016784668,32.400001525878906,32.4900016784668,30.83277702331543,294061
2025-03-04,32.349998474121094,32.400001525878906,32.220001220703125,32.400001525878906,30.747365951538086,282246
2025-03-05,32.400001525878906,32.52000045776367,32.36000061035156,32.52000045776367,30.861244201660156,133005
2025-03-06,32.59000015258789,32.59000015258789,32.400001525878906,32.529998779296875,30.870731353759766,116185
2025-03-07,32.470001220703125,32.470001220703125,32.18000030517578,32.36000061035156,30.70940589904785,145000
2025-03-10,32.20000076293945,32.290000915527344,32.060001373291016,32.290000915527344,30.642976760864258,127000
2025-03-11,31.3799991607666,31.56999969482422,31.18000030517578,31.56999969482422,29.959701538085938,140006
2025-03-12,31.700000762939453,32.13999938964844,31.700000762939453,32.0,30.367767333984375,142000
2025-03-13,32.279998779296875,32.290000915527344,31.899999618530273,31.969999313354492,30.339296340942383,132000
2025-03-14,31.770000457763672,31.940000534057617,31.770000457763672,31.940000534057617,30.310829162597656,126013
2025-03-17,32.220001220703125,32.38999938964844,32.220001220703125,32.2599983215332,30.614503860473633,213061
2025-03-18,32.439998626708984,32.66999816894531,32.439998626708984,32.4900016784668,30.83277702331543,160000
2025-03-19,32.54999923706055,32.560001373291016,32.2400016784668,32.2400016784668,30.59552764892578,171000
2025-03-20,32.70000076293945,32.75,32.54999923706055,32.70000076293945,31.032062530517578,233000
2025-03-21,32.779998779296875,32.900001525878906,32.709999084472656,32.900001525878906,31.22186279296875,168100
2025-03-24,32.900001525878906,32.900001525878906,32.650001525878906,32.650001525878906,30.984615325927734,244000
2025-03-25,32.72999954223633,32.880001068115234,32.619998931884766,32.81999969482422,31.14594078063965,124073
2025-03-26,32.83000183105469,32.959999084472656,32.790000915527344,32.849998474121094,31.174407958984375,134000
2025-03-27,32.5,32.5,32.43000030517578,32.5,30.84226417541504,118000
2025-03-28,32.099998474121094,32.220001220703125,31.8700008392334,31.969999313354492,30.339296340942383,178004
2025-03-31,31.040000915527344,31.280000686645508,30.68000030517578,30.809999465942383,29.238466262817383,225025
2025-04-01,30.809999465942383,31.43000030517578,30.809999465942383,31.329999923706055,29.731943130493164,189000
2025-04-02,31.399999618530273,31.43000030517578,31.3799991607666,31.3799991607666,29.779390335083008,105000
2025-04-07,27.950000762939453,27.950000762939453,26.0,27.420000076293945,26.021381378173828,565050
2025-04-08,27.43000030517578,27.829999923706055,27.110000610351562,27.260000228881836,25.869543075561523,468150
2025-04-09,27.299999237060547,27.299999237060547,26.0,26.1200008392334,24.78769302368164,348000
2025-04-10,29.5,29.5,29.0,29.139999389648438,27.653648376464844,100050
2025-04-11,28.040000915527344,28.940000534057617,27.989999771118164,28.940000534057617,27.463851928710938,188015
2025-04-14,29.799999237060547,29.799999237060547,29.200000762939453,29.3700008392334,27.871917724609375,214000
2025-04-15,29.479999542236328,29.75,29.479999542236328,29.68000030517578,28.166105270385742,134030
2025-04-16,29.280000686645508,29.280000686645508,29.010000228881836,29.100000381469727,27.61568832397461,130011
2025-04-17,28.639999389648438,28.93000030517578,28.56999969482422,28.8700008392334,27.39742088317871,178000
2025-04-18,28.920000076293945,29.260000228881836,28.920000076293945,29.09000015258789,27.606199264526367,112003
2025-04-21,29.0,29.139999389648438,28.899999618530273,28.940000534057617,27.463851928710938,236000
2025-04-22,28.65999984741211,28.65999984741211,28.639999389648438,28.649999618530273,27.188642501831055,102000
2025-04-23,28.959999084472656,29.469999313354492,28.959999084472656,29.450000762939453,27.94783592224121,180538
2025-04-24,29.34000015258789,29.34000015258789,29.18000030517578,29.219999313354492,27.72956657409668,128375
2025-04-25,29.75,29.850000381469727,29.68000030517578,29.850000381469727,28.327434539794922,136015
2025-04-28,29.850000381469727,29.850000381469727,29.790000915527344,29.809999465942383,28.289472579956055,122109
2025-04-29,29.799999237060547,29.899999618530273,29.790000915527344,29.81999969482422,28.29896354675293,121000
2025-04-30,29.790000915527344,29.889999389648438,29.739999771118164,29.760000228881836,28.242023468017578,115119
2025-05-02,29.959999084472656,30.09000015258789,29.959999084472656,30.09000015258789,28.555192947387695,103128
2025-05-05,29.59000015258789,29.760000228881836,29.290000915527344,29.579999923706055,28.071205139160156,268076
2025-05-06,29.420000076293945,29.799999237060547,29.399999618530273,29.790000915527344,28.270492553710938,207311
2025-05-07,30.040000915527344,30.040000915527344,29.829999923706055,29.889999389648438,28.365392684936523,118000
2025-05-08,29.899999618530273,30.0,29.8700008392334,30.0,28.46978187561035,117015
2025-05-09,29.920000076293945,30.1200008392334,29.8799991607666,30.059999465942383,28.526721954345703,122051
2025-05-12,30.25,30.520000457763672,30.239999771118164,30.5,28.944278717041016,235048
2025-05-13,31.020000457763672,31.190000534057617,30.969999313354492,31.040000915527344,29.456735610961914,143082
2025-05-14,31.329999923706055,31.40999984741211,31.31999969482422,31.40999984741211,29.807861328125,174000
2025-05-15,31.40999984741211,31.5,31.389999389648438,31.479999542236328,29.874290466308594,160058
2025-05-16,31.43000030517578,31.459999084472656,31.329999923706055,31.459999084472656,29.855310440063477,138164
2025-05-19,31.1299991607666,31.1299991607666,30.90999984741211,30.90999984741211,29.333364486694336,113016
2025-05-20,31.0,31.040000915527344,30.979999542236328,31.0,29.418777465820312,107002
2025-05-21,31.200000762939453,31.260000228881836,31.049999237060547,31.260000228881836,29.665512084960938,176338
2025-05-22,30.93000030517578,30.969999313354492,30.850000381469727,30.969999313354492,29.39030647277832,114000
2025-05-23,30.959999084472656,30.959999084472656,30.850000381469727,30.889999389648438,29.31438636779785,153101
2025-05-26,30.8700008392334,30.979999542236328,30.850000381469727,30.959999084472656,29.380813598632812,165000
2025-05-27,30.8700008392334,30.8799991607666,30.670000076293945,30.700000762939453,29.134077072143555,197000
2025-05-28,31.100000381469727,31.1200008392334,30.940000534057617,31.0,29.418777465820312,118000
2025-05-29,31.209999084472656,31.299999237060547,31.209999084472656,31.299999237060547,29.703472137451172,122000
2025-06-02,30.989999771118164,30.989999771118164,30.700000762939453,30.709999084472656,29.143566131591797,213050
2025-06-03,30.979999542236328,31.18000030517578,30.950000762939453,31.18000030517578,29.589595794677734,158050
2025-06-04,31.420000076293945,31.579999923706055,31.420000076293945,31.56999969482422,29.959701538085938,138100
2025-06-05,32.029998779296875,32.150001525878906,32.0,32.029998779296875,30.396236419677734,457321
2025-06-06,32.029998779296875,32.08000183105469,32.02000045776367,32.04999923706055,30.41521644592285,111000
2025-06-09,32.29999923706055,32.43000030517578,32.29999923706055,32.40999984741211,30.756853103637695,246032
2025-06-10,32.40999984741211,32.869998931884766,32.40999984741211,32.869998931884766,31.193387985229492,273092
2025-06-11,33.13999938964844,33.27000045776367,33.029998779296875,33.18000030517578,31.487581253051758,196594
2025-06-12,33.08000183105469,33.09000015258789,33.0,33.09000015258789,31.40216827392578,127125
2025-06-13,32.72999954223633,32.72999954223633,32.529998779296875,32.540000915527344,30.880226135253906,317350
2025-06-16,32.40999984741211,32.70000076293945,32.400001525878906,32.70000076293945,31.032062530517578,144022
2025-06-17,33.099998474121094,33.099998474121094,32.790000915527344,32.86000061035156,31.18390464782715,135000
2025-06-18,32.880001068115234,33.08000183105469,32.880001068115234,33.04999923706055,31.36421012878418,208830
2025-06-19,33.060001373291016,33.060001373291016,32.83000183105469,32.9900016784668,31.30727195739746,145000
2025-06-20,32.869998931884766,33.04999923706055,32.79999923706055,33.0,31.31675910949707,127015
2025-06-23,32.7599983215332,33.0,32.7599983215332,33.0,31.31675910949707,185064
2025-06-24,33.75,33.900001525878906,33.720001220703125,33.900001525878906,32.17085647583008,458015
2025-06-25,33.95000076293945,34.29999923706055,33.95000076293945,34.29999923706055,32.550453186035156,310595
2025-06-26,34.29999923706055,34.310001373291016,34.18000030517578,34.25,32.50300216674805,275100
2025-06-27,34.220001220703125,34.22999954223633,34.060001373291016,34.08000183105469,32.3416748046875,209003
2025-06-30,34.02000045776367,34.209999084472656,34.0099983215332,34.06999969482422,32.332183837890625,170009
2025-07-01,34.310001373291016,34.75,34.310001373291016,34.380001068115234,32.626373291015625,156661
2025-07-02,33.959999084472656,34.040000915527344,33.95000076293945,34.02000045776367,32.284732818603516,385105
2025-07-03,34.560001373291016,34.560001373291016,34.470001220703125,34.529998779296875,32.76871871948242,311211
2025-07-04,34.529998779296875,34.599998474121094,34.279998779296875,34.279998779296875,32.531471252441406,156490
2025-07-07,34.060001373291016,34.25,34.060001373291016,34.150001525878906,32.408103942871094,123000
2025-07-08,34.04999923706055,34.099998474121094,33.970001220703125,34.040000915527344,32.3037109375,187020
2025-07-09,34.06999969482422,34.43000030517578,34.040000915527344,34.41999816894531,32.664329528808594,259350
2025-07-10,34.599998474121094,34.79999923706055,34.54999923706055,34.79999923706055,33.02494430541992,249097
2025-07-11,34.810001373291016,35.040000915527344,34.810001373291016,35.040000915527344,33.252708435058594,238226
2025-07-14,34.90999984741211,34.95000076293945,34.81999969482422,34.81999969482422,33.04393005371094,207069
2025-07-15,34.689998626708984,35.150001525878906,34.689998626708984,35.0099983215332,33.22423553466797,259352
2025-07-16,35.0,35.25,35.0,35.15999984741211,33.606563568115234,357072
2025-07-17,35.15999984741211,35.20000076293945,35.040000915527344,35.15999984741211,33.606563568115234,288113
2025-07-18,35.29999923706055,35.470001220703125,35.29999923706055,35.38999938964844,33.82640075683594,275114
2025-07-21,35.5,35.599998474121094,35.4900016784668,35.540000915527344,33.96977615356445,154056
2025-07-22,35.540000915527344,35.70000076293945,35.09000015258789,35.150001525878906,33.59700393676758,261582
2025-07-23,35.2599983215332,35.27000045776367,35.18000030517578,35.2400016784668,33.68302917480469,147000
2025-07-24,35.310001373291016,35.599998474121094,35.310001373291016,35.54999923706055,33.97932815551758,146057
2025-07-25,35.470001220703125,35.540000915527344,35.470001220703125,35.5099983215332,33.941097259521484,113450
2025-07-28,35.5099983215332,35.83000183105469,35.36000061035156,35.83000183105469,34.24696350097656,376085
2025-07-29,35.790000915527344,35.83000183105469,35.650001525878906,35.77000045776367,34.189613342285156,68000
2025-07-30,35.90999984741211,36.25,35.90999984741211,36.20000076293945,34.600616455078125,405089
2025-07-31,36.2400016784668,36.619998931884766,36.2400016784668,36.58000183105469,34.963829040527344,200508
2025-08-01,36.220001220703125,36.220001220703125,36.0099983215332,36.0099983215332,34.41900634765625,203006
2025-08-04,35.79999923706055,36.099998474121094,35.7599983215332,36.06999969482422,34.476356506347656,177050
2025-08-05,36.5099983215332,36.689998626708984,36.5,36.5,34.887359619140625,192071
2025-08-06,36.40999984741211,36.40999984741211,36.130001068115234,36.20000076293945,34.600616455078125,198065
2025-08-07,36.5,37.029998779296875,36.5,37.02000045776367,35.38438415527344,528071
2025-08-08,37.29999923706055,37.349998474121094,37.11000061035156,37.22999954223633,35.585105895996094,1059329
2025-08-11,37.150001525878906,37.470001220703125,37.150001525878906,37.400001525878906,35.747596740722656,265068
2025-08-12,37.52000045776367,37.599998474121094,37.38999938964844,37.459999084472656,35.8049430847168,188200
2025-08-13,37.650001525878906,37.84000015258789,37.540000915527344,37.790000915527344,36.120365142822266,393000
2025-08-14,37.790000915527344,37.849998474121094,37.65999984741211,37.75,36.082130432128906,163000
2025-08-15,37.72999954223633,37.72999954223633,37.540000915527344,37.68000030517578,36.01522445678711,67000
2025-08-18,37.38999938964844,37.81999969482422,37.38999938964844,37.810001373291016,36.13948440551758,228050
2025-08-19,37.810001373291016,37.91999816894531,37.560001373291016,37.560001373291016,35.90052795410156,152000
2025-08-20,37.02000045776367,37.290000915527344,36.75,36.849998474121094,35.221893310546875,198116
2025-08-21,36.849998474121094,37.099998474121094,36.849998474121094,36.970001220703125,35.33659362792969,189185
2025-08-22,37.0,37.0,36.900001525878906,36.90999984741211,35.27924346923828,132000
2025-08-25,37.470001220703125,37.7400016784668,37.470001220703125,37.68000030517578,36.01522445678711,158550
2025-08-26,37.70000076293945,37.70000076293945,37.5,37.619998931884766,35.95787811279297,120412
2025-08-27,37.79999923706055,37.810001373291016,37.709999084472656,37.810001373291016,36.13948440551758,193200
2025-08-28,37.7400016784668,37.810001373291016,37.61000061035156,37.790000915527344,36.120365142822266,367001
2025-08-29,37.79999923706055,37.849998474121094,37.599998474121094,37.599998474121094,35.93875503540039,188000
2025-09-01,37.41999816894531,37.41999816894531,36.939998626708984,36.959999084472656,35.32703399658203,176013
2025-09-02,37.220001220703125,37.22999954223633,36.939998626708984,37.09000015258789,35.4512939453125,146500
2025-09-03,37.040000915527344,37.27000045776367,37.040000915527344,37.27000045776367,35.62334060668945,160000
2025-09-04,37.40999984741211,37.650001525878906,37.369998931884766,37.45000076293945,35.795387268066406,124052
2025-09-05,37.709999084472656,37.83000183105469,37.709999084472656,37.81999969482422,36.14904022216797,260180
2025-09-08,38.060001373291016,38.209999084472656,38.060001373291016,38.150001525878906,36.46445846557617,146030
2025-09-09,38.25,38.720001220703125,38.25,38.689998626708984,36.98059844970703,488000
2025-09-10,39.099998474121094,39.56999969482422,39.099998474121094,39.54999923706055,37.80260467529297,487066
2025-09-11,39.59000015258789,40.040000915527344,39.59000015258789,39.97999954223633,38.21360778808594,327103
2025-09-12,40.06999969482422,40.54999923706055,40.06999969482422,40.529998779296875,38.73930740356445,442446
2025-09-15,40.619998931884766,40.779998779296875,40.599998474121094,40.7400016784668,38.94002914428711,300014
2025-09-16,40.779998779296875,41.349998474121094,40.779998779296875,41.33000183105469,39.503963470458984,344050
2025-09-17,41.20000076293945,41.27000045776367,40.9900016784668,41.04999923706055,39.236331939697266,191000
2025-09-18,41.16999816894531,41.7599983215332,41.16999816894531,41.66999816894531,39.82893753051758,326000
2025-09-19,41.79999923706055,41.79999923706055,41.5,41.650001525878906,39.8098258972168,213051
2025-09-22,41.68000030517578,42.119998931884766,41.68000030517578,42.02000045776367,40.163475036621094,576000
2025-09-23,42.20000076293945,42.689998626708984,42.20000076293945,42.65999984741211,40.77519989013672,554230
2025-09-24,42.650001525878906,42.650001525878906,42.27000045776367,42.400001525878906,40.52668762207031,240000
2025-09-25,42.400001525878906,42.65999984741211,42.400001525878906,42.5099983215332,40.6318244934082,272003
2025-09-26,42.13999938964844,42.13999938964844,41.470001220703125,41.599998474121094,39.762027740478516,248000
2025-09-30,42.02000045776367,42.36000061035156,41.79999923706055,42.279998779296875,40.4119873046875,404020
2025-10-01,42.4900016784668,42.66999816894531,42.36000061035156,42.400001525878906,40.52668762207031,165000
2025-10-02,43.25,43.880001068115234,43.25,43.83000183105469,41.89350891113281,587057
2025-10-03,43.810001373291016,44.20000076293945,43.810001373291016,44.20000076293945,42.24715805053711,337073
2025-10-07,44.599998474121094,44.959999084472656,44.310001373291016,44.90999984741211,42.92578887939453,557000
2025-10-08,44.65999984741211,44.65999984741211,43.880001068115234,44.650001525878906,42.67728042602539,546173
2025-10-09,45.11000061035156,45.54999923706055,45.11000061035156,45.27000045776367,43.26988220214844,274007
2025-10-13,43.06999969482422,44.95000076293945,43.06999969482422,44.630001068115234,42.65816116333008,210056
2025-10-14,45.599998474121094,45.650001525878906,44.400001525878906,44.470001220703125,42.50522994995117,229030
2025-10-15,44.470001220703125,45.18000030517578,44.45000076293945,45.18000030517578,43.183860778808594,158180
2025-10-16,45.400001525878906,46.400001525878906,45.400001525878906,46.400001525878906,44.34996032714844,346071
2025-10-17,46.27000045776367,46.65999984741211,46.27000045776367,46.56999969482422,44.512447357177734,234000
2025-10-20,46.79999923706055,47.29999923706055,46.70000076293945,47.290000915527344,45.20063781738281,259361
2025-10-21,47.66999816894531,48.029998779296875,47.470001220703125,47.47999954223633,45.382240295410156,292300
2025-10-22,46.81999969482422,47.27000045776367,46.81999969482422,47.25,45.16240310668945,242000
2025-10-23,47.119998931884766,47.119998931884766,46.79999923706055,46.810001373291016,44.74184799194336,161000
2025-10-27,48.439998626708984,49.0,48.439998626708984,49.0,46.835086822509766,253404
2025-10-28,49.0,49.0,48.599998474121094,48.61000061035156,46.46231460571289,291350
2025-10-29,49.0,49.52000045776367,48.959999084472656,49.310001373291016,47.13138961791992,331050
2025-10-30,50.5,51.0,49.93000030517578,51.0,48.74671936035156,386228
2025-10-31,51.0,51.29999923706055,50.79999923706055,50.95000076293945,48.69893264770508,310000
2025-11-03,51.849998474121094,51.849998474121094,51.400001525878906,51.75,49.463584899902344,586834
2025-11-04,51.79999923706055,51.849998474121094,50.650001525878906,50.70000076293945,48.45997619628906,452500
2025-11-05,48.15999984741211,49.380001068115234,48.15999984741211,49.290000915527344,47.112274169921875,712021
2025-11-06,49.599998474121094,49.88999938964844,49.220001220703125,49.72999954223633,47.53282928466797,332092
2025-11-07,48.65999984741211,48.900001525878906,48.20000076293945,48.380001068115234,46.24247741699219,510087
2025-11-10,49.31999969482422,49.7599983215332,49.15999984741211,49.7599983215332,47.56150436401367,143042
2025-11-11,50.75,52.0,50.5,50.650001525878906,48.41218566894531,900480
2025-11-12,49.869998931884766,50.0,49.45000076293945,49.88999938964844,47.68576431274414,354000
2025-11-13,49.52000045776367,49.720001220703125,49.459999084472656,49.68000030517578,47.485042572021484,516000
2025-11-14,48.099998474121094,48.47999954223633,47.9900016784668,48.08000183105469,45.95573425292969,325386
2025-11-17,48.5,48.630001068115234,48.16999816894531,48.52000045776367,46.37629318237305,251020
2025-11-18,47.7599983215332,47.7599983215332,46.58000183105469,46.95000076293945,44.87565994262695,532013
2025-11-19,46.630001068115234,46.75,46.310001373291016,46.40999984741211,44.35951614379883,345000
2025-11-20,47.79999923706055,48.20000076293945,47.720001220703125,48.04999923706055,45.927059173583984,309145
2025-11-21,46.43000030517578,46.43000030517578,45.5099983215332,45.720001220703125,43.70000076293945,643010
2025-11-24,46.310001373291016,46.34000015258789,45.77000045776367,46.08000183105469,44.044097900390625,219344
2025-11-25,47.31999969482422,47.31999969482422,46.13999938964844,46.599998474121094,44.54112243652344,768000
2025-11-26,46.79999923706055,47.599998474121094,46.79999923706055,47.52000045776367,45.420475006103516,207036
2025-11-27,48.470001220703125,48.52000045776367,48.209999084472656,48.29999923706055,46.166011810302734,131035
2025-11-28,48.34000015258789,48.34000015258789,48.16999816894531,48.2400016784668,46.108665466308594,37000
2025-12-01,48.189998626708984,48.189998626708984,47.650001525878906,47.72999954223633,45.62119674682617,154030
2025-12-02,47.91999816894531,48.720001220703125,47.91999816894531,48.5099983215332,46.36673355102539,345000
2025-12-03,49.0,49.02000045776367,48.90999984741211,48.91999816894531,46.75861740112305,92001
2025-12-04,48.68000030517578,48.72999954223633,48.38999938964844,48.65999984741211,46.51010513305664,354010
2025-12-05,48.849998474121094,49.060001373291016,48.849998474121094,49.0099983215332,46.84463882446289,159500
2025-12-08,49.04999923706055,49.779998779296875,49.04999923706055,49.77000045776367,47.57106399536133,340611
2025-12-09,49.849998474121094,49.970001220703125,49.0,49.0,46.835086822509766,208336
2025-12-10,49.79999923706055,50.29999923706055,49.75,50.04999923706055,47.83869171142578,268344
2025-12-11,50.349998474121094,50.45000076293945,49.5099983215332,49.5099983215332,47.32255172729492,138000
2025-12-12,49.7599983215332,49.7599983215332,49.31999969482422,49.54999923706055,47.36078643798828,324000
2025-12-15,48.5,48.83000183105469,48.41999816894531,48.72999954223633,46.5770149230957,94001
2025-12-16,48.36000061035156,48.36000061035156,47.81999969482422,47.959999084472656,45.841033935546875,285000
2025-12-17,48.119998931884766,48.25,47.939998626708984,48.040000915527344,45.91749954223633,252000
2025-12-18,48.040000915527344,48.220001220703125,47.95000076293945,48.220001220703125,46.08955001831055,232100
2025-12-19,48.61000061035156,48.849998474121094,48.61000061035156,48.75,46.59613037109375,167040
2025-12-22,49.209999084472656,49.61000061035156,49.209999084472656,49.58000183105469,47.389461517333984,323000
2025-12-23,49.900001525878906,50.0,49.790000915527344,49.880001068115234,47.676204681396484,231000
2025-12-24,50.099998474121094,50.29999923706055,50.04999923706055,50.20000076293945,47.9820671081543,332000
2025-12-26,50.5,51.70000076293945,50.5,51.599998474121094,49.32020950317383,844064
2025-12-29,52.04999923706055,52.599998474121094,52.04999923706055,52.599998474121094,50.276031494140625,384564
2025-12-30,52.650001525878906,52.79999923706055,52.5,52.79999923706055,50.467193603515625,360000
2025-12-31,52.79999923706055,53.099998474121094,52.79999923706055,52.95000076293945,50.61056900024414,243000
2026-01-02,53.25,54.54999923706055,53.0,54.54999923706055,52.13987350463867,459002
2026-01-05,56.54999923706055,57.45000076293945,56.0,56.75,54.24267578125,1044099
2026-01-06,56.099998474121094,57.75,56.099998474121094,57.650001525878906,55.10291290283203,612058
2026-01-07,59.0,59.29999923706055,57.599998474121094,57.79999923706055,55.246280670166016,1263359
2026-01-08,58.29999923706055,58.95000076293945,58.25,58.25,55.6764030456543,1347110
2026-01-09,57.45000076293945,57.900001525878906,56.5,57.5,54.95954132080078,1000080
2026-01-12,58.099998474121094,58.400001525878906,57.79999923706055,57.79999923706055,55.246280670166016,1011000
2026-01-13,58.150001525878906,58.349998474121094,57.29999923706055,57.650001525878906,55.10291290283203,646005
2026-01-14,57.95000076293945,58.20000076293945,57.79999923706055,58.150001525878906,55.5808219909668,808605
2026-01-15,57.849998474121094,58.54999923706055,57.70000076293945,58.5,55.91535568237305,722097
2026-01-16,59.150001525878906,59.75,58.900001525878906,59.75,57.110130310058594,806088
2026-01-19,60.0,60.400001525878906,59.650001525878906,60.29999923706055,57.63582992553711,860100
2026-01-20,59.04999923706055,59.04999923706055,58.099998474121094,59.0,57.3442497253418,581064
2026-01-21,58.54999923706055,58.79999923706055,57.849998474121094,58.04999923706055,56.42090606689453,893000
2026-01-22,59.95000076293945,60.29999923706055,59.849998474121094,59.900001525878906,58.218990325927734,1022846
2026-01-23,60.5,60.54999923706055,59.900001525878906,60.04999923706055,58.36478042602539,791085
2026-01-26,60.54999923706055,60.849998474121094,60.29999923706055,60.400001525878906,58.704959869384766,680300
2026-01-27,60.599998474121094,61.75,60.599998474121094,61.70000076293945,59.968475341796875,982294
2026-01-28,62.70000076293945,64.75,62.70000076293945,64.75,62.93288040161133,1273000
2026-01-29,64.75,67.1500015258789,62.849998474121094,65.80000305175781,63.95341873168945,3662602
2026-01-30,64.5,64.5,62.95000076293945,63.349998474121094,61.57217025756836,3812000
2026-02-02,62.5,62.5,59.849998474121094,60.54999923706055,58.85074996948242,2966260
2026-02-03,62.650001525878906,63.5,61.900001525878906,63.5,61.717960357666016,1171168
2026-02-04,62.45000076293945,63.79999923706055,62.45000076293945,63.54999923706055,61.76655960083008,916417
2026-02-05,62.29999923706055,62.5,61.400001525878906,61.75,60.01707458496094,1443020
2026-02-06,60.349998474121094,61.45000076293945,59.25,60.54999923706055,58.85074996948242,1234197
2026-02-09,63.70000076293945,63.79999923706055,62.900001525878906,63.150001525878906,61.377784729003906,993136
2026-02-10,63.79999923706055,64.19999694824219,63.54999923706055,64.19999694824219,62.3983154296875,796002
2026-02-11,63.95000076293945,65.1500015258789,63.599998474121094,64.94999694824219,63.12726593017578,977235
2026-02-23,70.19999694824219,74.05000305175781,69.5999984741211,73.5,71.43732452392578,5227042
2026-02-24,69.9000015258789,71.94999694824219,69.4000015258789,71.80000305175781,69.7850341796875,7637790
2026-02-25,73.0,73.19999694824219,72.0999984741211,73.0999984741211,71.04855346679688,5604320
2026-02-26,74.9000015258789,75.25,74.0,74.80000305175781,72.70084381103516,6050530
2026-03-02,73.0999984741211,75.44999694824219,72.30000305175781,75.1500015258789,73.04102325439453,5321600
2026-03-03,73.8499984741211,74.05000305175781,70.30000305175781,70.30000305175781,68.32713317871094,8226406
2026-03-04,67.44999694824219,67.44999694824219,64.05000305175781,64.6500015258789,62.835689544677734,11849524
2026-03-05,69.19999694824219,70.19999694824219,67.44999694824219,68.80000305175781,66.86922454833984,7845533
2026-03-06,67.55000305175781,67.75,66.1500015258789,67.25,65.36272430419922,3719564
2026-03-09,61.849998474121094,62.75,61.0,62.75,60.989009857177734,5449665
2026-03-10,65.94999694824219,67.5,65.25,66.4000015258789,64.53657531738281,4414331
2026-03-11,67.9000015258789,69.5,67.9000015258789,69.25,67.30659484863281,3367071
2026-03-12,68.3499984741211,68.6500015258789,67.19999694824219,67.3499984741211,65.45991516113281,2967940
2026-03-13,66.30000305175781,67.55000305175781,66.19999694824219,66.9000015258789,65.02254486083984,2293743
2026-03-16,67.0999984741211,67.69999694824219,66.5999984741211,67.25,65.36272430419922,1604145
2026-03-17,68.55000305175781,69.44999694824219,68.55000305175781,69.30000305175781,67.35519409179688,2828502
2026-03-18,70.5,71.44999694824219,70.5,71.44999694824219,69.44485473632812,3384795
2026-03-19,70.4000015258789,70.80000305175781,69.80000305175781,70.0,68.0355453491211,2992695
2026-03-20,70.0,70.30000305175781,69.0999984741211,69.25,67.30659484863281,1922276
2026-03-23,66.6500015258789,67.0,65.5999984741211,66.4000015258789,64.53657531738281,3215637
2026-03-24,67.44999694824219,67.5,65.8499984741211,66.6500015258789,64.7795639038086,2274436
2026-03-25,68.19999694824219,69.4000015258789,68.19999694824219,68.5,66.57764434814453,1807299
2026-03-26,68.4000015258789,68.4000015258789,66.9000015258789,67.05000305175781,65.16834259033203,2453887
2026-03-27,65.0999984741211,66.5,64.9000015258789,66.5,64.63377380371094,1805000
2026-03-30,64.5,65.1500015258789,64.19999694824219,64.94999694824219,63.12726593017578,1565532
2026-03-31,63.54999923706055,63.79999923706055,62.0,62.099998474121094,60.35725021362305,2235357
2026-04-01,64.0,66.5,64.0,66.5,64.63377380371094,1865215
2026-04-02,67.0,67.25,64.30000305175781,64.3499984741211,62.544105529785156,1751929
2026-04-07,66.5,67.0999984741211,66.25,66.55000305175781,64.682373046875,1417622
2026-04-08,69.75,72.5,69.75,72.19999694824219,70.1738052368164,3857942
2026-04-09,72.30000305175781,72.30000305175781,71.1500015258789,71.6500015258789,69.63924407958984,1675390
2026-04-10,72.5,73.19999694824219,72.5,72.9000015258789,70.85416412353516,1962814
2026-04-13,72.4000015258789,72.75,72.25,72.69999694824219,70.65977478027344,1415706
2026-04-14,74.44999694824219,75.1500015258789,74.19999694824219,74.8499984741211,72.74943542480469,2595401
2026-04-15,76.5,77.44999694824219,76.5,76.80000305175781,74.64472198486328,1968249
2026-04-16,77.05000305175781,77.80000305175781,77.0,77.80000305175781,75.61665344238281,1561471
2026-04-17,77.80000305175781,77.9000015258789,77.25,77.55000305175781,75.37367248535156,1622605
2026-04-20,77.80000305175781,79.0,77.80000305175781,78.4000015258789,76.19981384277344,1195368
2026-04-21,79.5999984741211,81.0,79.5999984741211,81.0,78.72685241699219,1214412
2026-04-22,80.94999694824219,81.5,80.75,81.44999694824219,79.16421508789062,1028258
2026-04-23,83.25,83.94999694824219,79.05000305175781,80.5999984741211,78.33807373046875,2721868
2026-04-24,81.25,82.4000015258789,80.9000015258789,81.69999694824219,79.4072036743164,4236070
2026-04-27,83.6500015258789,85.30000305175781,83.6500015258789,85.19999694824219,82.80897521972656,2282205
2026-04-28,85.5,86.5,85.30000305175781,85.4000015258789,83.00337219238281,900257
2026-04-29,84.9000015258789,85.4000015258789,83.69999694824219,84.94999694824219,82.56599426269531,1441250
2026-04-30,85.44999694824219,86.0,84.5999984741211,84.9000015258789,82.51740264892578,1139173
2026-05-04,87.5,89.80000305175781,86.80000305175781,89.75,87.23129272460938,1161202
2026-05-05,89.75,90.0999984741211,89.5,90.0999984741211,87.57147216796875,1052783
2026-05-06,94.0999984741211,97.0,94.0,97.0,94.27783203125,3527064
2026-05-07,98.5999984741211,101.0,96.3499984741211,96.75,94.03484344482422,5479057
2026-05-08,96.5,96.80000305175781,94.44999694824219,95.30000305175781,92.62554168701172,4302051
2026-05-11,100.5999984741211,100.80000305175781,99.0,100.69999694824219,97.87399291992188,4724857
2026-05-12,102.0,102.19999694824219,98.44999694824219,100.0,97.19364166259766,4078782
2026-05-13,97.5,100.25,96.5999984741211,100.05000305175781,97.24224090576172,2958130
2026-05-14,100.75,102.0,100.05000305175781,100.05000305175781,97.24224090576172,2208457
2026-05-15,101.19999694824219,101.4000015258789,96.4000015258789,97.0,94.27783203125,3396770
2026-05-18,95.0,97.9000015258789,94.19999694824219,96.9000015258789,94.1806411743164,2671721
2026-05-19,95.69999694824219,95.9000015258789,94.0,94.05000305175781,91.4106216430664,2280689
2026-05-20,93.55000305175781,94.69999694824219,92.80000305175781,92.94999694824219,90.34148406982422,2304178
2026-05-21,96.94999694824219,99.75,96.94999694824219,99.5,96.70767211914062,2346332
2026-05-22,100.25,101.19999694824219,99.80000305175781,101.19999694824219,98.3599624633789,1772001
2026-05-25,102.5999984741211,105.0,102.55000305175781,105.0,102.0533218383789,2656302
2026-05-26,106.8499984741211,107.9000015258789,105.4000015258789,106.6500015258789,103.65702056884766,2340730
2026-05-27,111.0999984741211,113.69999694824219,111.0999984741211,111.6500015258789,108.5167007446289,6003120
2026-05-28,112.0999984741211,112.0999984741211,106.19999694824219,108.30000305175781,105.2607192993164,4953917
2026-05-29,111.6500015258789,113.19999694824219,111.5999984741211,112.8499984741211,109.68302154541016,3425865
2026-06-01,115.0,117.6500015258789,114.8499984741211,116.3499984741211,113.08480072021484,5915712
2026-06-02,116.94999694824219,117.0,114.0999984741211,116.44999694824219,113.18199157714844,4927100
2026-06-03,118.25,120.9000015258789,118.25,119.6500015258789,116.29219055175781,4880236
2026-06-04,117.44999694824219,117.80000305175781,115.0,115.25,112.01567077636719,8245464
2026-06-05,110.0,112.0,107.5,110.5,107.39897155761719,9811263
2026-06-08,100.4000015258789,105.8499984741211,100.4000015258789,104.6500015258789,101.71315002441406,7823988
2026-06-09,106.4000015258789,110.5,105.0999984741211,109.75,106.6700210571289,3520208
2026-06-10,108.1500015258789,109.19999694824219,103.55000305175781,103.6500015258789,100.7412109375,4568696
2026-06-11,103.4000015258789,105.9000015258789,101.5,104.55000305175781,101.61595153808594,3931990
2026-06-12,111.8499984741211,112.44999694824219,109.30000305175781,109.80000305175781,106.71862030029297,4748284
2026-06-15,113.8499984741211,114.0999984741211,112.30000305175781,113.0,109.82881164550781,2728624
2026-06-16,114.5,114.5,112.75,113.8499984741211,110.65496063232422,2665268
2026-06-17,112.80000305175781,115.05000305175781,112.5999984741211,115.05000305175781,111.8212890625,2712713
2026-06-18,116.55000305175781,118.4000015258789,116.4000015258789,118.4000015258789,115.0772705078125,3091426
2026-06-22,122.30000305175781,123.30000305175781,121.55000305175781,122.6500015258789,119.20800018310547,4181128
2026-06-23,122.0,122.05000305175781,116.69999694824219,116.69999694824219,113.42497253417969,7861180
2026-06-24,115.0,116.44999694824219,113.0,115.94999694824219,112.6960220336914,5568207
2026-06-25,118.75,119.80000305175781,117.4000015258789,119.80000305175781,116.43798065185547,3498034
2026-06-26,117.30000305175781,117.94999694824219,112.4000015258789,113.5,110.31478118896484,5499963
2026-06-29,113.44999694824219,114.5,111.5999984741211,112.0,108.85688018798828,2720147
2026-06-30,113.9000015258789,117.1500015258789,113.9000015258789,116.8499984741211,113.57077026367188,2922720
2026-07-01,116.9000015258789,116.9000015258789,114.05000305175781,115.5999984741211,112.35585021972656,2722728
2026-07-02,111.0,113.4000015258789,110.30000305175781,112.0999984741211,108.95407104492188,3793386
2026-07-03,109.0,113.5999984741211,108.25,113.0999984741211,109.9260025024414,2720252
2026-07-06,114.80000305175781,115.0999984741211,111.0,112.5999984741211,109.4400405883789,2690634
2026-07-07,111.44999694824219,111.5,106.80000305175781,107.4000015258789,104.38597106933594,4519816
2026-07-08,109.1500015258789,109.94999694824219,105.75,106.3499984741211,103.36543273925781,2929531
2026-07-09,108.30000305175781,108.75,105.6500015258789,106.55000305175781,103.55982971191406,3129141
2026-07-10,106.55000305175781,106.55000305175781,106.55000305175781,106.55000305175781,103.55982971191406,0
2026-07-13,107.0,107.44999694824219,103.0,103.0,100.10945129394531,3783566
2026-07-14,103.0,104.0,97.80000305175781,102.5,99.62348175048828,6495919
2026-07-15,106.19999694824219,107.80000305175781,105.44999694824219,106.9000015258789,103.9000015258789,3959091
2026-07-16,100.5,101.5,99.25,101.30000305175781,101.30000305175781,3251080
2026-07-17,98.5999984741211,98.5999984741211,93.05000305175781,93.05000305175781,93.05000305175781,6080296
2026-07-20,94.8499984741211,95.5999984741211,93.05000305175781,93.6500015258789,93.6500015258789,4249129
2026-07-21,94.69999694824219,98.4000015258789,94.69999694824219,97.75,97.75,2430914
2026-07-22,102.0999984741211,102.44999694824219,100.05000305175781,100.0999984741211,100.0999984741211,2422242
2026-07-23,101.75,102.30000305175781,99.75,101.5,101.5,1812658
2026-07-24,99.30000305175781,99.80000305175781,96.9000015258789,97.5,97.5,2493454
2026-07-27,97.9000015258789,97.9000015258789,95.4000015258789,97.9000015258789,97.9000015258789,2331540
2026-07-28,92.0,92.0,89.55000305175781,89.80000305175781,89.80000305175781,5209108
2026-07-29,90.0,90.6500015258789,82.0999984741211,84.5999984741211,84.5999984741211,7293380
2026-07-30,84.05000305175781,88.1500015258789,83.3499984741211,83.69999694824219,83.69999694824219,7166060
2026-07-31,95.75,98.0,94.25,97.9000015258789,97.9000015258789,8959522
2026-08-03,95.75,96.5999984741211,94.8499984741211,95.5,95.5,4927094
2026-08-04,94.19999694824219,96.4000015258789,93.44999694824219,94.75,94.75,3818531
2026-08-05,100.0,100.0,98.0,98.69999694824219,98.69999694824219,4430729
2026-08-06,96.30000305175781,97.3499984741211,95.69999694824219,96.9000015258789,96.9000015258789,2587050
2026-08-07,97.0999984741211,97.1500015258789,95.0,95.55000305175781,95.55000305175781,2088428
2026-08-10,96.44999694824219,97.69999694824219,96.30000305175781,96.94999694824219,96.94999694824219,2574683
2026-08-11,96.1500015258789,98.0,95.69999694824219,97.80000305175781,97.80000305175781,1781730
2026-08-12,99.0999984741211,100.80000305175781,98.75,100.5,100.5,3354616
2026-08-13,103.5,103.75,102.80000305175781,103.5999984741211,103.5999984741211,2970691
2026-08-14,104.9000015258789,104.94999694824219,102.75,103.0999984741211,103.0999984741211,3331292
2026-08-17,104.1500015258789,104.4000015258789,103.4000015258789,104.05000305175781,104.05000305175781,1564752
2026-08-18,106.0,106.0,102.0,102.0,102.0,2722892
2026-08-19,97.44999694824219,99.75,97.44999694824219,98.75,98.75,2650710
2026-08-20,101.75,102.0999984741211,100.69999694824219,101.75,101.75,2410959
2026-08-21,102.0,103.55000305175781,101.19999694824219,103.4000015258789,103.4000015258789,2363773
2026-08-24,103.0,103.0,100.80000305175781,101.0,101.0,1379864
2026-08-25,99.55000305175781,101.44999694824219,98.1500015258789,101.44999694824219,101.44999694824219,1929417
2026-08-26,100.9000015258789,103.0999984741211,100.69999694824219,102.6500015258789,102.6500015258789,1787037
2026-08-27,103.5999984741211,104.30000305175781,103.0999984741211,103.30000305175781,103.30000305175781,1702209
2026-08-28,104.0,104.19999694824219,103.30000305175781,103.4000015258789,103.4000015258789,1716573
2026-08-31,101.80000305175781,102.75,100.69999694824219,102.69999694824219,102.69999694824219,1739105
2026-09-01,103.30000305175781,104.9000015258789,103.30000305175781,104.5,104.5,2133596
2026-09-02,103.6500015258789,103.6500015258789,102.05000305175781,102.3499984741211,102.3499984741211,1065295
2026-09-03,102.5999984741211,103.05000305175781,100.44999694824219,100.5999984741211,100.5999984741211,1653389
2026-09-04,103.0,104.0999984741211,102.05000305175781,104.05000305175781,104.05000305175781,1563775
2026-09-07,106.0,106.8499984741211,105.75,106.8499984741211,106.8499984741211,2477542
2026-09-08,107.69999694824219,108.25,106.94999694824219,107.05000305175781,107.05000305175781,2115482
2026-09-09,107.55000305175781,108.1500015258789,106.94999694824219,107.05000305175781,107.05000305175781,1462690
2026-09-10,106.69999694824219,107.0999984741211,105.5,107.0,107.0,864433
2026-09-11,104.8499984741211,104.8499984741211,103.69999694824219,104.25,104.25,1532654
2026-09-14,101.69999694824219,103.0999984741211,101.4000015258789,,,1135941
